title_display,primary_category,postings,median_salary,avg_applications,avg_views,opportunity_score,competition_level
(B) Lorry Driver (Class 4 License) Up To $4000,Logistics / Supply Chain,26,3750.0,0.3076923076923077,8.76923076923077,25.4,Low
(B) Nurse Assistant,Healthcare / Pharmaceutical,33,3000.0,0.36363636363636365,8.666666666666666,26.7,Low
(J) Business Development Manager (Contract),Customer Service,20,5750.0,0.6,3.0,26.3,Low
(J) Class 4 Driver (Gross Up3.5K / 5 Days),General Work,26,3250.0,0.0,2.3076923076923075,25.9,Low
(J) Delivery Assistant,General Work,23,2850.0,0.17391304347826086,4.0,23.5,Low
(J) Head Carpenter,Building and Construction,35,3750.0,0.0,3.657142857142857,28.8,Low
(J) Lift Supervisor (Maintenance),Building and Construction,22,3000.0,0.09090909090909091,1.5,23.9,Low
(J) Logistics Cum Warehouse Assistant,Admin / Secretarial,25,2300.0,1.08,18.24,20.0,Medium
(J) Planner (Manufacturing),Admin / Secretarial,25,2500.0,0.12,2.68,23.6,Low
(J) Plastic Molding Injection Program Engineer (Manufacturing),Engineering,24,3250.0,0.08333333333333333,11.166666666666666,24.9,Low
(J) Plastic Molding Injection Program Manager - (Molding / Manufacturing),Engineering,26,4000.0,0.2692307692307692,7.038461538461538,26.0,Low
(J) Quality Engineer (Npi),Engineering,22,3200.0,0.045454545454545456,2.6363636363636362,24.5,Low
(J) Regional Sales Manager,Engineering,33,5100.0,3.6666666666666665,19.272727272727273,22.7,Medium
(J) Sales Support / Coordinator (Manufacturing),Admin / Secretarial,24,3500.0,0.4583333333333333,4.375,23.8,Low
(J) Warehouse Supervisor - [Manufacturing Goods],General Management,22,3000.0,0.18181818181818182,2.909090909090909,23.4,Low
(Jc) (Soldering & Tuning) Testing Technician - Electronic Manufacturing,General Work,22,2600.0,0.09090909090909091,2.4545454545454546,24.5,Low
(Jc) Accounts Assistant (Tuas),Accounting / Auditing / Taxation,23,2125.0,0.34782608695652173,8.91304347826087,21.4,Low
(Jc) Accounts Executive (Ar),Accounting / Auditing / Taxation,58,3150.0,0.25862068965517243,7.293103448275862,29.8,Low
(Jc) Accounts Executive (Ar) - $3300,Accounting / Auditing / Taxation,26,3150.0,0.3076923076923077,13.384615384615385,24.3,Low
(Jc) Assistant Merchandising Manager - $5000,Sales / Retail,24,4750.0,0.3333333333333333,7.375,26.6,Low
(Jc) Channel Marketing Assistant Manager,Marketing / Public Relations,23,3900.0,0.043478260869565216,2.739130434782609,26.1,Low
(Jc) Class 3 Driver Changi - $2400,General Work,27,2300.0,0.14814814814814814,10.444444444444445,23.6,Low
(Jc) Class 4 Driver (Gross Up3.5K / 5 Days),General Work,26,3250.0,0.0,3.9615384615384617,25.9,Low
(Jc) Class 4 Driver Changi - $2400,General Work,27,2300.0,0.0,8.37037037037037,24.4,Low
(Jc) Delivery Assistant,General Work,35,2850.0,0.05714285714285714,3.8285714285714287,26.8,Low
(Jc) Delivery Assistant - $2600,General Work,48,2850.0,0.08333333333333333,7.875,28.7,Low
(Jc) Dishwasher,F&B,69,1800.0,0.0,6.927536231884058,29.6,Low
(Jc) Ecommerce Manager,Customer Service,21,4750.0,0.09523809523809523,2.5238095238095237,26.8,Low
(Jc) Head Carpenter,Building and Construction,20,3750.0,0.0,0.85,25.1,Low
(Jc) Kitchen And Sushi Helper,General Work,26,2375.0,0.038461538461538464,2.1153846153846154,24.1,Low
(Jc) Kitchen Helper (Japanese Restaurant),General Work,79,2200.0,0.0,6.10126582278481,31.3,Low
(Jc) Lift Technician (Maintenance),Engineering,56,2850.0,0.16071428571428573,7.160714285714286,29.4,Low
(Jc) Lorry Class 4 Driver - $3500,General Work,21,3250.0,0.0,7.0476190476190474,24.5,Low
(Jc) Mechanic (Motorcycle),General Work,27,2250.0,0.0,2.2222222222222223,24.3,Low
(Jc) Mechanical Design Engineer - $2800,Design,21,2900.0,0.23809523809523808,11.380952380952381,22.7,Low
(Jc) Motorcycle Mechanic,General Work,21,2250.0,0.0,5.380952380952381,22.6,Low
(Jc) No Exp Req [Production Operator] - ( 5 Days / Woodlands / Aws + Bonus),General Work,26,1700.0,0.0,6.576923076923077,23.0,Low
(Jc) Office Cleaner,General Work,21,1950.0,0.14285714285714285,5.142857142857143,21.4,Low
(Jc) Planner (Manufacturing),Admin / Secretarial,28,2500.0,0.0,2.5357142857142856,25.0,Low
(Jc) Plant Engineer (Electrical) - Jurong Island,Engineering,28,4000.0,0.21428571428571427,2.4642857142857144,26.7,Low
(Jc) Plant Engineer (プラントエンジニア) - Jurong Island,Engineering,27,4000.0,0.18518518518518517,4.518518518518518,26.6,Low
(Jc) Plant Engineer (プラントエンジニア) - Jurong Island - $5000,Engineering,43,4000.0,0.11627906976744186,8.209302325581396,30.0,Low
(Jc) Plastic Molding Injection Program Manager - (Molding / Manufacturing),Engineering,26,4000.0,0.11538461538461539,2.576923076923077,26.7,Low
(Jc) Production Department Manager - Chemical Manufacturing / Jurong Island,Engineering,25,6250.0,0.28,5.16,29.9,Low
(Jc) Production Department Manager - Chemical Manufacturing / Jurong Island - $6500,Engineering,43,6250.0,0.18604651162790697,7.604651162790698,33.9,Low
(Jc) Production Engineer (Plastic Injection Molding Industry),Engineering,25,3150.0,0.08,2.4,25.0,Low
(Jc) Production Operator - ( 5 Days / Woodlands / Aws + Bonus) - $1900,General Work,25,1700.0,0.0,14.2,22.7,Low
(Jc) Purchasing Administrator,Admin / Secretarial,30,2600.0,0.16666666666666666,2.9,24.8,Low
(Jc) Qc Engineer,Engineering,22,4350.0,0.13636363636363635,2.8636363636363638,26.2,Low
(Jc) Quality Engineer (Manufacturing Process),Engineering,31,3100.0,0.03225806451612903,3.0,26.6,Low
(Jc) Quality Engineer (Manufacturing Process) - $3500,Engineering,39,3100.0,0.38461538461538464,8.897435897435898,26.5,Low
(Jc) Regional Sales Manager,Engineering,22,5100.0,0.4090909090909091,4.818181818181818,26.4,Low
(Jc) Sales Admin Assistant,F&B,21,2400.0,0.2857142857142857,5.761904761904762,21.6,Low
(Jc) Sales Engineer (Electrical)-$4500,Sales / Retail,44,3750.0,0.045454545454545456,7.409090909090909,30.0,Low
(Jc) Sales Executive (Motorcycle),General Work,27,2250.0,0.037037037037037035,3.2962962962962963,24.1,Low
(Jc) Senior Carpenter,Building and Construction,60,2650.0,0.0,5.816666666666666,30.3,Low
(Jc) Senior Logistics Officer (Pioneer) - $2900,Admin / Secretarial,21,2800.0,0.0,9.619047619047619,23.7,Low
(Jc) Senior Merchandiser - $4000,Sales / Retail,24,3500.0,0.16666666666666666,6.875,25.0,Low
(Jc) Service Engineer (Field Site),Engineering,51,3250.0,0.13725490196078433,3.803921568627451,29.6,Low
(Jc) Service Engineer (Field Site) - $3000,Engineering,48,2750.0,0.20833333333333334,8.083333333333334,28.0,Low
(Jc) Service Engineer E1 (Field Site) - $2600,Engineering,48,2550.0,0.08333333333333333,6.770833333333333,28.2,Low
(Jc) Van Sales Representative (Woodlands),F&B,27,2000.0,0.0,2.6666666666666665,23.8,Low
(Jc) Van Sales Representative (Woodlands) - $2800,F&B,25,2000.0,0.04,6.2,23.1,Low
(Jc) Warehouse Assistant (Pioneer) - $2400,General Work,27,2200.0,0.037037037037037035,8.333333333333334,24.0,Low
(Jc) Warehouse Coordinator (Pioneer) - $2500,Admin / Secretarial,26,2300.0,0.038461538461538464,8.73076923076923,23.9,Low
(Jcoc) Purchasing Officer/Executive (Chemicals) - $3000,Admin / Secretarial,22,2500.0,0.045454545454545456,9.227272727272727,23.2,Low
(Jcoc) Supply Chain Coordinator - Jurong Island,Engineering,24,2750.0,0.2916666666666667,2.9583333333333335,23.1,Low
(Jcoc) Supply Chain Coordinator - Jurong Island - $3300,Engineering,42,2750.0,0.09523809523809523,6.642857142857143,27.6,Low
(Jcor) Annual Inspector - Escalator & Elevator Industry ($4400),Customer Service,45,3800.0,0.08888888888888889,6.288888888888889,30.1,Low
(Joc) Warehouse Assistant (Serangoon/Loyang) - $2500,General Work,21,2150.0,0.047619047619047616,6.476190476190476,22.2,Low
(K) No Exp Req - Delivery Assistant (Gross Up $3K),General Work,23,2850.0,0.21739130434782608,7.086956521739131,23.3,Low
(Night Club) General Manager,General Management,31,9750.0,0.41935483870967744,6.838709677419355,38.8,Low
(Student / Fresh Entry / Mid-Career) Financial Advisor (Hybrid Work),Banking and Finance,63,4150.0,0.15873015873015872,11.015873015873016,36.1,Low
(Student / Fresh Graduates) Financial Advisor,Banking and Finance,93,3500.0,0.03225806451612903,4.096774193548387,40.5,Low
*** $12 Per Hour Part Time Waiters & Waitresses Wanted @ East Coast Road (5 Vacancies) ***,F&B,32,1200.0,0.0625,10.71875,26.2,Low
*** Bartender / Barman Wanted @ East Coast Road ***,F&B,31,2900.0,0.06451612903225806,4.870967741935484,27.4,Low
*** Head Chef Wanted @ East Coast Road ***,F&B,84,4600.0,0.11904761904761904,2.011904761904762,35.6,Low
*** Sous Chef Wanted @ East Coast Road ***,F&B,72,3600.0,0.08333333333333333,3.6805555555555554,32.9,Low
*Fast Hire* 3- 6 Months Contract Admin Assistant (Up To $2600) #Nje,Admin / Secretarial,30,2300.0,0.6,4.9,25.7,Low
"*Intern* Clinic Receptionist (No Experience Needed, Office Hrs) #Hvw",Customer Service,33,2600.0,0.15151515151515152,2.3636363636363638,26.8,Low
-Appointment Setting Executive,Insurance,122,6500.0,0.4918032786885246,6.573770491803279,40.1,Low
-Appointment Setting Officer,Consulting,118,4500.0,0.3983050847457627,5.627118644067797,38.6,Low
-Customer Admin Officer,Admin / Secretarial,120,4500.0,0.8583333333333333,16.283333333333335,36.4,Low
-Customer Support Executive,Admin / Secretarial,119,4750.0,0.5294117647058824,8.571428571428571,37.9,Low
-Human Resource & Administrative Officer (Hr & Admin),Human Resources,118,4250.0,1.0932203389830508,21.805084745762713,37.0,Medium
-Recruitment Officer,Admin / Secretarial,120,1640.0,0.3,5.566666666666666,31.6,Low
-Social Media Executive,Consulting,120,6000.0,0.38333333333333336,6.2,39.4,Low
-Social Media Wfh Officer,Customer Service,119,4750.0,0.6218487394957983,10.974789915966387,37.6,Low
-Work From Home- Financial Sales Officer,Professional Services,121,4250.0,0.35537190082644626,10.429752066115702,40.4,Low
.Net Developer,Information Technology,198,6750.0,0.8080808080808081,17.2020202020202,44.7,Low
1 Year Contract Customer Service Agent (Office Hour) #Hty,Healthcare / Pharmaceutical,21,3500.0,0.14285714285714285,3.7142857142857144,28.9,Low
"2-4 Month Patient Service Associate (Office Hours, No Experience Needed, Multiple Locations!) #Hvw",Customer Service,23,2500.0,0.21739130434782608,5.217391304347826,24.0,Low
3195-Accounts Executive [Full Set],Accounting / Auditing / Taxation,20,3250.0,0.2,10.35,23.2,Low
3195-Childcare Principal & Teacher (Dpl/Dpt/Acey/Cpt/Hcic) Islandwide!!,Education and Training,26,3250.0,0.07692307692307693,6.346153846153846,25.5,Low
3195-Outdoor Sales Executive,Sales / Retail,27,3650.0,0.18518518518518517,16.037037037037038,26.0,Low
3D Designer,Architecture / Interior Design,20,3500.0,2.75,56.9,18.3,Medium
3D Renderer,Architecture / Interior Design,29,4000.0,0.41379310344827586,18.20689655172414,26.9,Low
6723-Childcare Cleaner / Childcare Cook [Islandwide],General Work,20,1600.0,0.45,16.6,19.1,Low
6723-Technical Sales Engineer/ Product Sales Engineer [Plc |Up To $3.5K |Training Provided],Engineering,34,3100.0,0.08823529411764706,3.4411764705882355,26.9,Low
Aba Therapist #65954,Education and Training,36,2700.0,0.19444444444444445,4.138888888888889,28.2,Low
Account,Accounting / Auditing / Taxation,35,3250.0,1.6,55.857142857142854,23.4,Medium
Account & Admin Assistant,Accounting / Auditing / Taxation,25,2500.0,2.8,69.12,20.3,Medium
Account Assistant,Accounting / Auditing / Taxation,703,2650.0,3.681365576102418,91.61450924608819,40.2,Medium
Account Assistant,Building and Construction,25,2650.0,4.16,94.32,17.4,Medium
Account Assistant / Account Executive,Accounting / Auditing / Taxation,37,2900.0,1.1081081081081081,49.62162162162162,24.8,Medium
Account Assistant Manager,Accounting / Auditing / Taxation,23,4600.0,0.8260869565217391,15.08695652173913,28.7,Low
Account Assistant Manager,Admin / Secretarial,21,4500.0,0.42857142857142855,5.857142857142857,28.7,Low
Account Cum Admin,Accounting / Auditing / Taxation,43,2650.0,1.3953488372093024,40.7906976744186,23.4,Medium
Account Cum Admin Assistant,Accounting / Auditing / Taxation,85,2600.0,1.411764705882353,50.917647058823526,28.1,Medium
Account Cum Admin Executive,Accounting / Auditing / Taxation,31,3000.0,1.3870967741935485,41.87096774193548,22.3,Medium
Account Director,Advertising / Media,30,8500.0,3.7666666666666666,34.2,29.1,Medium
Account Executive,Accounting / Auditing / Taxation,1318,3200.0,2.7488619119878606,60.262518968133534,45.8,Medium
Account Executive,Advertising / Media,58,3000.0,1.4482758620689655,38.793103448275865,26.6,Medium
Account Executive,Building and Construction,26,3500.0,2.1153846153846154,43.0,21.5,Medium
Account Executive,Information Technology,30,11250.0,1.8,32.2,38.0,Medium
"Account Executive (Advertising Agency, Up To $4,000)",Advertising / Media,29,3500.0,0.27586206896551724,5.482758620689655,25.8,Low
Account Executive (It Solutions),Information Technology,37,3000.0,0.16216216216216217,10.972972972972974,26.9,Low
Account Executive Cum Admin,Accounting / Auditing / Taxation,21,3650.0,6.523809523809524,88.61904761904762,15.0,High
Account Manager,Accounting / Auditing / Taxation,117,5500.0,2.3504273504273505,33.78632478632478,34.2,Medium
Account Manager,Advertising / Media,73,4600.0,2.9315068493150687,32.24657534246575,28.8,Medium
Account Manager,Consulting,33,5200.0,2.9393939393939394,26.696969696969695,24.7,Medium
Account Manager,Customer Service,72,4750.0,3.4583333333333335,38.81944444444444,28.2,Medium
Account Manager,Engineering,38,4500.0,0.7105263157894737,13.789473684210526,29.6,Low
Account Manager,Information Technology,76,5000.0,3.75,33.71052631578947,28.4,Medium
Account Manager,Marketing / Public Relations,29,5000.0,6.655172413793103,59.6551724137931,19.7,High
Account Manager,Sales / Retail,91,4750.0,3.681318681318681,37.582417582417584,29.7,Medium
Account Manager #65859,Sales / Retail,26,3000.0,0.038461538461538464,2.923076923076923,27.3,Low
"Account Manager (Manufacturing, Semiconductor, Electronics/ North)",Engineering,35,5750.0,1.1142857142857143,18.37142857142857,30.6,Medium
Account Manager (Software),Information Technology,32,5750.0,0.09375,1.375,35.3,Low
Account Officer,Accounting / Auditing / Taxation,24,2825.0,2.25,49.958333333333336,19.1,Medium
Account Payable,Accounting / Auditing / Taxation,22,2800.0,2.090909090909091,66.77272727272727,18.3,Medium
Accountant,Accounting / Auditing / Taxation,1862,4300.0,6.681525241675618,84.55639097744361,46.2,High
Accountant,Banking and Finance,20,4875.0,3.25,74.15,20.0,Medium
Accountant,Building and Construction,20,4050.0,4.55,50.2,17.3,Medium
Accountant,F&B,27,7500.0,0.6296296296296297,14.148148148148149,32.7,Low
Accountant #65784,Accounting / Auditing / Taxation,23,4500.0,0.34782608695652173,9.391304347826088,27.9,Low
Accountant (3 Months Contract) Manufacturing Mnc,Accounting / Auditing / Taxation,29,6250.0,0.2413793103448276,1.896551724137931,31.0,Low
Accountant (Distribution),Accounting / Auditing / Taxation,22,5000.0,0.09090909090909091,2.090909090909091,27.6,Low
Accountant (Group Consolidation / 6 Month) Hospitality Mnc,Accounting / Auditing / Taxation,37,5500.0,0.32432432432432434,3.5135135135135136,30.9,Low
"Accountant (Tuas, Marine/Construction)",Accounting / Auditing / Taxation,23,4500.0,0.13043478260869565,1.9565217391304348,26.8,Low
Accountant / F&B Mnc / North / 3 Months Contract,Accounting / Auditing / Taxation,25,6250.0,0.04,1.76,31.0,Low
Accountant / Senior Accountant,Accounting / Auditing / Taxation,33,4900.0,5.96969696969697,70.57575757575758,20.3,High
Accountant Assistant,Accounting / Auditing / Taxation,27,3100.0,5.962962962962963,140.1851851851852,17.0,High
Accountant Executive,Accounting / Auditing / Taxation,24,3325.0,1.25,40.541666666666664,21.8,Medium
Accounting Analyst,Accounting / Auditing / Taxation,21,4500.0,2.7142857142857144,37.285714285714285,20.6,Medium
Accounting And Tax Manager (Oil & Gas Mnc),Accounting / Auditing / Taxation,38,9000.0,0.42105263157894735,5.578947368421052,37.2,Low
Accounting Assistant,Accounting / Auditing / Taxation,43,2700.0,3.1627906976744184,95.51162790697674,21.8,Medium
Accounting Executive,Accounting / Auditing / Taxation,244,2700.0,1.3319672131147542,34.69672131147541,35.6,Medium
Accounting Executive (Tax),Accounting / Auditing / Taxation,56,3150.0,0.4107142857142857,9.75,30.3,Low
Accounting Executive/Supervisor,Accounting / Auditing / Taxation,49,3050.0,0.1836734693877551,12.795918367346939,28.8,Low
Accounting Manager,Accounting / Auditing / Taxation,185,6250.0,4.47027027027027,48.86486486486486,36.6,Medium
Accounting Officer,Accounting / Auditing / Taxation,91,3650.0,2.6483516483516483,38.417582417582416,29.0,Medium
Accounting Programmer,Accounting / Auditing / Taxation,21,5850.0,0.3333333333333333,11.238095238095237,30.5,Low
Accounting Specialist,Accounting / Auditing / Taxation,24,4575.0,4.125,74.45833333333333,20.0,Medium
Accounting Supervisor,Accounting / Auditing / Taxation,148,3000.0,0.28378378378378377,10.85135135135135,35.7,Low
Accounts,Accounting / Auditing / Taxation,35,3250.0,5.228571428571429,77.54285714285714,18.5,High
Accounts & Admin Assistant,Accounting / Auditing / Taxation,57,2450.0,1.9473684210526316,68.03508771929825,24.1,Medium
Accounts & Admin Assistant #65050,Admin / Secretarial,29,2250.0,0.5172413793103449,11.724137931034482,24.6,Low
Accounts & Admin Executive,Accounting / Auditing / Taxation,127,3000.0,3.716535433070866,76.08661417322834,27.9,Medium
Accounts & Finance Manager #65868,Accounting / Auditing / Taxation,24,6750.0,0.625,15.666666666666666,31.4,Low
Accounts & Hr Executive,Accounting / Auditing / Taxation,24,3075.0,1.5833333333333333,37.458333333333336,20.2,Medium
Accounts & Hr Officer #65709,Accounting / Auditing / Taxation,38,2650.0,0.02631578947368421,3.3947368421052633,29.3,Low
Accounts Admin,Accounting / Auditing / Taxation,29,2650.0,1.2758620689655173,36.689655172413794,21.7,Medium
Accounts Admin #66131,Accounting / Auditing / Taxation,24,2650.0,0.16666666666666666,7.916666666666667,25.5,Low
Accounts Admin Assistant,Accounting / Auditing / Taxation,48,2550.0,1.5625,55.729166666666664,24.0,Medium
Accounts Administrator,Accounting / Auditing / Taxation,36,3000.0,1.8611111111111112,65.19444444444444,22.9,Medium
Accounts Administrator #65846,Accounting / Auditing / Taxation,25,3000.0,0.24,5.04,26.1,Low
Accounts And Admin Assistant,Accounting / Auditing / Taxation,54,2625.0,2.8703703703703702,62.94444444444444,22.8,Medium
Accounts And Admin Assistant #65882,Admin / Secretarial,25,2600.0,0.12,7.68,25.9,Low
Accounts And Admin Executive,Accounting / Auditing / Taxation,521,3150.0,0.8618042226487524,19.34932821497121,43.6,Low
Accounts And Admin Executive #65822,Admin / Secretarial,25,2500.0,0.08,3.92,25.9,Low
Accounts Assistant,Accounting / Auditing / Taxation,1587,2600.0,2.313169502205419,63.85822306238185,46.6,Medium
Accounts Assistant,Admin / Secretarial,28,2700.0,2.2857142857142856,59.642857142857146,19.7,Medium
Accounts Assistant,Banking and Finance,39,2550.0,5.948717948717949,92.28205128205128,18.5,High
Accounts Assistant,Building and Construction,53,2750.0,2.9245283018867925,56.56603773584906,23.5,Medium
Accounts Assistant #65183,Accounting / Auditing / Taxation,27,2000.0,0.037037037037037035,5.777777777777778,25.7,Low
Accounts Assistant #66142,Accounting / Auditing / Taxation,24,2650.0,0.0,10.166666666666666,26.4,Low
Accounts Assistant (4-Month Contract),Accounting / Auditing / Taxation,20,2500.0,0.15,19.15,22.0,Low
Accounts Assistant (Accounting Firm),Accounting / Auditing / Taxation,53,2600.0,0.8301886792452831,19.20754716981132,26.2,Low
Accounts Assistant (Ap),Accounting / Auditing / Taxation,23,2600.0,1.9565217391304348,49.26086956521739,18.4,Medium
Accounts Assistant (Ap) #65598,Accounting / Auditing / Taxation,38,2650.0,0.07894736842105263,7.421052631578948,29.0,Low
Accounts Assistant (Ap) - Manufacturing Mnc - West,Accounting / Auditing / Taxation,22,3050.0,0.0,0.8636363636363636,24.4,Low
Accounts Assistant (Ap) / West / Manufacturing Mnc,Accounting / Auditing / Taxation,30,3050.0,0.06666666666666667,2.1,26.1,Low
"Accounts Assistant (Ap, Sap, North)",Accounting / Auditing / Taxation,41,2750.0,0.3170731707317073,4.975609756097561,26.5,Low
"Accounts Assistant (Ap, Tuas, Sap)",Accounting / Auditing / Taxation,22,2600.0,0.09090909090909091,4.863636363636363,23.1,Low
"Accounts Assistant (Ap/Gl, Up To $3,000)",Accounting / Auditing / Taxation,28,2750.0,0.14285714285714285,14.107142857142858,24.7,Low
Accounts Assistant (Ar),Accounting / Auditing / Taxation,27,2700.0,0.7777777777777778,47.407407407407405,22.0,Low
Accounts Assistant (Japanese Speaking) #65204,Accounting / Auditing / Taxation,25,3300.0,0.04,3.56,27.6,Low
Accounts Assistant / 6 Months Contract / $11 Per Hour / Central / No Exp Required,Accounting / Auditing / Taxation,22,1700.0,0.045454545454545456,2.409090909090909,21.7,Low
Accounts Assistant / Accounts Executive,Accounting / Auditing / Taxation,22,2850.0,1.7272727272727273,67.04545454545455,19.0,Medium
Accounts Assistant / Executive,Accounting / Auditing / Taxation,34,2750.0,1.7352941176470589,63.5,21.9,Medium
Accounts Assistant/Executive,Accounting / Auditing / Taxation,39,2700.0,5.666666666666667,113.43589743589743,18.3,High
Accounts Assistants(Ap),Accounting / Auditing / Taxation,36,2900.0,0.75,18.833333333333332,24.4,Low
Accounts Assistants(Ap/Ar),Accounting / Auditing / Taxation,22,2900.0,0.6818181818181818,22.863636363636363,21.4,Low
Accounts Assistants/Officers,Accounting / Auditing / Taxation,32,2900.0,0.53125,18.375,24.3,Low
Accounts Associate,Accounting / Auditing / Taxation,96,2950.0,1.2395833333333333,32.09375,30.6,Medium
Accounts Clerk,Accounting / Auditing / Taxation,58,2750.0,1.603448275862069,35.91379310344828,26.1,Medium
Accounts Cum Admin,Accounting / Auditing / Taxation,42,2750.0,2.738095238095238,50.666666666666664,21.7,Medium
Accounts Cum Admin Assistant,Accounting / Auditing / Taxation,163,2750.0,1.7423312883435582,55.374233128834355,32.2,Medium
Accounts Cum Admin Assistant #65643,Accounting / Auditing / Taxation,56,2000.0,0.14285714285714285,6.053571428571429,30.1,Low
Accounts Cum Admin Executive,Accounting / Auditing / Taxation,140,3225.0,1.457142857142857,44.44285714285714,32.6,Medium
Accounts Cum Hr Executive,Accounting / Auditing / Taxation,32,3500.0,1.25,40.5,23.6,Medium
Accounts Cum Hr Supervisor #65284,Accounting / Auditing / Taxation,28,5500.0,0.42857142857142855,7.642857142857143,30.8,Low
Accounts Executive,Accounting / Auditing / Taxation,3215,3200.0,2.927838258164852,64.12099533437014,51.4,Medium
Accounts Executive,Building and Construction,60,3850.0,4.033333333333333,63.61666666666667,24.5,Medium
Accounts Executive #51919,Accounting / Auditing / Taxation,39,3750.0,0.8717948717948718,18.76923076923077,28.3,Low
Accounts Executive #65127,Accounting / Auditing / Taxation,25,3350.0,0.56,11.76,25.6,Low
Accounts Executive #65639,Accounting / Auditing / Taxation,36,4500.0,0.3611111111111111,15.555555555555555,30.8,Low
Accounts Executive #66121,Accounting / Auditing / Taxation,25,3100.0,0.0,9.0,27.5,Low
"Accounts Executive (5 Days / Up To $4,000 + Year End Bonus / Chinatown)",Accounting / Auditing / Taxation,26,3500.0,0.4230769230769231,12.038461538461538,24.9,Low
Accounts Executive (Accounting Firm),Accounting / Auditing / Taxation,23,3250.0,0.13043478260869565,3.6956521739130435,24.4,Low
Accounts Executive (Accounts Payable),Accounting / Auditing / Taxation,46,3150.0,1.891304347826087,46.21739130434783,24.1,Medium
"Accounts Executive (Accounts Payable, Pasir Panjang)",Accounting / Auditing / Taxation,41,3050.0,0.21951219512195122,6.536585365853658,28.8,Low
Accounts Executive (Accounts Receivable),Accounting / Auditing / Taxation,39,3000.0,4.82051282051282,97.84615384615384,19.3,Medium
"Accounts Executive (Accounts Receivable, Pasir Panjang)",Banking and Finance,184,3100.0,0.125,7.554347826086956,38.0,Low
"Accounts Executive (Accounts Receivable, Woodlands)",Accounting / Auditing / Taxation,153,3250.0,0.45098039215686275,7.823529411764706,35.7,Low
Accounts Executive (Ap),Accounting / Auditing / Taxation,54,3250.0,2.2037037037037037,45.72222222222222,24.7,Medium
Accounts Executive (Ap) (Insurance Mnc),Accounting / Auditing / Taxation,22,4750.0,4.7727272727272725,49.90909090909091,18.3,Medium
Accounts Executive (Ar),Accounting / Auditing / Taxation,40,3250.0,0.6,20.575,26.4,Low
"Accounts Executive (Changi, Freight Forwarding)",Accounting / Auditing / Taxation,138,3500.0,0.4492753623188406,7.478260869565218,35.5,Low
"Accounts Executive (Education, Navision)",Accounting / Auditing / Taxation,20,3250.0,0.1,2.3,23.7,Low
Accounts Executive (Full Set),Accounting / Auditing / Taxation,29,3350.0,2.4827586206896552,50.275862068965516,20.5,Medium
Accounts Executive (Full Sets) 6 Months Renewable Contract,Accounting / Auditing / Taxation,21,3600.0,0.047619047619047616,0.6190476190476191,24.9,Low
"Accounts Executive (Labrador Park, Up To $4,500)",Accounting / Auditing / Taxation,31,4000.0,0.22580645161290322,3.6774193548387095,27.3,Low
Accounts Executive (Oil & Gas Mnc),Accounting / Auditing / Taxation,35,4750.0,0.4,4.2,28.8,Low
Accounts Executive - Ar (Aws/Good Benefits/5 Days) #65112,Accounting / Auditing / Taxation,26,3400.0,0.6923076923076923,12.461538461538462,25.5,Low
Accounts Executive / Global Mnc / 1 Year Renewable Contract / East / Sap + Completion Bonus,Accounting / Auditing / Taxation,28,4000.0,0.5357142857142857,21.107142857142858,25.5,Low
Accounts Executive / Logistics Industry / Central,Accounting / Auditing / Taxation,21,3500.0,0.047619047619047616,1.2857142857142858,24.7,Low
Accounts Executive / Senior Accounts Executive,Accounting / Auditing / Taxation,20,3250.0,4.5,102.4,16.4,Medium
Accounts Manager,Accounting / Auditing / Taxation,178,4900.0,2.9213483146067416,36.657303370786515,34.7,Medium
Accounts Officer,Accounting / Auditing / Taxation,184,3000.0,2.6739130434782608,57.005434782608695,32.0,Medium
Accounts Officer (Ar),Accounting / Auditing / Taxation,37,2650.0,0.40540540540540543,12.81081081081081,26.4,Low
Accounts Payable,Accounting / Auditing / Taxation,21,3250.0,2.1904761904761907,55.476190476190474,19.1,Medium
Accounts Payable Assistant,Accounting / Auditing / Taxation,32,2250.0,4.625,67.84375,16.7,Medium
Accounts Payable Executive,Accounting / Auditing / Taxation,78,3250.0,2.08974358974359,33.76923076923077,27.9,Medium
Accounts Payable Officer - 5 Days #65059,Accounting / Auditing / Taxation,29,2850.0,0.4482758620689655,13.03448275862069,26.0,Low
Accounts Receivable Executive,Accounting / Auditing / Taxation,39,3150.0,3.0,71.46153846153847,21.5,Medium
Accounts Receivable Specialist (5 Days/Aws) #65799,Accounting / Auditing / Taxation,39,3150.0,0.1282051282051282,6.615384615384615,29.9,Low
"Accounts Specialist (Ap, Gl) - Wholesale Industry, South",Accounting / Auditing / Taxation,22,4100.0,0.6818181818181818,7.409090909090909,23.6,Low
Acmv Engineer,Building and Construction,76,4000.0,0.5394736842105263,30.539473684210527,33.2,Low
Activity Coordinator | Healthcare (Mon To Fri | East | Central ),Customer Service,23,2300.0,0.9565217391304348,15.478260869565217,19.7,Low
Admin,Accounting / Auditing / Taxation,39,3000.0,6.461538461538462,70.7948717948718,18.5,High
Admin,Admin / Secretarial,347,2300.0,5.619596541786744,64.52161383285302,32.6,High
Admin,Building and Construction,50,2800.0,3.84,37.58,22.4,Medium
Admin & Accounts Assistant,Accounting / Auditing / Taxation,28,2600.0,1.7142857142857142,52.142857142857146,20.2,Medium
Admin & Accounts Executive,Accounting / Auditing / Taxation,30,3150.0,4.466666666666667,86.23333333333333,18.0,Medium
Admin & Hr Assistant,Admin / Secretarial,22,2475.0,8.954545454545455,102.5,11.8,High
Admin & Hr Assistant (Part-Time/3 Days/West) #66061,Admin / Secretarial,24,1350.0,0.8333333333333334,20.958333333333332,20.7,Low
Admin & Hr Executive,Admin / Secretarial,36,3150.0,6.055555555555555,68.52777777777777,17.7,High
Admin & Hr Operation Executive ( Mon To Fri | Office Hour ),Accounting / Auditing / Taxation,21,2300.0,2.5714285714285716,36.476190476190474,16.0,Medium
"Admin & Operations Executive (Immediate Hiring, Education Business)",Admin / Secretarial,600,3100.0,0.3933333333333333,5.221666666666667,47.6,Low
Admin (Air-Conditioning Company 5 Days + Rotating Sat),Admin / Secretarial,157,2050.0,0.17197452229299362,4.687898089171974,34.8,Low
Admin / Hr,Admin / Secretarial,217,3550.0,0.5529953917050692,7.783410138248848,41.0,Low
Admin And Account Assistant,Accounting / Auditing / Taxation,31,2200.0,1.064516129032258,56.354838709677416,21.3,Medium
Admin Assistance,Admin / Secretarial,37,2100.0,3.675675675675676,64.64864864864865,18.9,Medium
Admin Assistance/Executive,Admin / Secretarial,27,2150.0,0.2222222222222222,18.296296296296298,23.0,Low
Admin Assistant,Accounting / Auditing / Taxation,153,2250.0,6.084967320261438,85.90849673202614,26.1,High
Admin Assistant,Admin / Secretarial,2658,2400.0,6.59405568096313,77.61662904439429,46.1,High
Admin Assistant,Building and Construction,53,2500.0,5.773584905660377,66.37735849056604,20.0,High
Admin Assistant,Customer Service,26,2250.0,3.3461538461538463,61.69230769230769,17.8,Medium
Admin Assistant #64710,Admin / Secretarial,25,2250.0,0.8,13.32,22.8,Low
Admin Assistant #64755,Admin / Secretarial,29,2500.0,1.5517241379310345,29.137931034482758,22.3,Medium
Admin Assistant #64787,Admin / Secretarial,30,2300.0,0.8,21.766666666666666,24.1,Low
Admin Assistant #65195,Admin / Secretarial,52,1950.0,0.09615384615384616,7.269230769230769,29.7,Low
Admin Assistant #65197,Admin / Secretarial,66,2000.0,0.25757575757575757,8.196969696969697,30.6,Low
Admin Assistant #65216,Purchasing / Merchandising,23,2000.0,0.2608695652173913,6.3478260869565215,23.6,Low
Admin Assistant #65599,Admin / Secretarial,59,2250.0,0.6271186440677966,12.305084745762711,29.0,Low
Admin Assistant #65819,Admin / Secretarial,27,1700.0,0.14814814814814814,6.851851851851852,24.6,Low
Admin Assistant #65838,Admin / Secretarial,30,2100.0,0.2,9.1,25.8,Low
Admin Assistant #66056,Admin / Secretarial,30,2250.0,1.1,16.166666666666668,23.1,Medium
"Admin Assistant ( Commonwealth, Jurong East )",Accounting / Auditing / Taxation,32,3900.0,1.0,14.1875,26.1,Low
Admin Assistant (Accounts) East,Accounting / Auditing / Taxation,79,2300.0,0.08860759493670886,1.7721518987341771,31.0,Low
"Admin Assistant (East, Up To $2,200)",Admin / Secretarial,43,2100.0,0.37209302325581395,2.9069767441860463,25.4,Low
Admin Assistant (Events) / Fmcg / 1 Year Contract / West,Admin / Secretarial,27,2250.0,0.0,0.2962962962962963,25.6,Low
"Admin Assistant (Healthcare, Up To $2,800)",Admin / Secretarial,21,2400.0,0.38095238095238093,5.571428571428571,21.2,Low
"Admin Assistant (Insurance, Up To $2,500)",Admin / Secretarial,64,2200.0,1.5625,13.8125,24.9,Medium
"Admin Assistant (Kallang, Up To $2,500)",Marketing / Public Relations,20,2350.0,1.2,28.0,18.3,Medium
Admin Assistant (M&E Engineering) #65572,Admin / Secretarial,60,2750.0,0.6333333333333333,9.15,30.0,Low
Admin Assistant (Marketing / Shipping Industry) No Experience Needed,Admin / Secretarial,27,2800.0,0.14814814814814814,1.4444444444444444,24.6,Low
Admin Assistant (Part-Time),Admin / Secretarial,28,2575.0,5.785714285714286,68.32142857142857,15.8,High
Admin Assistant (Part-Time/3 Days Weekly) #65066,Admin / Secretarial,20,1450.0,4.85,74.5,13.5,Medium
Admin Assistant (Project) / Oil & Gas Mnc / West / Asap - End Dec,Admin / Secretarial,94,2650.0,0.1276595744680851,1.7553191489361701,32.6,Low
Admin Assistant (Science Industry) / End Of Year Contract / Part Time / Central / Global Mnc,Admin / Secretarial,87,1050.0,0.8160919540229885,25.402298850574713,26.6,Low
Admin Assistant (Simple Inventory/Data Entry/Duties/Sin Ming Ln),Admin / Secretarial,34,2400.0,2.0294117647058822,20.0,21.6,Medium
Admin Assistant (Travel Arrangement/Insurance),Admin / Secretarial,23,2850.0,0.43478260869565216,4.478260869565218,22.4,Low
Admin Assistant Cum Accounts (5 Days) #65079,Admin / Secretarial,64,2000.0,0.109375,6.9375,31.1,Low
Admin Assistant Ii North Ii 6 Months Contract Ii Up To $2400 Per Month,Admin / Secretarial,39,2300.0,0.1282051282051282,2.3846153846153846,30.6,Low
Admin Assistants,Accounting / Auditing / Taxation,40,2350.0,1.575,22.275,24.1,Medium
Admin Clerk,Admin / Secretarial,97,2000.0,5.329896907216495,98.47422680412372,23.3,High
Admin Clerk #65108,Admin / Secretarial,27,2100.0,0.3333333333333333,13.0,24.6,Low
Admin Co-Ordinator #66068,Admin / Secretarial,28,2350.0,0.25,8.178571428571429,25.6,Low
Admin Coordinator,Admin / Secretarial,76,2500.0,2.3157894736842106,39.03947368421053,26.7,Medium
Admin Cum Account Assistant,Accounting / Auditing / Taxation,71,2550.0,1.295774647887324,49.183098591549296,27.1,Medium
Admin Cum Account Assistant,Admin / Secretarial,20,2500.0,5.05,117.4,13.8,High
Admin Cum Accounts Assistant,Accounting / Auditing / Taxation,51,2450.0,2.4313725490196076,62.509803921568626,22.7,Medium
Admin Cum Accounts Assistant,Admin / Secretarial,22,2400.0,1.1818181818181819,40.04545454545455,19.7,Medium
Admin Cum Accounts Assistant #65760,Accounting / Auditing / Taxation,50,2450.0,0.26,8.9,29.6,Low
Admin Cum Accounts Executive,Accounting / Auditing / Taxation,40,3550.0,1.5,39.025,24.7,Medium
Admin Cum Hr Executive,Admin / Secretarial,24,3150.0,4.833333333333333,54.041666666666664,16.9,Medium
Admin Cum Receptionist,Admin / Secretarial,22,2400.0,8.681818181818182,80.18181818181819,11.7,High
Admin Executive,Accounting / Auditing / Taxation,76,2750.0,4.868421052631579,60.71052631578947,23.3,Medium
Admin Executive,Admin / Secretarial,1800,2750.0,5.088888888888889,58.403888888888886,44.6,High
Admin Executive,Building and Construction,20,3050.0,12.85,107.5,10.6,High
Admin Executive #65608,Admin / Secretarial,37,2750.0,0.4864864864864865,7.756756756756757,27.3,Low
"Admin Executive (Central, Bunkers)",Admin / Secretarial,34,2650.0,1.0,24.205882352941178,22.8,Low
Admin Executive (Immediate Hiring),Admin / Secretarial,74,3000.0,1.162162162162162,15.756756756756756,31.0,Medium
Admin Executive (Insurance),Admin / Secretarial,101,3000.0,0.7128712871287128,13.722772277227723,31.6,Low
Admin Executive (International School) #65830,Admin / Secretarial,39,2650.0,0.7948717948717948,13.23076923076923,26.5,Low
Admin Executive (Sales Support) #62241,Admin / Secretarial,40,2400.0,0.4,9.85,27.5,Low
Admin Executive Intern (No Experience Needed),Admin / Secretarial,416,1000.0,0.12740384615384615,4.6610576923076925,39.6,Low
Admin Executives(No Exp Needed),Accounting / Auditing / Taxation,51,2800.0,0.9411764705882353,16.49019607843137,27.3,Low
Admin Manager,Accounting / Auditing / Taxation,23,3500.0,1.565217391304348,23.08695652173913,21.4,Medium
Admin Manager,Admin / Secretarial,96,4000.0,4.177083333333333,41.510416666666664,28.4,Medium
Admin Manager (Construction),Admin / Secretarial,21,4000.0,2.761904761904762,29.285714285714285,24.5,Medium
Admin Officer,Admin / Secretarial,139,2400.0,6.23021582733813,72.7410071942446,25.7,High
Admin Officer (Marine Port) / South,Customer Service,29,3000.0,3.689655172413793,38.44827586206897,19.2,Medium
Admin Officer / Executive (Government Agencies) Ii Contract,Accounting / Auditing / Taxation,48,2400.0,0.4166666666666667,5.583333333333333,34.1,Low
Admin Officer / No Experience Required / 6 Months Contract (Convertible) / Central / Global Mnc,Admin / Secretarial,42,2900.0,2.5952380952380953,34.904761904761905,21.6,Medium
Admin Support,Admin / Secretarial,34,2312.5,11.764705882352942,80.05882352941177,13.3,High
Admin/ Sales Coordinator #65140,Admin / Secretarial,34,2250.0,0.0,3.6176470588235294,27.9,Low
Administration Assistant,Admin / Secretarial,53,2300.0,9.377358490566039,81.28301886792453,16.8,High
Administration Clerk,Admin / Secretarial,40,2650.0,6.775,85.1,18.0,High
Administration Executive,Admin / Secretarial,65,3000.0,3.0615384615384613,41.261538461538464,24.4,Medium
Administration Manager,Accounting / Auditing / Taxation,39,4500.0,3.7948717948717947,33.84615384615385,22.8,Medium
Administration Manager,Admin / Secretarial,174,5000.0,4.683908045977011,43.53448275862069,33.2,Medium
Administration Officer,Admin / Secretarial,30,2700.0,7.766666666666667,75.33333333333333,14.9,High
Administrative,Admin / Secretarial,69,3000.0,5.043478260869565,42.69565217391305,23.5,High
Administrative Accounts Assistant,Accounting / Auditing / Taxation,39,2850.0,4.0256410256410255,92.48717948717949,20.0,Medium
Administrative Accounts Executive,Accounting / Auditing / Taxation,30,3500.0,3.1333333333333333,79.03333333333333,20.9,Medium
Administrative Assistant,Accounting / Auditing / Taxation,129,2400.0,7.767441860465116,90.56589147286822,24.7,High
Administrative Assistant,Admin / Secretarial,1414,2375.0,6.599009900990099,79.93352192362093,41.2,High
Administrative Assistant,Building and Construction,56,3000.0,7.839285714285714,83.82142857142857,20.1,High
Administrative Assistant,Real Estate / Property Management,28,2000.0,2.0,31.964285714285715,20.1,Medium
Administrative Assistant #65634,Admin / Secretarial,24,2350.0,0.375,8.666666666666666,24.1,Low
Administrative Assistant (Maritime Industry) No Experience Needed,Admin / Secretarial,27,2850.0,0.2962962962962963,3.962962962962963,24.0,Low
Administrative Assistant / Admin Executive / Customer Service Coordinator / Sales Coordinator ( Entry Level / Junior X2 ) Woodlands & Redhill,Accounting / Auditing / Taxation,23,4000.0,1.391304347826087,40.26086956521739,23.2,Medium
Administrative Clerk,Admin / Secretarial,41,1950.0,5.7317073170731705,84.09756097560975,17.1,High
Administrative Coordinator,Admin / Secretarial,42,2387.5,1.9285714285714286,37.166666666666664,22.0,Medium
Administrative Executive,Accounting / Auditing / Taxation,53,2800.0,2.7169811320754715,37.924528301886795,23.0,Medium
Administrative Executive,Admin / Secretarial,542,2800.0,7.321033210332104,71.04981549815498,34.8,High
Administrative Executive,Building and Construction,21,3600.0,7.619047619047619,48.61904761904762,14.9,High
Administrative Executive #64737,Admin / Secretarial,39,3150.0,1.4615384615384615,19.358974358974358,25.7,Medium
Administrative Executive (Raffles Hospital),Admin / Secretarial,20,2650.0,2.45,20.45,16.5,Medium
Administrative Manager,Admin / Secretarial,77,3800.0,7.4935064935064934,54.66233766233766,23.6,High
Administrative Officer,Admin / Secretarial,106,2525.0,10.669811320754716,93.60377358490567,21.3,High
Administrative Officer Ii Outram Ii Up To $2500 Per Month,Admin / Secretarial,39,2400.0,0.23076923076923078,3.076923076923077,29.0,Low
Administrative Specialist (Database Management) / Global Mnc,Admin / Secretarial,40,3150.0,0.225,2.1,27.4,Low
Administrative Support Assistant,Admin / Secretarial,58,3050.0,1.0517241379310345,17.948275862068964,27.9,Medium
Administrative Support Specialist (Oil & Gas) / 6-Month Contract / West,Admin / Secretarial,22,2650.0,0.09090909090909091,2.909090909090909,23.2,Low
Administrator,Accounting / Auditing / Taxation,24,3550.0,0.7916666666666666,24.083333333333332,23.0,Low
Administrator,Admin / Secretarial,194,2650.0,4.180412371134021,49.76288659793814,30.3,Medium
Advertising Copywriter #65174,Advertising / Media,68,4000.0,0.5,5.705882352941177,33.6,Low
Aem Developer,Information Technology,20,7750.0,0.15,4.5,33.2,Low
After Sales Support Executive (Regional) / Freight Forwarding / East,Logistics / Supply Chain,26,3500.0,0.19230769230769232,2.3846153846153846,25.4,Low
Agile Coach,Information Technology,28,10000.0,0.9642857142857143,7.857142857142857,37.3,Low
Ai Engineer,Information Technology,37,9000.0,0.7297297297297297,13.81081081081081,37.2,Low
Air-Con Technician,Building and Construction,25,2750.0,0.6,38.64,23.8,Low
Air-Con Technician,Repair and Maintenance,24,3000.0,0.5833333333333334,42.541666666666664,23.9,Low
Air-Conditioning Engineer,Engineering,160,3750.0,0.05625,3.69375,40.0,Low
Aircon Servicing Technician,Building and Construction,31,2000.0,0.0,1.6774193548387097,24.7,Low
Aircon Technician,Building and Construction,31,2750.0,0.3870967741935484,49.03225806451613,25.8,Low
Aircon Technician,Repair and Maintenance,23,2500.0,0.5652173913043478,58.82608695652174,22.8,Low
Aircraft Engineer #65823,Engineering,28,6500.0,0.17857142857142858,5.5,33.7,Low
Aircraft Maintenance Engineer,Engineering,20,8250.0,0.25,6.35,39.7,Low
Aircraft Technician,Engineering,23,3900.0,5.869565217391305,131.7391304347826,22.3,High
Aircraft Technician #65824,Repair and Maintenance,28,3150.0,0.32142857142857145,4.571428571428571,26.8,Low
Airfreight Documentation Officer #66145,Logistics / Supply Chain,24,2500.0,0.041666666666666664,5.333333333333333,25.9,Low
Airfreight Executive (Mnc / East),Logistics / Supply Chain,25,3150.0,0.92,10.92,22.0,Low
Airlines Ticketing Receptionist (Changi Airport/ Up $2450 / Aws + Vb) C.L,Travel / Tourism,20,2300.0,2.1,35.8,20.9,Medium
Analog Design Engineer / Electrical Mnc,Design,69,7000.0,0.043478260869565216,2.3043478260869565,39.1,Low
Analog Designer / Electrical Mnc,Design,40,6000.0,0.55,18.05,31.5,Low
Analyst,Banking and Finance,46,12250.0,18.782608695652176,145.1086956521739,31.7,High
Analyst Executive (Wfh),Banking and Finance,24,4500.0,0.6666666666666666,13.375,25.0,Low
Analyst Programmer,Information Technology,79,6000.0,1.2278481012658229,19.303797468354432,36.0,Medium
Analyst Programmer (Rpg/As400),Information Technology,21,4250.0,0.23809523809523808,7.523809523809524,25.2,Low
Android Developer,Information Technology,57,6950.0,0.8596491228070176,17.771929824561404,36.6,Low
Ap Finance Assistant/ Account Assistant / Ap / Junior /Senior / Redhill Mrt,Accounting / Auditing / Taxation,43,4000.0,1.3488372093023255,23.6046511627907,27.4,Medium
Application Consultant,Banking and Finance,30,8925.0,0.3,6.3,37.4,Low
Application Consultant,Information Technology,49,6000.0,1.7551020408163265,29.142857142857142,31.8,Medium
Application Consultant - Sap B1,Information Technology,20,5500.0,0.5,14.75,26.2,Low
Application Delivery Manager / Energy Mnc / West,Information Technology,28,8500.0,0.42857142857142855,5.5,34.2,Low
Application Developer,Information Technology,167,7250.0,1.4850299401197604,19.38323353293413,43.1,Medium
Application Developer (Sitefinity) #64408,Information Technology,24,4000.0,0.2916666666666667,10.875,27.5,Low
Application Engineer,Engineering,132,4000.0,1.9015151515151516,34.015151515151516,33.2,Medium
Application Engineer,Information Technology,31,4000.0,1.3548387096774193,25.0,25.4,Medium
"Application Engineer (Electronics Hardware System, Semiconductor)",Engineering,83,4000.0,0.43373493975903615,7.542168674698795,33.0,Low
Application Engineer (It Solutions),Engineering,54,3500.0,0.3333333333333333,9.62962962962963,29.6,Low
Application Engineer (Metal 3D Printing) Manufacturing Mnc,Engineering,78,6000.0,0.01282051282051282,0.3974358974358974,38.2,Low
Application Executive (Scientific Equipment),Medical / Therapy Services,32,5250.0,0.09375,1.15625,30.5,Low
"Application Manager (Microsoft Bc/Navision, Up To $8,000)",Accounting / Auditing / Taxation,40,7000.0,0.725,14.2,32.8,Low
Application Ops Engineer,Information Technology,39,9000.0,0.28205128205128205,1.2820512820512822,40.9,Low
Application Programmer,Information Technology,56,8875.0,0.25,3.3035714285714284,42.5,Low
Application Programmer (Capital Markets),Information Technology,43,9000.0,0.06976744186046512,1.186046511627907,42.3,Low
Application Specialist (Scientific Equipment),Medical / Therapy Services,72,5250.0,0.08333333333333333,1.4027777777777777,35.9,Low
Application Support,Information Technology,30,6250.0,2.1333333333333333,27.066666666666666,28.3,Medium
Application Support Analyst,Information Technology,113,6000.0,2.743362831858407,29.292035398230087,35.5,Medium
Application Support Engineer,Information Technology,105,5000.0,2.533333333333333,37.03809523809524,33.5,Medium
Applications Developer,Information Technology,51,8500.0,0.39215686274509803,6.549019607843137,40.0,Low
Appointment Setting Executive,Insurance,96,6500.0,1.7291666666666667,25.0,35.2,Medium
Appointment Setting Officer,Admin / Secretarial,22,1550.0,0.5909090909090909,7.636363636363637,19.3,Low
Appointment Setting Officer,Banking and Finance,20,1250.0,1.25,11.4,17.3,Medium
Appointment Setting Officer,Consulting,102,4500.0,2.4215686274509802,30.029411764705884,32.9,Medium
Appointment Setting Officer,Customer Service,43,3750.0,21.046511627906977,121.13953488372093,15.3,High
Appointment Setting Officer (Wfh),Banking and Finance,25,4500.0,0.48,7.52,25.9,Low
Ar Assistant #66051,Accounting / Auditing / Taxation,20,2300.0,0.05,2.85,24.3,Low
Ar Finance Assistant/ Account Assistant / Ar/ Accounts Receivable / Junior /Senior / Redhill Mrt,Accounting / Auditing / Taxation,67,4000.0,1.0,19.850746268656717,31.2,Low
Archi Coordinator,Building and Construction,37,4250.0,0.24324324324324326,9.08108108108108,30.1,Low
Architect,Architecture / Interior Design,87,5750.0,0.7931034482758621,27.850574712643677,36.4,Low
Architect,Building and Construction,30,5000.0,0.2,13.366666666666667,30.3,Low
Architects (Up To S$7000),Architecture / Interior Design,25,6000.0,0.16,11.2,30.0,Low
Architectural Assistant,Architecture / Interior Design,213,3400.0,1.704225352112676,50.267605633802816,36.0,Medium
Architectural Associate,Architecture / Interior Design,98,4500.0,1.1428571428571428,25.408163265306122,34.0,Medium
Architectural Associate (Up To S$5000),Architecture / Interior Design,28,4250.0,0.0,2.642857142857143,28.2,Low
Architectural Coordinator,Architecture / Interior Design,235,4250.0,0.39574468085106385,15.961702127659574,42.0,Low
Architectural Coordinator,Building and Construction,391,4250.0,0.5140664961636828,18.831202046035806,45.5,Low
Architectural Designer,Architecture / Interior Design,176,4400.0,1.4545454545454546,46.82954545454545,36.8,Medium
Architectural Designer,Building and Construction,21,3575.0,0.0,3.0,26.6,Low
Architectural Drafter,Architecture / Interior Design,83,3300.0,0.37349397590361444,30.096385542168676,33.1,Low
Architectural Drafter,Building and Construction,40,3825.0,0.425,29.575,29.5,Low
Architectural Engineer,Building and Construction,49,4250.0,0.2857142857142857,13.306122448979592,31.7,Low
Architectural Executive,Architecture / Interior Design,62,4275.0,0.6290322580645161,22.258064516129032,32.6,Low
Architectural Manager,Architecture / Interior Design,26,6750.0,1.4615384615384615,20.0,28.4,Medium
Architectural Manager,Building and Construction,37,7500.0,1.972972972972973,15.54054054054054,32.6,Medium
Architectural Supervisor,Building and Construction,92,3800.0,0.22826086956521738,8.91304347826087,37.6,Low
Architecture Design Coordinator (Lta),Building and Construction,49,4400.0,0.12244897959183673,8.857142857142858,31.6,Low
Area Manager,Customer Service,20,3612.5,2.9,21.85,19.4,Medium
Area Manager,F&B,139,3750.0,2.726618705035971,21.41007194244604,32.9,Medium
"Area Manager (Qsr/Fast Food, 8-10 Outlets)",F&B,24,5500.0,4.5,30.958333333333332,20.5,Medium
Art Director,Advertising / Media,73,4250.0,5.958904109589041,60.04109589041096,24.6,High
Art Director (Print) #65175,Advertising / Media,24,5750.0,0.9583333333333334,6.458333333333333,28.6,Low
Art Teacher,Education and Training,80,2750.0,3.35,43.0375,25.8,Medium
Ascott Host,Hospitality,20,2950.0,0.1,9.85,24.0,Low
Asic Design Engineer (Rtl),Information Technology,45,9000.0,0.06666666666666667,6.088888888888889,39.8,Low
Asic Design Engineer (Verification),Information Technology,48,10500.0,0.08333333333333333,5.645833333333333,43.0,Low
Assembly Engineer (Manufacturing/ West),Engineering,35,4250.0,0.6285714285714286,18.4,29.2,Low
Assembly Process Engineer (Manufacturing/ West),Engineering,36,4250.0,1.1111111111111112,24.055555555555557,28.0,Medium
Assembly Technician #65851,Manufacturing,35,1800.0,0.02857142857142857,3.4571428571428573,27.1,Low
Assistant / Hr Manager,Human Resources,20,5250.0,1.0,6.9,24.2,Low
Assistant Accountant,Accounting / Auditing / Taxation,207,3750.0,3.7729468599033815,70.53623188405797,32.9,Medium
Assistant Accounting Manager,Accounting / Auditing / Taxation,25,5250.0,2.48,36.12,23.4,Medium
Assistant Accounts Manager,Accounting / Auditing / Taxation,23,4500.0,1.8695652173913044,40.91304347826087,22.0,Medium
Assistant Bar Manager,F&B,24,3550.0,1.0,14.5,22.6,Low
Assistant Butcher Cum Retail Specialist (Japanese Speaking) #64740,Sales / Retail,30,3250.0,0.03333333333333333,7.033333333333333,28.8,Low
Assistant Buyer / Purchasing Executive / Assistant Purchaser,Logistics / Supply Chain,22,3650.0,2.1818181818181817,18.227272727272727,20.9,Medium
Assistant Chef,F&B,269,3650.0,0.15985130111524162,9.078066914498141,44.0,Low
Assistant Chef Bakery,F&B,25,4350.0,0.32,9.76,29.3,Low
Assistant Chef/Chef,F&B,30,4350.0,0.4,8.066666666666666,27.1,Low
Assistant Cook,Customer Service,41,3050.0,0.12195121951219512,7.121951219512195,29.0,Low
Assistant Cook,F&B,1353,4000.0,0.022172949002217297,3.287509238728751,57.1,Low
Assistant Corporate Secretary,Admin / Secretarial,59,2750.0,0.05084745762711865,1.3728813559322033,30.1,Low
Assistant Digital Marketing Manager (Luxury Retail),Marketing / Public Relations,20,5250.0,1.25,30.6,23.6,Medium
Assistant Electrical Engineer,Building and Construction,32,3500.0,0.875,27.0,26.1,Low
Assistant Electrical Engineer,Engineering,48,3075.0,0.6041666666666666,26.770833333333332,27.7,Low
Assistant Electrical Engineer #65670,Engineering,36,2650.0,0.05555555555555555,4.027777777777778,28.8,Low
"Assistant Electrical Engineer (Acmv/ Hvac/ Hook Up/ M&E, Main Con)",Building and Construction,35,3750.0,0.3142857142857143,18.142857142857142,29.4,Low
Assistant Engineer,Building and Construction,277,3750.0,2.0180505415162453,29.505415162454874,38.6,Medium
Assistant Engineer,Engineering,276,3250.0,4.760869565217392,51.29347826086956,34.9,Medium
Assistant Engineer,Manufacturing,21,3075.0,4.190476190476191,62.80952380952381,16.7,Medium
Assistant Engineer ( Project ),Engineering,44,2650.0,0.3181818181818182,5.409090909090909,26.8,Low
Assistant Engineer ( Technician ),Engineering,48,2350.0,0.10416666666666667,5.4375,27.7,Low
Assistant Engineer (Civil/Construction) #65099,Engineering,43,2700.0,0.23255813953488372,6.72093023255814,29.2,Low
"Assistant Engineer (Start Pay-$2500-$2800+$500, No Experience/Fresh Welcome)",Engineering,22,3100.0,0.5,10.409090909090908,22.4,Low
Assistant Engineer / Energy Mnc/ West,Engineering,26,5000.0,0.07692307692307693,1.0,28.7,Low
Assistant Engineer / Project Engineer – Protection Systems/ ( Junior / Entry Level),Engineering,38,6500.0,5.157894736842105,37.5,26.1,High
Assistant Engineer X3 (Entry/Precision/Mechanical/Industrial/Clean Energy),Engineering,26,2850.0,1.3846153846153846,13.576923076923077,22.6,Medium
Assistant Engineer – Sub-Station Automation/ ( Junior / Entry Level),Engineering,37,6500.0,10.837837837837839,66.16216216216216,22.4,High
Assistant Engineer – System Integration & Engineering / ( Junior / Entry Level),Engineering,37,6500.0,6.378378378378378,43.62162162162162,24.9,High
Assistant Engineer – System Integration & Engineering / Scada Systems/ ( Junior / Entry Level),Engineering,37,6500.0,2.945945945945946,27.54054054054054,28.3,Medium
Assistant Engineers/Engineers - Maintenance,Engineering,27,6000.0,0.6296296296296297,8.0,30.0,Low
Assistant Executive Housekeeper,Hospitality,33,4650.0,2.090909090909091,35.90909090909091,24.4,Medium
Assistant Facilities Manager,Real Estate / Property Management,21,5000.0,2.4285714285714284,18.476190476190474,22.1,Medium
Assistant Finance Manager,Accounting / Auditing / Taxation,193,5250.0,8.32642487046632,79.67357512953367,31.4,High
Assistant Finance Manager,Banking and Finance,26,4750.0,4.730769230769231,50.80769230769231,19.4,Medium
Assistant Finance Manager #65842,Banking and Finance,33,5750.0,0.7878787878787878,13.969696969696969,31.1,Low
Assistant Finance Manager #66133,Banking and Finance,24,6000.0,0.9583333333333334,14.291666666666666,29.0,Low
Assistant Front Office Manager,Hospitality,29,5250.0,7.896551724137931,71.89655172413794,20.5,High
Assistant Head Chef,F&B,43,4000.0,0.5116279069767442,7.0,29.5,Low
Assistant Housekeeper,Hospitality,37,3150.0,1.5135135135135136,55.0,23.4,Medium
Assistant Housekeeping Manager,Hospitality,25,3250.0,2.48,36.4,19.2,Medium
Assistant Hr And Admin Manager (Listed Mnc) Manufacturing,Admin / Secretarial,38,4250.0,1.5,21.026315789473685,25.4,Medium
Assistant Hr Manager,Human Resources,95,4000.0,5.747368421052632,42.2,25.8,High
Assistant Hr Manager #65825,Human Resources,21,4250.0,0.38095238095238093,7.190476190476191,26.8,Low
Assistant Internal Audit Manager (Manufacturing Industry) / West,Accounting / Auditing / Taxation,28,7000.0,0.9285714285714286,16.142857142857142,29.8,Low
Assistant It Manager,Information Technology,20,4650.0,3.7,35.05,18.6,Medium
Assistant Kitchen Manager,F&B,43,3288.0,0.18604651162790697,5.744186046511628,29.4,Low
Assistant Lnfant Educarer (Tampines Near The Mrt),Education and Training,30,2100.0,0.0,1.1666666666666667,28.7,Low
Assistant Manager,Admin / Secretarial,83,5900.0,3.746987951807229,36.34939759036145,31.5,Medium
Assistant Manager,Building and Construction,36,4675.0,1.3055555555555556,23.444444444444443,27.1,Medium
Assistant Manager,Consulting,21,4000.0,0.19047619047619047,5.809523809523809,26.6,Low
Assistant Manager,Customer Service,132,4225.0,1.7575757575757576,25.0,36.4,Medium
Assistant Manager,F&B,427,4000.0,0.8899297423887588,13.52927400468384,44.4,Low
Assistant Manager,General Management,62,3950.0,1.2903225806451613,16.048387096774192,30.0,Medium
Assistant Manager,Others,30,4000.0,0.8666666666666667,17.366666666666667,26.7,Low
Assistant Manager,Personal Care / Beauty,23,3950.0,0.21739130434782608,11.26086956521739,27.7,Low
Assistant Manager,Sales / Retail,79,4000.0,1.1139240506329113,12.113924050632912,32.1,Medium
Assistant Manager (Brokers) / Insurance Mnc,General Management,24,5750.0,1.5,28.541666666666668,25.1,Medium
Assistant Manager (Business Development) #65213,Marketing / Public Relations,32,4500.0,0.15625,4.125,30.9,Low
Assistant Manager (Coffeeshop),F&B,28,3900.0,0.32142857142857145,12.392857142857142,27.4,Low
Assistant Manager (Marine Policy) / Insurance Mnc,General Management,24,5750.0,1.1666666666666667,24.666666666666668,25.9,Medium
Assistant Manager / Manager - Hr,Human Resources,48,5000.0,1.4375,11.5,28.4,Medium
Assistant Manager / Supervisor,F&B,47,2750.0,0.10638297872340426,4.74468085106383,29.7,Low
"Assistant Manager(Claim/Grant, Town)",Accounting / Auditing / Taxation,21,5650.0,1.4761904761904763,21.428571428571427,24.1,Medium
"Assistant Manager, Finance",Accounting / Auditing / Taxation,44,6050.0,2.5681818181818183,33.38636363636363,27.8,Medium
"Assistant Manager, Housekeeping",Hospitality,29,3150.0,1.103448275862069,19.275862068965516,23.4,Medium
Assistant Manager/Outlet Manager,F&B,36,3100.0,0.0,6.277777777777778,29.1,Low
"Assistant Manufacturing Engineer (North/ Semiconductor, Manufacturing,",Engineering,36,4250.0,1.6666666666666667,25.194444444444443,26.0,Medium
Assistant Marketing Manager,F&B,21,7500.0,2.3333333333333335,15.904761904761905,28.5,Medium
Assistant Marketing Manager,General Management,23,7500.0,4.173913043478261,25.391304347826086,27.2,Medium
Assistant Marketing Manager,Marketing / Public Relations,86,4500.0,4.965116279069767,37.895348837209305,26.9,Medium
Assistant Marketing Manager (Fmcg Industry),Marketing / Public Relations,28,4300.0,0.25,4.142857142857143,27.1,Low
Assistant Nurse Clinician,Healthcare / Pharmaceutical,48,6350.0,0.6458333333333334,14.9375,36.4,Low
"Assistant Nurse Manager (Nursing Home, Shift)",General Management,56,5000.0,0.17857142857142858,10.035714285714286,33.3,Low
Assistant Nurse Manager - Nursing Home,Environment / Health,24,4750.0,0.375,10.291666666666666,26.5,Low
Assistant Operation Manager,Building and Construction,62,9000.0,2.6451612903225805,12.241935483870968,37.2,Medium
Assistant Operation Manager,Customer Service,23,3750.0,11.0,84.69565217391305,14.5,High
Assistant Operation Manager,F&B,35,5000.0,6.371428571428571,42.2,24.5,High
Assistant Operation Manager - Dishwashing,General Management,32,3225.0,0.125,4.4375,28.2,Low
Assistant Operations Executive,General Management,24,3750.0,1.4583333333333333,34.0,26.4,Medium
Assistant Operations Manager,F&B,35,4100.0,2.4285714285714284,28.97142857142857,24.7,Medium
Assistant Operations Manager #65827,General Management,45,5250.0,0.5111111111111111,11.71111111111111,33.2,Low
Assistant Operations Supervisor,General Management,26,3000.0,2.730769230769231,36.61538461538461,22.0,Medium
Assistant Outlet Manager,Customer Service,27,3150.0,0.18518518518518517,7.296296296296297,26.6,Low
Assistant Outlet Manager,F&B,83,3150.0,0.9036144578313253,18.0,32.1,Low
Assistant Pastry Chef,F&B,23,2850.0,0.782608695652174,27.434782608695652,22.4,Low
Assistant Planner / Planning Executive,Logistics / Supply Chain,22,3250.0,0.8636363636363636,7.545454545454546,22.8,Low
Assistant Preschool Teacher,Education and Training,41,2000.0,4.487804878048781,54.951219512195124,19.1,Medium
"Assistant Process Engineer (North/ Semiconductor, Manufacturing, Electronics)",Engineering,36,4250.0,1.6666666666666667,22.86111111111111,26.0,Medium
Assistant Producer,Advertising / Media,39,2400.0,1.358974358974359,20.17948717948718,22.8,Medium
"Assistant Production Engineer (West, Manufacturing, Shift)",Engineering,36,2750.0,1.0,22.61111111111111,24.7,Low
Assistant Production Manager #66185,Manufacturing,21,5000.0,0.42857142857142855,7.666666666666667,28.0,Low
Assistant Production Supervisor (Day And Night Shift) / Medical Mnc,Engineering,98,3250.0,0.2857142857142857,4.704081632653061,33.3,Low
Assistant Project Engineer,Building and Construction,67,3150.0,2.5223880597014925,42.223880597014926,26.8,Medium
Assistant Project Engineer,Engineering,30,3200.0,1.8333333333333333,31.466666666666665,22.5,Medium
Assistant Project Engineer / Project Engineer (Mechanical & Electrical),Engineering,55,2800.0,0.6363636363636364,13.254545454545454,27.4,Low
Assistant Project Manager,Architecture / Interior Design,40,4000.0,3.975,40.15,22.7,Medium
Assistant Project Manager,Building and Construction,382,5450.0,4.054973821989528,37.77225130890052,41.1,Medium
Assistant Project Manager,Engineering,38,5000.0,5.026315789473684,57.10526315789474,23.3,High
"Assistant Quality Engineer (West / Pioneer / Up To 3,500 / 5 Days Work)",Manufacturing,22,3250.0,0.045454545454545456,2.090909090909091,25.9,Low
Assistant Quantity Surveyor,Building and Construction,96,3000.0,0.28125,43.40625,34.2,Low
Assistant Relationship Manager,Banking and Finance,35,5250.0,6.571428571428571,59.65714285714286,21.0,High
Assistant Relationship Manager (Corporate Banking),Banking and Finance,22,4750.0,4.318181818181818,30.454545454545453,19.5,Medium
Assistant Restaurant Manager,Customer Service,68,3500.0,1.0,17.897058823529413,30.9,Low
Assistant Restaurant Manager,F&B,800,3350.0,0.7675,14.63,48.9,Low
Assistant Retail Manager #64743,Sales / Retail,64,4000.0,0.359375,6.8125,33.7,Low
Assistant Sales & Marketing Manager,Sales / Retail,40,8000.0,2.225,42.0,32.8,Medium
Assistant Sales Manager,Sales / Retail,74,4250.0,2.364864864864865,32.7027027027027,29.9,Medium
Assistant Sales Manager #65176,Sales / Retail,27,5500.0,0.3333333333333333,7.333333333333333,30.9,Low
Assistant Sales Manager (Logistics/ Freight Forwarding) #65009,Sales / Retail,28,4500.0,0.42857142857142855,7.285714285714286,28.9,Low
Assistant Sales Manager (Paint & Protective Coatings) #65686,Sales / Retail,24,4750.0,0.125,3.7083333333333335,29.7,Low
Assistant Sales Manager (Shipping Mnc),Logistics / Supply Chain,56,6250.0,0.4642857142857143,4.267857142857143,34.5,Low
Assistant Sales Manager (Telecom) #65711,Sales / Retail,33,7000.0,0.5151515151515151,5.575757575757576,34.3,Low
Assistant Service Engineer,Engineering,26,3400.0,4.6923076923076925,54.57692307692308,18.0,Medium
Assistant Service Engineer #65054,Repair and Maintenance,63,3000.0,0.15873015873015872,6.142857142857143,32.6,Low
Assistant Service Manager,F&B,59,3287.5,0.15254237288135594,5.762711864406779,31.9,Low
Assistant Site Engineer,Building and Construction,47,3500.0,1.3191489361702127,50.787234042553195,27.0,Medium
Assistant Site Supervisor,Building and Construction,27,3750.0,1.1111111111111112,18.814814814814813,24.4,Medium
Assistant Sous Chef,F&B,37,3500.0,0.05405405405405406,3.5675675675675675,32.2,Low
Assistant Store Manager,F&B,30,3175.0,0.9666666666666667,27.7,26.8,Low
Assistant Store Manager,Sales / Retail,45,3350.0,5.044444444444444,54.577777777777776,21.7,High
Assistant Supervisor,Admin / Secretarial,21,4000.0,1.0,22.0,24.1,Low
Assistant Supervisor,Building and Construction,20,3725.0,1.15,26.05,22.5,Medium
Assistant Supervisor,Customer Service,36,4050.0,0.1388888888888889,7.777777777777778,30.4,Low
Assistant Supervisor,F&B,147,3800.0,0.23809523809523808,12.605442176870747,39.4,Low
Assistant Supervisor,General Work,24,3800.0,0.5833333333333334,15.208333333333334,25.9,Low
Assistant Supervisor,Manufacturing,20,3525.0,1.15,22.6,22.2,Medium
Assistant Supervisor,Sales / Retail,23,3750.0,0.782608695652174,20.26086956521739,24.2,Low
Assistant Supervisor/Supervisor,F&B,39,3950.0,0.1282051282051282,6.717948717948718,31.3,Low
Assistant Supervisor/Supervisor,Manufacturing,32,3950.0,0.0625,5.0625,30.4,Low
"Assistant System Engineer (Si, East)",Engineering,43,3000.0,0.4418604651162791,19.86046511627907,29.9,Low
Assistant Tax Manager,Accounting / Auditing / Taxation,21,5200.0,0.9523809523809523,21.666666666666668,25.6,Low
Assistant Teacher,Education and Training,196,2200.0,2.1581632653061225,36.69897959183673,32.4,Medium
Assistant Teacher (Full / Half Day),Education and Training,48,1400.0,6.645833333333333,71.3125,17.0,High
Assistant Teacher (Nursery 1) #66166,Education and Training,21,2000.0,0.19047619047619047,7.238095238095238,23.4,Low
Assistant Teachers,Education and Training,23,1500.0,1.391304347826087,17.47826086956522,19.4,Medium
Associate,Architecture / Interior Design,23,7000.0,1.4782608695652173,16.565217391304348,28.4,Medium
Associate,Banking and Finance,21,8500.0,7.619047619047619,88.76190476190476,23.4,High
Associate,Consulting,38,7500.0,8.0,69.5,26.8,High
Associate,Legal,86,13650.0,1.755813953488372,51.372093023255815,48.8,Medium
Associate Consultant,Accounting / Auditing / Taxation,20,2900.0,0.3,7.55,23.3,Low
Associate Consultant,Consulting,72,3500.0,0.5,12.333333333333334,32.2,Low
Associate Consultant,Human Resources,23,3500.0,1.2173913043478262,24.304347826086957,23.6,Medium
Associate Director,Consulting,25,11000.0,4.64,37.28,31.1,Medium
Associate Director,Human Resources,24,10500.0,1.375,16.125,35.5,Medium
Associate Director / Director (Tax) #65756,Accounting / Auditing / Taxation,43,10500.0,0.6976744186046512,6.325581395348837,42.0,Low
Associate Engineer,Engineering,53,3600.0,4.339622641509434,44.0188679245283,26.4,Medium
Associate Manager,Consulting,49,7000.0,0.7755102040816326,13.571428571428571,36.7,Low
Associate Manufacturing Engineer (Electrical/Servo/Sensor/Pneumatic System),Engineering,21,3000.0,0.19047619047619047,11.571428571428571,23.1,Low
Associate Manufacturing Engineer (Mechanical/Electrical Control System),Engineering,32,3000.0,0.15625,6.3125,26.0,Low
Associate Partner,Consulting,25,11000.0,1.56,14.2,35.0,Medium
Associate Principal,Consulting,26,7000.0,0.6923076923076923,11.615384615384615,30.3,Low
Associate Soc Analyst,Information Technology,35,3100.0,6.571428571428571,36.142857142857146,19.5,High
"Associate, Asset Management",Real Estate / Property Management,25,3600.0,0.24,5.0,26.5,Low
"Associate, Business Development",Others,25,3800.0,0.32,2.88,26.5,Low
Audit Assistant,Accounting / Auditing / Taxation,114,2825.0,0.7192982456140351,21.236842105263158,33.9,Low
Audit Assistant Manager,Accounting / Auditing / Taxation,40,5350.0,0.7,19.95,32.8,Low
Audit Assistants,Accounting / Auditing / Taxation,24,3000.0,0.5416666666666666,16.75,24.5,Low
Audit Associate,Accounting / Auditing / Taxation,354,3100.0,1.6412429378531073,38.30508474576271,40.7,Medium
Audit Associate /Senior,Accounting / Auditing / Taxation,40,3950.0,0.125,2.425,33.9,Low
Audit Associate/ Senior Auditor #52076,Accounting / Auditing / Taxation,71,3750.0,0.23943661971830985,7.394366197183099,34.5,Low
Audit Associate/Senior,Accounting / Auditing / Taxation,37,3400.0,0.7567567567567568,18.405405405405407,28.7,Low
Audit Associates,Accounting / Auditing / Taxation,73,2850.0,0.4657534246575342,17.561643835616437,32.6,Low
Audit Cum Tax Associate,Accounting / Auditing / Taxation,29,3800.0,0.3103448275862069,9.551724137931034,29.3,Low
Audit Executive,Accounting / Auditing / Taxation,41,3400.0,0.4146341463414634,15.951219512195122,29.4,Low
Audit Manager,Accounting / Auditing / Taxation,152,6500.0,0.9210526315789473,15.513157894736842,42.1,Low
Audit Manager (5 Days/Good Benefits/Central) #64812,Accounting / Auditing / Taxation,55,7500.0,0.23636363636363636,5.472727272727273,39.8,Low
Audit Manager (Banking/Insurance) #65909,Accounting / Auditing / Taxation,21,7750.0,0.14285714285714285,4.285714285714286,34.3,Low
Audit Manager - Valuation & Technical (5 Days/Good Benefits) #64764,Accounting / Auditing / Taxation,50,8250.0,0.1,3.3,41.1,Low
Audit Quality & Compliance Manager (Accounting Firm) #64852,Accounting / Auditing / Taxation,28,7250.0,0.4642857142857143,5.392857142857143,33.9,Low
Audit Semi-Senior,Accounting / Auditing / Taxation,36,3350.0,0.25,11.472222222222221,28.6,Low
Audit Senior,Accounting / Auditing / Taxation,292,4000.0,0.2671232876712329,13.496575342465754,44.2,Low
Audit Senior #65567,Accounting / Auditing / Taxation,51,3750.0,0.058823529411764705,4.549019607843137,33.1,Low
Audit Senior Manager,Accounting / Auditing / Taxation,21,11000.0,1.1904761904761905,20.571428571428573,38.0,Medium
Auditor,Accounting / Auditing / Taxation,25,3400.0,0.28,19.48,26.3,Low
Auditor (Compliance) / Central,Accounting / Auditing / Taxation,39,5100.0,0.9743589743589743,21.153846153846153,28.4,Low
Auto Mechanic/ Car Repair Mechanic #65246,Repair and Maintenance,60,2550.0,0.0,3.4166666666666665,32.3,Low
Autocad Drafter,Architecture / Interior Design,20,3200.0,1.25,60.5,21.6,Medium
Autocad Draftsman,Building and Construction,25,3150.0,2.0,81.84,20.7,Medium
Automation Design Engineer (Work At Bintan/Expat Package) #65867,Engineering,42,4000.0,0.11904761904761904,4.785714285714286,32.0,Low
Automation Designer #66188,Engineering,21,2900.0,0.0,4.761904761904762,26.0,Low
Automation Engineer,Engineering,95,4750.0,2.0105263157894737,39.45263157894737,32.1,Medium
Automation Engineer (Logistic)/ Rotating Shift,Logistics / Supply Chain,28,4000.0,0.03571428571428571,0.7142857142857143,27.6,Low
Automation Engineer - Lsmg,Engineering,28,7750.0,0.7142857142857143,12.75,35.0,Low
"Automation Engineer / Pharmaceuticals Mnc / West (2 Years’ Contract, Convertible)",Engineering,36,5050.0,0.16666666666666666,2.5277777777777777,30.5,Low
Automation Lead (Logistics/ Distribution Centre),Logistics / Supply Chain,28,9500.0,1.0714285714285714,4.5,34.1,Medium
Automation Technician (Rotating Shift)/ West,Logistics / Supply Chain,34,2000.0,0.0,0.8529411764705882,25.3,Low
Automation Tester,Information Technology,39,7000.0,1.564102564102564,37.12820512820513,32.7,Medium
Automotive Technician,Engineering,30,2500.0,0.3,17.466666666666665,27.7,Low
Av Engineer,Engineering,28,4000.0,1.25,16.0,24.0,Medium
Av Engineer (Audio Visual),Engineering,38,3250.0,0.02631578947368421,0.868421052631579,28.2,Low
Av Technician,Information Technology,23,2250.0,0.8260869565217391,17.869565217391305,21.6,Low
Av Technician & Driver,Events / Promotions,32,2750.0,0.09375,5.0,29.3,Low
Avionics Engineer (East Area/Electronics Mfg Industry),Engineering,22,3500.0,0.0,3.1818181818181817,25.3,Low
Avp (Custody Investment/Salary Up To $8K) - Gl,Admin / Secretarial,27,6500.0,0.14814814814814814,1.0,31.4,Low
Back-End - Sql Server (Support),Information Technology,21,4500.0,0.09523809523809523,3.0,26.3,Low
Backend Developer,Information Technology,163,7250.0,1.6012269938650308,27.15950920245399,42.4,Medium
Backend Engineer,Information Technology,28,7000.0,2.3214285714285716,31.785714285714285,28.2,Medium
Baker,F&B,216,2700.0,0.6064814814814815,24.36111111111111,39.8,Low
Baker,Manufacturing,20,3950.0,0.2,7.25,26.7,Low
Baker Assistant,F&B,29,1550.0,0.9655172413793104,25.275862068965516,20.4,Low
Bakery Assistant,F&B,87,2150.0,0.6091954022988506,22.804597701149426,29.8,Low
Bakery Chef,F&B,38,4650.0,0.34210526315789475,9.921052631578947,32.4,Low
Bank Officer (Deposit Services/Alexandra) - Gl,Admin / Secretarial,31,3200.0,0.6451612903225806,7.612903225806452,24.3,Low
Bank Officer (Office Hour/Salary Up To $4K) - Gl,Admin / Secretarial,29,3500.0,0.4827586206896552,6.620689655172414,25.0,Low
Bank Officer (Unit Trust Operations/Alexandra) - Gl,Admin / Secretarial,24,3200.0,0.2916666666666667,7.708333333333333,27.0,Low
Bank Sales Executive/ High Basic + Comm/ Fresher'S Welcome,Banking and Finance,23,3750.0,0.6956521739130435,20.434782608695652,25.3,Low
Bank Telesales Executive (Insurance Sales),Banking and Finance,23,3550.0,0.17391304347826086,4.6521739130434785,26.1,Low
Banking Associate,Banking and Finance,50,4500.0,1.5,16.76,32.0,Medium
Banking Investment Management Associate,Banking and Finance,23,6000.0,0.4782608695652174,6.391304347826087,33.1,Low
Bar Assistant,F&B,24,2800.0,1.0416666666666667,30.833333333333332,22.2,Medium
Bar Manager,F&B,92,4000.0,1.4673913043478262,13.51086956521739,32.0,Medium
Bar Supervisor,F&B,42,3100.0,0.6190476190476191,13.357142857142858,27.6,Low
Barber,Customer Service,20,3450.0,0.15,29.7,24.8,Low
Barista,Customer Service,69,2300.0,0.2898550724637681,14.608695652173912,31.9,Low
Barista,F&B,203,2400.0,0.7684729064039408,25.408866995073893,37.5,Low
Barista (Accommodation/ Allowance Provided) #65805,F&B,22,2500.0,0.0,3.227272727272727,25.5,Low
Barista (Full-Time),F&B,20,2300.0,0.15,6.0,23.0,Low
Bartender,Customer Service,116,2600.0,0.5086206896551724,14.232758620689655,34.5,Low
Bartender,F&B,317,2850.0,0.5078864353312302,14.690851735015773,41.3,Low
"Bd / Inside Sales Specialist (Freight Forwarding) - East, Global Mnc",Logistics / Supply Chain,30,5000.0,0.26666666666666666,3.033333333333333,28.8,Low
Beautician,Consulting,97,3750.0,0.020618556701030927,9.68041237113402,37.9,Low
Beautician,Customer Service,429,4000.0,0.03496503496503497,4.96037296037296,47.9,Low
Beautician,General Work,47,4000.0,0.0,1.574468085106383,34.1,Low
Beautician,Healthcare / Pharmaceutical,41,3650.0,0.0,4.146341463414634,31.5,Low
Beautician,Others,29,4000.0,0.034482758620689655,3.7241379310344827,29.8,Low
Beautician,Personal Care / Beauty,1934,4000.0,0.02843846949327818,5.28076525336091,58.8,Low
Beautician,Professional Services,92,4000.0,0.043478260869565216,4.119565217391305,37.6,Low
Beautician,Sales / Retail,50,4500.0,0.0,4.9,34.1,Low
Beautician #65056,Personal Care / Beauty,74,2750.0,0.0,3.864864864864865,34.0,Low
Beautician Supervisor,Customer Service,29,4250.0,0.0,7.448275862068965,29.9,Low
Beautician Supervisor,Personal Care / Beauty,71,4000.0,0.028169014084507043,8.47887323943662,35.8,Low
Beauty Advisor,Personal Care / Beauty,49,2750.0,0.3469387755102041,13.10204081632653,30.2,Low
Beauty Advisor #65864,Personal Care / Beauty,38,2150.0,0.0,2.9473684210526314,28.5,Low
Beauty Advisor / Supervisor,Consulting,30,4500.0,0.06666666666666667,4.4,28.8,Low
Beauty Centre Manager,Customer Service,25,5500.0,0.08,5.36,30.1,Low
Beauty Consultant,Consulting,37,4500.0,0.4864864864864865,10.91891891891892,30.5,Low
Beauty Consultant,Customer Service,79,4650.0,0.22784810126582278,7.949367088607595,35.5,Low
Beauty Consultant,Personal Care / Beauty,116,3625.0,0.3448275862068966,10.89655172413793,36.9,Low
Beauty Manager,Personal Care / Beauty,155,4750.0,0.1870967741935484,5.974193548387097,42.9,Low
Beauty Sales Consultant (Retail) High Commission!,Personal Care / Beauty,59,4499.5,0.03389830508474576,5.661016949152542,38.0,Low
Beauty Supervisor,Customer Service,21,4900.0,0.09523809523809523,5.476190476190476,27.1,Low
Beauty Therapist,Customer Service,41,3700.0,0.17073170731707318,16.048780487804876,31.5,Low
Beauty Therapist,Personal Care / Beauty,96,3625.0,0.22916666666666666,13.729166666666666,36.4,Low
Beginning Infant / Early Years Educator,Education and Training,42,4500.0,0.023809523809523808,0.40476190476190477,32.2,Low
Bellman,Customer Service,25,1650.0,0.68,22.68,21.4,Low
Bellman,Hospitality,28,1825.0,0.6071428571428571,33.92857142857143,22.4,Low
Beverage & Cashier Assistant,F&B,63,1875.0,0.0,0.7619047619047619,32.7,Low
Billing Assistant,Accounting / Auditing / Taxation,27,2850.0,3.6296296296296298,74.96296296296296,17.9,Medium
Billing Clerk (5 Days) #65587,Admin / Secretarial,20,2000.0,0.1,4.7,23.5,Low
Billing Executive,Accounting / Auditing / Taxation,21,2900.0,3.4761904761904763,67.47619047619048,16.8,Medium
"Billing Officer (Finance, Changi)",Accounting / Auditing / Taxation,48,3000.0,0.10416666666666667,2.7083333333333335,28.9,Low
Bim Coordinator,Architecture / Interior Design,114,3800.0,0.49122807017543857,18.096491228070175,36.8,Low
Bim Coordinator,Building and Construction,171,4250.0,0.6140350877192983,24.596491228070175,39.7,Low
Bim Coordinator (Architectural) Up To S$4500,Architecture / Interior Design,25,4000.0,0.0,4.32,27.0,Low
Bim Coordinator (M&E),Building and Construction,23,4000.0,0.5217391304347826,17.869565217391305,24.9,Low
Bim Engineer,Building and Construction,39,3850.0,0.1282051282051282,10.666666666666666,30.5,Low
Bim Manager,Architecture / Interior Design,49,6500.0,0.6530612244897959,31.408163265306122,34.6,Low
Bim Manager,Building and Construction,117,6750.0,0.5726495726495726,18.666666666666668,40.8,Low
Bim Modeler,Building and Construction,103,4000.0,1.116504854368932,55.84466019417476,33.8,Medium
Bim Modeller,Architecture / Interior Design,142,3750.0,1.0211267605633803,60.78169014084507,36.0,Medium
Bim Modeller,Building and Construction,384,3750.0,0.8645833333333334,53.713541666666664,43.6,Low
Bim Modeller,Engineering,28,3800.0,0.4642857142857143,28.0,26.6,Low
Bim Modeller (Autocad / Mechanical),Building and Construction,43,3500.0,0.09302325581395349,3.813953488372093,29.2,Low
"Bim Modeller (Revit 3D/Autocad, Up To $3,800)",Design,55,3400.0,0.05454545454545454,6.181818181818182,30.8,Low
Bim Modeller/Coordinator,Building and Construction,26,4150.0,0.5,24.076923076923077,30.5,Low
Bim Specialist,Building and Construction,22,4200.0,0.4090909090909091,25.045454545454547,26.7,Low
Biotechnologist (Sgx Healthcare Industry) / North,Healthcare / Pharmaceutical,40,2200.0,0.05,4.125,26.5,Low
Boarding Officer,Logistics / Supply Chain,21,2900.0,5.761904761904762,56.76190476190476,15.7,High
Boarding Officer (Ship Agency) Maritime Industry,Admin / Secretarial,20,3050.0,0.4,2.4,22.0,Low
Booking Coordinator (Wfh),Banking and Finance,25,4500.0,0.76,12.36,24.9,Low
Branch Banking Sales Executives/ Mnc/ Paid Training Provided,Banking and Finance,35,4000.0,0.9142857142857143,19.571428571428573,27.9,Low
Branch Customer Acquisition Executive (Station At Bank/ Gross Up To 5K/ Direct Hire),Banking and Finance,56,3150.0,0.08928571428571429,9.482142857142858,34.2,Low
"Branch Financial Consultant (Salary Up To $5,500/Bank Branch) | Code:Gl",Banking and Finance,34,4500.0,0.17647058823529413,5.0588235294117645,33.6,Low
Branch Manager,Customer Service,78,4750.0,0.5256410256410257,12.846153846153847,36.0,Low
Branch Manager,Personal Care / Beauty,65,9000.0,0.6153846153846154,9.753846153846155,40.7,Low
Branch Manager,Sales / Retail,84,4750.0,0.2619047619047619,6.738095238095238,35.4,Low
Branch Relationship Manager (Bank),Banking and Finance,21,3850.0,0.6190476190476191,12.333333333333334,25.6,Low
Branch Relationship Manager (Banking),Banking and Finance,33,3750.0,0.18181818181818182,4.2727272727272725,29.6,Low
Brand And Marketing Executive/ Manager (Pet Retail) #66067,Marketing / Public Relations,29,4250.0,0.5517241379310345,8.275862068965518,28.3,Low
Brand Executive,Advertising / Media,31,3150.0,0.25806451612903225,9.548387096774194,26.2,Low
Brand Manager,Marketing / Public Relations,23,6250.0,15.695652173913043,108.1304347826087,16.1,High
"Brand Manager (Sales & Marketing, Retail Sports)",Marketing / Public Relations,32,4750.0,10.375,52.625,17.1,High
Brand Marketing Executive #65807,Marketing / Public Relations,31,4500.0,0.45161290322580644,7.935483870967742,29.5,Low
Broker,Banking and Finance,31,8500.0,2.3548387096774195,22.129032258064516,30.8,Medium
Broking Executive (General Insurance),Insurance,28,4000.0,1.0357142857142858,19.392857142857142,24.0,Medium
"Broking Executive (Non-Sales, General Insurance)",Insurance,83,4000.0,0.30120481927710846,5.686746987951807,33.6,Low
Broking Manager (General Insurance),Insurance,27,8000.0,1.4814814814814814,24.814814814814813,30.1,Medium
Building Construction Engineer,Building and Construction,48,4250.0,0.08333333333333333,5.645833333333333,32.4,Low
Building Construction Project Engineer,Building and Construction,52,4500.0,0.3076923076923077,7.884615384615385,32.5,Low
Building Construction Supervisor,Building and Construction,55,4000.0,0.21818181818181817,5.036363636363636,32.5,Low
Building Manager,Building and Construction,29,5000.0,6.758620689655173,53.724137931034484,20.1,High
"Building Manager (Grade A, Commercial Building)",Real Estate / Property Management,24,5850.0,0.125,4.375,29.6,Low
Building Technician,Building and Construction,56,2375.0,0.9107142857142857,19.946428571428573,28.6,Low
"Building Technician (Shift, 6 Days)",Engineering,49,2500.0,0.10204081632653061,2.795918367346939,28.1,Low
Bus Captain,Customer Service,20,3250.0,1.35,42.2,24.0,Medium
Bus Captain,Others,32,2300.0,1.125,29.40625,23.7,Medium
Bus Driver,Building and Construction,24,3975.0,2.2083333333333335,48.958333333333336,21.8,Medium
Bus Driver,Customer Service,58,3700.0,0.7758620689655172,22.82758620689655,31.5,Low
Bus Driver,Logistics / Supply Chain,36,3500.0,0.1388888888888889,10.333333333333334,29.9,Low
Bus Driver,Others,100,4000.0,1.14,29.48,34.8,Medium
Bus Driver,Travel / Tourism,31,3750.0,0.8064516129032258,32.225806451612904,26.8,Low
Business Analyst,Accounting / Auditing / Taxation,32,5100.0,5.84375,63.53125,21.0,High
Business Analyst,Banking and Finance,140,6250.0,8.242857142857142,63.59285714285714,32.1,High
Business Analyst,Consulting,65,6250.0,15.461538461538462,112.56923076923077,23.6,High
Business Analyst,Information Technology,624,6500.0,7.998397435897436,59.36378205128205,43.5,High
Business Analyst,Others,28,4825.0,7.785714285714286,59.785714285714285,19.4,High
"Business Analyst (No Experience Required, Training Provided) / Energy Mnc/ West",Accounting / Auditing / Taxation,62,4500.0,0.3225806451612903,2.7096774193548385,32.5,Low
Business Analyst Assistant Manager (Powerbi),Logistics / Supply Chain,45,6250.0,0.5777777777777777,5.311111111111111,32.6,Low
Business Applications Manager,Marketing / Public Relations,28,6250.0,0.35714285714285715,6.5,31.9,Low
Business Consultant,Consulting,38,6875.0,4.657894736842105,48.578947368421055,28.6,Medium
Business Contracts And Bidding Administrator,General Management,26,3000.0,0.07692307692307693,2.1153846153846154,25.0,Low
Business Controller,Accounting / Auditing / Taxation,20,8000.0,7.6,70.45,21.7,High
Business Development (Software),Information Technology,30,4000.0,0.23333333333333334,2.2,31.0,Low
Business Development Assistant Manager,Admin / Secretarial,193,8000.0,0.6476683937823834,6.487046632124352,46.7,Low
Business Development Associate #66135,Marketing / Public Relations,20,3000.0,0.0,4.8,25.8,Low
Business Development Director,Building and Construction,25,12000.0,5.48,37.16,32.2,High
Business Development Director,Consulting,25,12250.0,19.44,106.76,26.5,High
Business Development Director,General Management,26,12500.0,10.23076923076923,69.46153846153847,30.5,High
Business Development Director,Marketing / Public Relations,32,10500.0,6.46875,50.09375,31.0,High
"Business Development Engineer (Oil & Gas, West)",Engineering,84,4250.0,0.35714285714285715,7.845238095238095,33.9,Low
Business Development Executive,Admin / Secretarial,87,3400.0,1.0804597701149425,14.126436781609195,31.5,Medium
Business Development Executive,Advertising / Media,99,3300.0,2.0303030303030303,25.424242424242426,30.1,Medium
Business Development Executive,Banking and Finance,51,3750.0,3.9019607843137254,48.01960784313726,24.8,Medium
Business Development Executive,Building and Construction,100,3900.0,2.27,22.75,30.5,Medium
Business Development Executive,Consulting,142,3400.0,2.288732394366197,28.06338028169014,32.9,Medium
Business Development Executive,Customer Service,195,3500.0,1.9794871794871796,25.646153846153847,35.3,Medium
Business Development Executive,F&B,32,3300.0,2.4375,29.78125,21.7,Medium
Business Development Executive,General Management,24,3750.0,2.5,20.75,21.2,Medium
Business Development Executive,Information Technology,43,4000.0,3.7674418604651163,39.0,23.1,Medium
Business Development Executive,Logistics / Supply Chain,22,3325.0,0.9090909090909091,24.636363636363637,21.7,Low
Business Development Executive,Manufacturing,21,3400.0,0.42857142857142855,6.142857142857143,23.4,Low
Business Development Executive,Marketing / Public Relations,147,3750.0,2.204081632653061,25.98639455782313,33.1,Medium
Business Development Executive,Others,79,3500.0,1.6329113924050633,18.227848101265824,28.8,Medium
Business Development Executive,Personal Care / Beauty,36,3900.0,0.4444444444444444,7.638888888888889,28.3,Low
Business Development Executive,Sales / Retail,275,3700.0,2.090909090909091,23.934545454545454,37.8,Medium
Business Development Executive #65923,Marketing / Public Relations,20,2750.0,0.05,2.9,25.1,Low
Business Development Executive #66167,Marketing / Public Relations,21,2800.0,0.047619047619047616,7.095238095238095,25.5,Low
Business Development Executive #66182,Marketing / Public Relations,20,3000.0,0.1,5.45,25.3,Low
Business Development Executive (Corporate Funding),Consulting,33,2900.0,0.09090909090909091,5.909090909090909,29.8,Low
Business Development Executive (Corporate Services),Consulting,52,2900.0,0.15384615384615385,3.730769230769231,30.4,Low
"Business Development Executive (East, Freight Forwarding)",Logistics / Supply Chain,47,3000.0,0.0851063829787234,11.212765957446809,28.9,Low
Business Development Executive (Logistics/ Freight Forwarding) #64761,Sales / Retail,40,3600.0,0.275,6.4,30.2,Low
"Business Development Executive (Logistics/Supply Chain, East, Up To $4,000)",Logistics / Supply Chain,81,3750.0,0.24691358024691357,5.888888888888889,33.2,Low
Business Development Executive (Maritime Mnc) No Experience Needed,Marketing / Public Relations,34,2850.0,0.0,1.1764705882352942,26.9,Low
Business Development Executive (Marketing Agency),Marketing / Public Relations,25,3250.0,0.28,14.76,24.3,Low
"Business Development Executive (Oil & Gas, West)",Banking and Finance,32,3250.0,0.1875,16.9375,26.3,Low
Business Development Executive (Recruitment),Admin / Secretarial,420,2950.0,0.18333333333333332,4.238095238095238,43.0,Low
Business Development Manager,Accounting / Auditing / Taxation,36,6875.0,5.583333333333333,39.333333333333336,25.5,High
Business Development Manager,Admin / Secretarial,901,8000.0,0.7946725860155383,7.274139844617092,56.7,Low
Business Development Manager,Advertising / Media,55,5000.0,8.545454545454545,64.07272727272728,22.7,High
Business Development Manager,Architecture / Interior Design,34,5000.0,3.911764705882353,28.705882352941178,23.0,Medium
Business Development Manager,Banking and Finance,252,4000.0,1.2896825396825398,16.353174603174605,38.8,Medium
Business Development Manager,Building and Construction,166,6750.0,4.313253012048193,30.427710843373493,36.9,Medium
Business Development Manager,Consulting,151,6750.0,6.450331125827814,41.74834437086093,34.2,High
Business Development Manager,Customer Service,170,6000.0,4.764705882352941,37.88823529411765,34.7,Medium
Business Development Manager,Education and Training,22,4875.0,2.0,20.863636363636363,22.6,Medium
Business Development Manager,Engineering,59,6500.0,5.016949152542373,39.42372881355932,28.2,High
Business Development Manager,F&B,87,7000.0,2.1264367816091956,17.137931034482758,35.9,Medium
Business Development Manager,General Management,132,6000.0,6.696969696969697,43.46212121212121,31.9,High
Business Development Manager,Information Technology,69,6600.0,7.231884057971015,50.94202898550725,27.9,High
Business Development Manager,Logistics / Supply Chain,48,5875.0,3.5833333333333335,30.0625,27.1,Medium
Business Development Manager,Manufacturing,33,7250.0,4.666666666666667,36.06060606060606,26.9,Medium
Business Development Manager,Marketing / Public Relations,163,6000.0,4.447852760736196,34.80368098159509,34.9,Medium
Business Development Manager,Others,94,6000.0,9.574468085106384,68.19148936170212,28.4,High
Business Development Manager,Sales / Retail,245,5500.0,5.8040816326530615,41.624489795918365,35.5,High
Business Development Manager,Wholesale Trade,26,6725.0,2.8076923076923075,22.03846153846154,26.1,Medium
Business Development Manager (Freight Forwarding) / Global Mnc / East,Logistics / Supply Chain,50,8500.0,0.32,4.02,38.5,Low
Business Development Manager (Freight Forwarding/Sea Freight),Logistics / Supply Chain,41,5750.0,0.17073170731707318,4.390243902439025,32.7,Low
Business Development Manager (Logistics) / Global Mnc / East,Logistics / Supply Chain,27,7000.0,3.4814814814814814,31.25925925925926,25.1,Medium
Business Development Manager (Pharmaceutical Industry),General Management,105,8250.0,0.23809523809523808,1.4285714285714286,43.3,Low
Business Development Manager (Sea) #65604,Marketing / Public Relations,25,5750.0,1.0,7.76,28.7,Low
Business Development Manager (Wind Power) Mnc,General Management,27,7250.0,0.3333333333333333,1.4444444444444444,32.0,Low
Business Development Manager/Senior Business Development Manager,Building and Construction,22,7000.0,3.3636363636363638,28.954545454545453,23.9,Medium
Business Development Specialist,Customer Service,28,3050.0,0.4642857142857143,9.75,26.2,Low
"Business Engagement Officer (Banking/Salary Up To $3,200) | Code: Gl",Banking and Finance,39,3100.0,0.05128205128205128,2.1025641025641026,30.1,Low
Business Executive,Advertising / Media,60,22500.0,0.5833333333333334,9.383333333333333,64.9,Low
Business Executive (Infra),Information Technology,31,4000.0,0.06451612903225806,0.8064516129032258,31.9,Low
Business Management Associate,Banking and Finance,139,4000.0,0.3597122302158273,9.956834532374101,40.0,Low
Business Management Trainee,Banking and Finance,123,4500.0,0.3252032520325203,8.447154471544716,37.0,Low
Business Manager,General Management,22,5000.0,3.409090909090909,34.09090909090909,20.7,Medium
Business Manager #65933,Marketing / Public Relations,29,5500.0,0.3448275862068966,4.620689655172414,31.3,Low
"Business Partner / Client Advisor, Financial Advisory (Up To $5,000 Monthly Incentive + Monthly Commission + Performance Bonus / Alexandra Road / Career Progression Opportunity / Overseas Travel)",Banking and Finance,33,3500.0,0.2727272727272727,11.757575757575758,29.8,Low
Business Process Analyst (Manufacturing Mnc),Banking and Finance,23,3850.0,0.30434782608695654,3.3043478260869565,24.8,Low
Business Solutions Manager (Retail) / Credit Analysis,Accounting / Auditing / Taxation,45,4650.0,0.0,0.26666666666666666,32.1,Low
"Business Support Cum Secretary (West, Up To $6,000)",Admin / Secretarial,39,5500.0,0.5128205128205128,9.23076923076923,30.5,Low
"Business Support Cum Secretary (West, Up To $8,000)",Admin / Secretarial,25,7000.0,0.16,2.92,31.8,Low
Business Support Executive,Admin / Secretarial,46,3150.0,4.326086956521739,44.71739130434783,21.4,Medium
Business System Analyst,Information Technology,22,4125.0,5.818181818181818,42.68181818181818,16.9,High
Business System Analyst (Manufacturing Mnc),Banking and Finance,24,3850.0,0.2916666666666667,3.3333333333333335,25.1,Low
Business Technology Consultant #65853,Information Technology,43,4250.0,0.32558139534883723,6.255813953488372,31.7,Low
Buyer,Engineering,33,4250.0,2.5454545454545454,21.636363636363637,23.8,Medium
Buyer,Logistics / Supply Chain,73,3750.0,5.301369863013699,41.83561643835616,25.2,High
Buyer,Purchasing / Merchandising,40,3300.0,3.825,40.625,21.2,Medium
Buyer (Healthcare Sgx),Environment / Health,82,2750.0,0.24390243902439024,6.463414634146342,31.4,Low
Buyer (It/Electronics/Home Appliances),Purchasing / Merchandising,36,4500.0,0.1388888888888889,1.8055555555555556,29.7,Low
Buyer (No Experience Needed) Manufacturing Mnc,Logistics / Supply Chain,32,3400.0,5.34375,45.53125,17.7,High
Buyer / 1 Year Contract / Oil & Gas Mnc / Project,Logistics / Supply Chain,24,4750.0,1.625,22.0,23.0,Medium
C# Software Developer / Financial Mnc / Central,Information Technology,37,7500.0,0.32432432432432434,2.675675675675676,34.6,Low
C&S Engineer,Building and Construction,34,4500.0,0.08823529411764706,6.882352941176471,31.2,Low
C++ Developer,Information Technology,33,6500.0,2.9696969696969697,36.515151515151516,27.5,Medium
Cad Drafter,Building and Construction,41,3600.0,1.1951219512195121,50.97560975609756,26.4,Medium
Cafe Assistant,Customer Service,29,2650.0,0.5172413793103449,22.103448275862068,26.3,Low
Cafe Assistant & Barista,F&B,21,2900.0,1.8095238095238095,45.95238095238095,23.2,Medium
Cafe Manager,F&B,79,4000.0,1.6835443037974684,15.08860759493671,31.5,Medium
Cafe Server / Barista,F&B,28,4000.0,0.25,5.321428571428571,26.6,Low
Cafe Supervisor,F&B,21,2800.0,0.5714285714285714,15.19047619047619,22.3,Low
"Calibration Engineer (Production) - West, Pharmaceuticals Mnc",Engineering,25,5000.0,0.24,1.16,27.7,Low
Call Center Executive,Customer Service,24,2850.0,0.25,1.5833333333333333,23.4,Low
"Call Center Officer (Tampines/Salary Up To $3,2K/Office Hour) - Code: Gl",Banking and Finance,26,3000.0,0.9230769230769231,6.6923076923076925,21.9,Low
Call Centre Agent,Customer Service,27,2400.0,9.148148148148149,66.22222222222223,15.3,High
Call Centre Agents,Customer Service,30,1700.0,0.6666666666666666,12.466666666666667,22.6,Low
Call Centre Assistant - Up To $2600 / West / 2 Rotating Shifts #Hmlt,Telecommunications,20,2450.0,1.1,19.2,22.9,Medium
Call Centre Associates(Many Vacancies),Admin / Secretarial,23,2350.0,0.21739130434782608,3.4347826086956523,23.7,Low
Call Centre Officer (1 Year Contract) / No Exp Needed / North / 5 Days Work Week + Alt Sat,Customer Service,29,1900.0,0.0,0.4827586206896552,28.6,Low
Call Centre Officer (1 Year Contract) / North / 5 Days Work Week + Alt Sat,Customer Service,124,1800.0,0.6129032258064516,14.935483870967742,35.6,Low
Call Centre Officer (Credit Control) - Healthcare Mnc,Customer Service,21,2750.0,3.0476190476190474,32.0,16.1,Medium
"Call Centre | Bank | Jurong Or Changi | Salary Up To $3,600",Information Technology,22,3050.0,0.09090909090909091,0.8636363636363636,30.6,Low
Captain,F&B,46,2525.0,0.08695652173913043,5.717391304347826,30.5,Low
Captain (F&B),F&B,22,2500.0,0.045454545454545456,1.7272727272727273,24.6,Low
Captain Waiter,F&B,47,2800.0,0.0,4.0638297872340425,35.2,Low
Car Mechanic,Repair and Maintenance,31,3250.0,0.1935483870967742,21.806451612903224,27.4,Low
Car Sales Consultant,Sales / Retail,21,4500.0,2.0952380952380953,34.57142857142857,23.7,Medium
Car Sales Executive,Sales / Retail,23,4250.0,2.9130434782608696,43.30434782608695,21.5,Medium
Car Sales Executive / 5 Days / Basic + High Comm / Immediate,Customer Service,21,6500.0,0.2857142857142857,9.714285714285714,29.2,Low
Care Programme Coordinator - Healthcare ( Office Hour ),Environment / Health,45,1950.0,0.3333333333333333,11.533333333333333,25.5,Low
Care Support Assistants / Associates (Islandwide) - #Hhw,Healthcare / Pharmaceutical,25,2500.0,0.0,3.32,28.7,Low
Care Support Associate- Senior Care Center ( Mon To Fri ),Environment / Health,23,1900.0,0.6086956521739131,16.52173913043478,20.0,Low
"Career Advisor (Entry Level, Training Provided) Basic + Attractive Comms",Consulting,116,3100.0,1.0172413793103448,15.810344827586206,31.8,Medium
"Career Advisor (Entry Level, Training Provided) Basic + Attractive Sales Incentives",Consulting,310,3100.0,0.08064516129032258,1.196774193548387,41.7,Low
Cargo Coordinator - Changi Airport,Logistics / Supply Chain,31,2500.0,0.967741935483871,27.612903225806452,25.2,Low
Carpenter,Architecture / Interior Design,101,3750.0,0.09900990099009901,15.881188118811881,37.1,Low
Carpenter,Building and Construction,335,3800.0,0.09253731343283582,11.011940298507463,45.6,Low
Carpenter,General Work,123,3900.0,0.11382113821138211,12.08130081300813,37.6,Low
Carpenter,Manufacturing,189,3975.0,0.12698412698412698,10.328042328042327,42.5,Low
Carpenter,Others,112,3850.0,0.08035714285714286,8.428571428571429,38.5,Low
Carpenter #65820,Manufacturing,27,2750.0,0.0,1.9259259259259258,27.3,Low
Carpenter Supervisor,Building and Construction,83,4000.0,0.14457831325301204,12.397590361445783,35.7,Low
Carpenter Supervisor,Manufacturing,35,3800.0,0.3142857142857143,22.0,28.7,Low
Case Worker,Social Services,23,3500.0,21.347826086956523,153.56521739130434,9.2,High
Cashier,Customer Service,68,2001.25,2.0588235294117645,55.470588235294116,26.9,Medium
Cashier,F&B,37,2150.0,0.8648648648648649,33.91891891891892,24.7,Low
Cashier,Sales / Retail,50,2100.0,3.12,81.14,23.2,Medium
Cashier ($2400),Sales / Retail,22,2350.0,0.045454545454545456,2.3636363636363638,27.4,Low
Cashier/Kitchen Assistant,F&B,30,2150.0,0.03333333333333333,7.4,26.7,Low
Cat Care & Service Crew,F&B,52,2000.0,0.38461538461538464,16.03846153846154,26.4,Low
Catering Driver,F&B,27,2850.0,0.7037037037037037,24.85185185185185,23.9,Low
Catering Operations Executive,F&B,20,3150.0,0.25,6.8,23.3,Low
Ccp For Registered Nurses (Diploma),Healthcare / Pharmaceutical,23,3025.0,0.43478260869565216,26.73913043478261,27.6,Low
"Cctv Service Engineer (Si, East)",Engineering,35,3000.0,0.45714285714285713,15.714285714285714,27.5,Low
"Cctv/ Ees Technician (Si, East)",Engineering,36,2750.0,0.3611111111111111,17.97222222222222,28.6,Low
Ceiling Fan Installer,Building and Construction,37,2650.0,0.0,1.0810810810810811,27.6,Low
Central Kitchen Cook,F&B,24,4000.0,0.2916666666666667,10.125,27.3,Low
Central Kitchen Production Staff,Manufacturing,20,2300.5,0.15,12.9,26.1,Low
Central Maintenance Engineer / Specialist,Engineering,26,4250.0,0.11538461538461539,2.576923076923077,27.2,Low
Centre Executives,Admin / Secretarial,40,1750.0,0.025,2.0,30.3,Low
Centre Manager,Admin / Secretarial,30,3850.0,0.4666666666666667,10.1,27.4,Low
Centre Managers,Admin / Secretarial,20,2400.0,0.15,4.65,26.3,Low
Centre Principal,Education and Training,64,5500.0,0.625,5.421875,35.4,Low
Ceramics Studio Technician,Design,41,3500.0,0.5121951219512195,23.170731707317074,31.7,Low
Channel Sales Executive (Cctv),Sales / Retail,22,3750.0,0.045454545454545456,1.9545454545454546,25.5,Low
Channel Sales Manager,Sales / Retail,29,6000.0,2.7241379310344827,24.310344827586206,24.7,Medium
Charterer (Lng) / Oil & Gas Mnc,Logistics / Supply Chain,91,10000.0,0.0989010989010989,1.7032967032967032,46.2,Low
Chartering Manager,Logistics / Supply Chain,23,11500.0,2.6956521739130435,35.608695652173914,33.9,Medium
Chauffeur (Personal Driver),Others,38,2625.0,0.5263157894736842,9.105263157894736,25.0,Low
Chauffeur/Company Driver,Customer Service,28,2450.0,5.464285714285714,46.285714285714285,15.3,High
Chef,Customer Service,296,3900.0,0.14527027027027026,6.64527027027027,44.8,Low
Chef,F&B,3899,4000.0,0.1995383431649141,6.914080533470121,62.3,Low
Chef,General Work,33,4000.0,0.12121212121212122,3.757575757575758,29.7,Low
Chef,Manufacturing,58,4000.0,0.10344827586206896,4.9655172413793105,34.1,Low
Chef,Others,282,4500.0,0.15602836879432624,5.716312056737588,45.3,Low
Chef (Chinese Cuisine),F&B,33,4400.0,0.06060606060606061,3.5454545454545454,32.1,Low
Chef (Hotpot),F&B,38,3650.0,0.02631578947368421,3.473684210526316,29.0,Low
Chef (South & North Indian Cuisine),F&B,33,4300.0,0.12121212121212122,10.424242424242424,29.9,Low
Chef De Cuisine,F&B,241,6500.0,0.8091286307053942,10.244813278008298,47.5,Low
Chef De Partie,Customer Service,72,3000.0,0.3194444444444444,13.527777777777779,32.8,Low
Chef De Partie,F&B,1158,2900.0,0.21934369602763384,9.392918825561313,52.1,Low
Chef De Partie,Hospitality,36,2700.0,0.3611111111111111,16.86111111111111,27.0,Low
Chef De Partie (Cdp),F&B,44,2900.0,0.22727272727272727,7.840909090909091,30.5,Low
Chef De Partie (Italian Restaurant),Customer Service,25,3000.0,0.0,0.72,29.3,Low
Chef De Partie - Japanese Restaurant,F&B,57,3250.0,0.07017543859649122,8.56140350877193,30.8,Low
Chef-De-Partie (Western),Customer Service,42,2800.0,0.21428571428571427,6.666666666666667,29.3,Low
Chef/ Management Trainee (Japanese Restaurant),Customer Service,31,3900.0,0.06451612903225806,10.129032258064516,27.9,Low
Chemical Engineer,Engineering,27,3845.0,10.962962962962964,154.40740740740742,14.4,High
"Chemical Engineer (Laboratory/ Manufacturing, West)",Engineering,35,4250.0,2.5142857142857142,30.97142857142857,25.1,Medium
"Chemical Engineer - Environmental Mnc, West (Shift Hours)",Engineering,29,3150.0,0.0,1.0344827586206897,26.4,Low
Chemical Process Technician (12-Hour Day & Night Shift),Engineering,21,2150.0,0.0,1.6666666666666667,22.5,Low
Chemist,Sciences / Laboratory / R&D,48,3650.0,8.395833333333334,106.1875,19.8,High
"Chemist (Chemical, Manufacturing, Electronics/ West)",Engineering,35,3250.0,0.8857142857142857,20.685714285714287,26.6,Low
"Chemist - West, Environmental Mnc",Environment / Health,35,3350.0,0.02857142857142857,0.5142857142857142,27.9,Low
Chemist / Environmental Mnc / West,Environment / Health,42,3350.0,0.047619047619047616,0.5714285714285714,29.0,Low
Chief Chef,F&B,107,6900.0,0.5233644859813084,14.383177570093459,41.9,Low
Chief Cook,F&B,257,4500.0,0.038910505836575876,3.914396887159533,45.2,Low
Chief Executive Officer,General Management,67,11250.0,12.925373134328359,76.85074626865672,33.3,High
Chief Financial Officer,Accounting / Auditing / Taxation,56,14000.0,14.714285714285714,96.46428571428571,36.3,High
Chief Operating Officer,General Management,27,12000.0,22.85185185185185,133.0,25.5,High
Chief Technology Officer,Information Technology,33,14000.0,12.848484848484848,94.3030303030303,33.5,High
Child Care Teacher,Education and Training,68,3225.0,0.5294117647058824,28.25,32.4,Low
Childcare - Admin,Education and Training,27,1950.0,0.0,0.4074074074074074,26.4,Low
Childcare - Cleaner,General Work,28,1950.0,0.17857142857142858,6.071428571428571,25.8,Low
Childcare - Cook,General Work,25,1950.0,0.08,1.56,25.5,Low
Childcare - Senior Teacher,Education and Training,98,3750.0,0.47959183673469385,11.693877551020408,36.2,Low
Childcare Cleaner,General Work,23,1650.0,0.9565217391304348,35.26086956521739,18.8,Low
Childcare Principal / Vice Principal,Education and Training,47,4400.0,2.851063829787234,30.46808510638298,24.7,Medium
Childcare Teacher,Education and Training,192,3300.0,0.625,16.036458333333332,38.6,Low
Childcare Teacher #65652,Education and Training,26,3300.0,0.038461538461538464,3.1153846153846154,27.9,Low
Childcare Teacher (Chinese Language),Education and Training,21,3150.0,0.2857142857142857,16.476190476190474,24.0,Low
Childcare Teachers (Chinese Language @Tampines),Education and Training,34,3200.0,0.20588235294117646,14.088235294117647,28.7,Low
Childcare Teachers (Tampines),Education and Training,26,3050.0,0.15384615384615385,13.884615384615385,26.9,Low
Childcare Teachers @ Ang Mo Kio,Education and Training,27,3100.0,0.18518518518518517,6.592592592592593,26.3,Low
Children Fitness Coach,Education and Training,20,2950.0,0.2,2.9,24.0,Low
Chinese Chef,F&B,69,3300.0,0.0,2.8260869565217392,35.3,Low
Chinese Cuisine Chef,F&B,39,3900.0,0.05128205128205128,7.641025641025641,31.1,Low
Chinese Language Childcare Teacher,Education and Training,24,3900.0,0.20833333333333334,7.75,25.6,Low
Chinese Language Preschool Teacher,Education and Training,20,3450.0,0.8,19.8,22.5,Low
Chinese Language Teacher,Education and Training,154,3100.0,0.8441558441558441,24.974025974025974,36.1,Low
Chinese Preschool Educator,Education and Training,24,3500.0,0.25,10.25,27.3,Low
Chinese Preschool Teacher,Education and Training,30,3200.0,0.6333333333333333,17.233333333333334,25.5,Low
Chinese Restaurant Chef,F&B,37,3900.0,0.02702702702702703,4.621621621621622,31.1,Low
Chinese Teacher,Education and Training,72,3350.0,2.2916666666666665,37.44444444444444,27.7,Medium
Chiropractor,Healthcare / Pharmaceutical,28,8250.0,0.0,4.678571428571429,37.6,Low
Civil & Structural Engineer,Building and Construction,86,4250.0,1.5,47.7093023255814,32.2,Medium
Civil & Structural Engineer,Engineering,33,4150.0,0.7575757575757576,33.60606060606061,28.5,Low
Civil Construction Project Engineer,Building and Construction,69,5300.0,0.2028985507246377,11.81159420289855,36.8,Low
Civil Engineer,Architecture / Interior Design,25,4000.0,0.32,36.64,26.7,Low
Civil Engineer,Building and Construction,383,4000.0,0.412532637075718,31.443864229765012,44.7,Low
Civil Engineer,Engineering,75,4000.0,0.8933333333333333,40.24,31.7,Low
Civil Engineer (Building Construction),Building and Construction,29,3900.0,0.5172413793103449,36.0,27.1,Low
Civil Engineer (Railway Construction),Building and Construction,40,8200.0,0.05,1.8,39.0,Low
Claim Assistants(No Exp Needed),Admin / Secretarial,33,2150.0,0.030303030303030304,3.272727272727273,25.2,Low
Claim Specialist & Assistant Operations Manager #65964,Insurance,30,5000.0,0.5333333333333333,7.433333333333334,29.9,Low
Claims Executive,Insurance,21,3750.0,3.619047619047619,42.666666666666664,17.9,Medium
Claims Executive (Iso Tank),Admin / Secretarial,39,4500.0,0.358974358974359,9.794871794871796,29.2,Low
Claims Executive (Marine Insurance),Insurance,57,3000.0,0.3508771929824561,9.175438596491228,29.0,Low
Class 3 / 4 Driver #66139,Logistics / Supply Chain,24,2500.0,0.125,5.291666666666667,25.5,Low
Class 3 Courier Delivery Driver,Logistics / Supply Chain,22,3100.0,6.7727272727272725,106.63636363636364,16.9,High
Class 3 Delivery Driver,Logistics / Supply Chain,37,2700.0,1.7837837837837838,38.24324324324324,23.7,Medium
Class 3 Delivery Driver,Wholesale Trade,28,2200.0,1.5357142857142858,37.392857142857146,20.7,Medium
Class 3 Delivery Driver #65156,Logistics / Supply Chain,23,3100.0,0.21739130434782608,13.434782608695652,25.9,Low
Class 3 Driver,Building and Construction,21,2100.0,0.23809523809523808,23.857142857142858,22.4,Low
Class 3 Driver,Logistics / Supply Chain,72,2500.0,0.8611111111111112,28.65277777777778,30.8,Low
Class 3 Driver,Others,25,2600.0,1.64,34.68,20.6,Medium
Class 3 Driver #65198,Logistics / Supply Chain,66,2050.0,0.045454545454545456,5.136363636363637,31.7,Low
Class 3 Driver #65257,Logistics / Supply Chain,25,2000.0,0.08,3.68,25.0,Low
Class 3 Driver #65816,Logistics / Supply Chain,46,2150.0,0.08695652173913043,6.195652173913044,29.3,Low
Class 3 Driver #65829,Logistics / Supply Chain,45,2400.0,0.24444444444444444,7.088888888888889,28.9,Low
Class 3 Driver #66123,Logistics / Supply Chain,26,2500.0,0.11538461538461539,7.346153846153846,26.0,Low
Class 3 Driver Cum Warehouse Store,Customer Service,38,3800.0,0.6578947368421053,7.394736842105263,28.1,Low
Class 3 Drivers(Many Vacancies),Engineering,24,2500.0,0.08333333333333333,3.4583333333333335,23.5,Low
Class 4 Bus Driver,Others,22,3500.0,0.3181818181818182,14.772727272727273,26.4,Low
Class 4 Bus Driver,Travel / Tourism,31,4000.0,0.3870967741935484,25.35483870967742,29.5,Low
Class 4 Delivery Driver,Logistics / Supply Chain,44,3412.5,0.3181818181818182,26.136363636363637,29.6,Low
Class 4 Driver,Building and Construction,139,3750.0,0.3597122302158273,17.086330935251798,40.8,Low
Class 4 Driver,General Work,49,3150.0,0.061224489795918366,15.061224489795919,31.5,Low
Class 4 Driver,Logistics / Supply Chain,213,3050.0,0.24413145539906103,15.784037558685446,40.2,Low
Class 4 Driver,Others,52,3350.0,0.3076923076923077,16.96153846153846,30.9,Low
Class 4 Driver #65895,Logistics / Supply Chain,31,3000.0,0.0,2.6451612903225805,28.7,Low
Class 4 Driver #66027,Logistics / Supply Chain,32,2550.0,0.0,4.3125,28.1,Low
Class 4 Driver #66118,Logistics / Supply Chain,25,2900.0,0.0,4.68,27.1,Low
Class 4 Driver (5 Days) #65188,Logistics / Supply Chain,39,2700.0,0.02564102564102564,3.051282051282051,29.5,Low
Class 4 Driver (Tipper Truck Driver),General Work,29,3600.0,0.3793103448275862,13.413793103448276,30.0,Low
Class 4 Driver / Class 3 Driver X2 / 5Days/Good Bonus,Customer Service,26,3800.0,0.15384615384615385,3.8846153846153846,27.5,Low
Class 4 Driver / Class 3 Driver X2 / 5Days/Goodbonus,Customer Service,55,3800.0,1.0545454545454545,20.636363636363637,29.4,Medium
Class 4 Driver Cum Warehouse Coordinator #65689,Logistics / Supply Chain,35,2850.0,0.0,2.742857142857143,29.2,Low
Class 4 Lorry Driver,Building and Construction,21,3300.0,0.14285714285714285,17.0,25.2,Low
Class 4 Lorry Driver,Logistics / Supply Chain,43,2850.0,0.3023255813953488,17.25581395348837,28.2,Low
Class 4 Lorry Driver #65110,Logistics / Supply Chain,34,2400.0,0.058823529411764705,2.5294117647058822,27.9,Low
Class 4 Lorry Driver (24Ft) #65229,Logistics / Supply Chain,52,3250.0,0.038461538461538464,2.75,32.4,Low
Class 4 Tanker Driver,Logistics / Supply Chain,29,2900.0,0.7241379310344828,31.517241379310345,25.2,Low
Class 4 Tipper Truck Driver,Building and Construction,48,4150.0,0.625,19.166666666666668,31.7,Low
Class 4/5 Heavy Vehicle Driver - East / West - Up To $3600,General Work,23,3000.0,0.13043478260869565,5.3478260869565215,28.5,Low
Class 5 Driver (5 Days) #65566,Logistics / Supply Chain,26,2900.0,0.0,3.8076923076923075,27.4,Low
Class 5 Truck Driver #65566,Logistics / Supply Chain,21,3000.0,0.0,2.238095238095238,26.1,Low
Cleaner,Building and Construction,27,1650.0,0.2962962962962963,22.11111111111111,26.9,Low
Cleaner,Customer Service,22,1677.5,0.6818181818181818,55.18181818181818,22.7,Low
Cleaner,Environment / Health,62,1666.25,0.16129032258064516,17.887096774193548,32.3,Low
Cleaner,F&B,79,2000.0,0.4177215189873418,30.354430379746834,30.8,Low
Cleaner,General Work,200,1650.0,0.455,31.615,36.8,Low
Cleaner,Others,97,1600.0,0.5463917525773195,28.0,32.1,Low
Cleaning Operations Executive,Environment / Health,33,3250.0,1.0909090909090908,15.787878787878787,29.2,Medium
Cleaning Supervisor,Admin / Secretarial,20,3250.0,1.0,12.0,22.3,Low
Cleaning Supervisor,Customer Service,34,3775.0,2.235294117647059,26.941176470588236,24.2,Medium
Cleaning Supervisor,Environment / Health,99,2450.0,2.080808080808081,24.232323232323232,31.1,Medium
Cleaning Supervisor,General Work,21,3250.0,1.9047619047619047,19.761904761904763,20.6,Medium
Cleaning Supervisor,Others,30,4000.0,1.7666666666666666,16.2,25.3,Medium
Clerk,Admin / Secretarial,33,2100.0,3.787878787878788,68.93939393939394,17.6,Medium
"Client Accountant (3 Days Wfh, Up To $5,000)",Accounting / Auditing / Taxation,31,4500.0,0.8064516129032258,12.741935483870968,26.2,Low
Client Relationship Manager - (Salary Up To $4K + Monthly Commission) - Code: Gl,Banking and Finance,77,3650.0,0.14285714285714285,10.103896103896103,34.5,Low
Client Services Executive (Convertible/Renewable) / 5 Months Contract / East,Customer Service,28,2750.0,0.10714285714285714,1.5714285714285714,26.2,Low
Client Services Manager,Consulting,28,7000.0,2.3214285714285716,22.571428571428573,28.3,Medium
Clinic Assistant,Admin / Secretarial,226,2500.0,6.8628318584070795,63.18141592920354,29.3,High
Clinic Assistant,Customer Service,143,2300.0,10.503496503496503,94.2937062937063,23.5,High
Clinic Assistant,Healthcare / Pharmaceutical,372,2350.0,6.717741935483871,64.38709677419355,32.4,High
Clinic Assistant #64420,Customer Service,34,2900.0,0.8529411764705882,15.588235294117647,25.8,Low
Clinic Assistant #65272,Healthcare / Pharmaceutical,45,2550.0,0.15555555555555556,6.044444444444444,29.6,Low
Clinic Assistant #65590,Healthcare / Pharmaceutical,40,2500.0,0.475,6.675,27.4,Low
"Clinic Assistant (5.5 Days, Central)",Admin / Secretarial,109,2500.0,1.036697247706422,12.091743119266056,30.2,Medium
"Clinic Assistant (5.5 Days, Paediatrics)",Admin / Secretarial,39,2500.0,0.5897435897435898,16.153846153846153,24.7,Low
Clinic Assistant (Dental Clinic/5 Days/Rotating Shift),Healthcare / Pharmaceutical,20,3250.0,0.1,5.4,25.8,Low
Clinic Assistant (Full-Time),Healthcare / Pharmaceutical,29,2450.0,1.5517241379310345,21.24137931034483,21.2,Medium
Clinic Assistant Gp Clinic ( 5.5 Days),Admin / Secretarial,22,2150.0,1.5,14.409090909090908,17.9,Medium
Clinic Consultant (Basic Up To S$3000 + Commission),Customer Service,41,2750.0,0.0975609756097561,4.609756097560975,27.4,Low
Clinic Consultant (Basic Up To S$3000 + Commission) Islandwide,Customer Service,62,2750.0,0.06451612903225806,1.6774193548387097,30.4,Low
Clinic Consultant (Up To S$2800),Customer Service,37,2550.0,0.0,0.918918918918919,26.9,Low
Clinic Executive,Healthcare / Pharmaceutical,48,2650.0,1.625,24.395833333333332,26.0,Medium
"Clinic Executive (Specialist Clinic, 5.5 Days)",Environment / Health,178,3750.0,0.6853932584269663,7.522471910112359,38.2,Low
Clinic Manager,Healthcare / Pharmaceutical,31,3500.0,2.7419354838709675,39.58064516129032,21.9,Medium
"Clinic Manager (Paediatric, 5.5 Days)",General Management,50,4000.0,0.14,3.28,30.9,Low
Clinic Manager (Up To S$6500 Based On Experience) Islandwide,Healthcare / Pharmaceutical,67,6000.0,0.208955223880597,2.537313432835821,36.2,Low
Clinic Manager (Up To S$6500),Healthcare / Pharmaceutical,44,6000.0,0.5,7.318181818181818,32.3,Low
Clinic Manager Cum Nurse,Healthcare / Pharmaceutical,41,4500.0,0.0975609756097561,1.7560975609756098,30.8,Low
Clinic Nurse,Healthcare / Pharmaceutical,101,3575.0,0.7029702970297029,13.217821782178218,33.2,Low
Clinic Nurse #64818,Healthcare / Pharmaceutical,56,3600.0,0.32142857142857145,8.428571428571429,32.3,Low
Clinical Associate,Healthcare / Pharmaceutical,24,5500.0,0.7083333333333334,61.75,32.2,Low
Clinical Associate,Medical / Therapy Services,20,7200.0,0.2,24.7,33.8,Low
Clinical Fellow (Medical Doctor),Medical / Therapy Services,20,4750.0,0.25,12.2,28.9,Low
Clinical Laboratory Manager,Healthcare / Pharmaceutical,20,5250.0,0.35,4.9,26.3,Low
"Clinical Operations Executive (Healthcare Mnc, Business Planning) #Hvw",Admin / Secretarial,24,4100.0,0.16666666666666666,2.5833333333333335,27.5,Low
Clinical Psychologist,Healthcare / Pharmaceutical,24,5250.0,2.7083333333333335,74.66666666666667,23.0,Medium
Clinical Research Coordinator,Healthcare / Pharmaceutical,20,3850.0,18.2,144.4,12.1,High
Cloud Architect,Information Technology,89,11000.0,0.9213483146067416,13.775280898876405,46.4,Low
Cloud Consultant,Information Technology,31,10000.0,2.4516129032258065,26.967741935483872,34.4,Medium
Cloud Devops Engineer,Information Technology,22,6750.0,1.6363636363636365,33.31818181818182,27.7,Medium
Cloud Engineer,Consulting,25,6000.0,1.72,33.8,26.9,Medium
Cloud Engineer,Engineering,33,7250.0,2.727272727272727,39.54545454545455,29.5,Medium
Cloud Engineer,Information Technology,296,7500.0,1.429054054054054,22.902027027027028,46.9,Medium
Cloud Engineer #65030,Information Technology,34,5500.0,0.7352941176470589,14.382352941176471,31.0,Low
Cloud Network Engineer,Information Technology,52,5250.0,1.3076923076923077,22.03846153846154,31.0,Medium
Cloud Operations Engineer,Information Technology,24,8875.0,2.25,39.166666666666664,31.2,Medium
Cloud Security Engineer,Information Technology,32,7750.0,0.40625,7.53125,35.4,Low
Cloud Solution Architect,Information Technology,34,11250.0,0.6764705882352942,8.264705882352942,40.9,Low
Cloud Specialist,Information Technology,34,8000.0,0.5,9.088235294117647,36.9,Low
Cloud Support Engineer,Information Technology,25,5500.0,3.08,37.32,23.5,Medium
Cluster Senior / Executive - F&B Retail,Sales / Retail,21,3600.0,0.047619047619047616,2.4761904761904763,24.9,Low
Cnc Machine Operator (Hostel Provided) #65281,Manufacturing,28,1350.0,0.0,3.9642857142857144,25.0,Low
Cnc Machinist,Engineering,125,3650.0,0.704,37.792,36.5,Low
Cnc Machinist,Manufacturing,97,3050.0,0.7731958762886598,45.05154639175258,33.6,Low
Cnc Machinist,Precision Engineering,23,3750.0,1.1304347826086956,78.69565217391305,23.8,Medium
Cnc Machinist #65092,Manufacturing,31,1750.0,0.0,8.516129032258064,26.4,Low
Cnc Machinist #65873,Manufacturing,42,3350.0,0.07142857142857142,4.333333333333333,31.0,Low
Cnc Machinist (Milling / Turning),Engineering,23,3000.0,0.30434782608695654,41.608695652173914,26.3,Low
Cnc Machinist (Tuas/West/North/East),Engineering,26,2150.0,0.07692307692307693,21.192307692307693,23.4,Low
Cnc Maintenance Technician (Manufacturing / West),Engineering,37,3000.0,0.16216216216216217,17.56756756756757,29.1,Low
Cnc Operator #65129,Manufacturing,68,1900.0,0.014705882352941176,7.588235294117647,31.8,Low
Cnc Programmer,Engineering,60,3650.0,0.25,22.716666666666665,31.9,Low
Cnc Programmer,Manufacturing,23,3750.0,0.5652173913043478,42.34782608695652,24.6,Low
Cnc Programmer/ Cam Programmer #65158,Manufacturing,46,3000.0,0.06521739130434782,3.260869565217391,31.0,Low
Cnc Technician #65253,Manufacturing,61,3000.0,0.04918032786885246,4.114754098360656,32.9,Low
Cnc Technician #65850,Manufacturing,35,2450.0,0.08571428571428572,2.6,28.0,Low
Cnc Turning Operator #65691,Manufacturing,32,2150.0,0.0,2.03125,27.3,Low
Cobol Developer,Information Technology,38,5525.0,0.10526315789473684,11.921052631578947,33.4,Low
Commercial Banking Relationship Manager,Banking and Finance,21,7500.0,0.7619047619047619,21.523809523809526,29.4,Low
Commercial Controller / Senior Commercial Controller,Engineering,20,6000.0,0.2,2.35,29.7,Low
Commercial Executive (Iso Tank),Admin / Secretarial,42,4500.0,0.2619047619047619,6.738095238095238,30.1,Low
Commercial Manager,Building and Construction,23,8750.0,2.4782608695652173,22.956521739130434,29.5,Medium
Commercial Operations Manager,General Management,32,9000.0,1.0625,9.625,34.1,Medium
Commis,F&B,50,2400.0,0.06,9.04,31.0,Low
Commis #65925,F&B,38,2150.0,0.0,3.6578947368421053,28.5,Low
Commis Chef,F&B,98,2600.0,0.1326530612244898,19.581632653061224,35.2,Low
Commis Cook,Customer Service,30,2150.0,0.06666666666666667,13.3,27.2,Low
Commis Cook,F&B,108,2250.0,0.07407407407407407,13.63888888888889,35.5,Low
Commissioning Engineer,Engineering,34,5850.0,2.1470588235294117,24.91176470588235,28.9,Medium
"Commissioning Engineer (Tuas, Up To $3,500)",Engineering,36,3150.0,0.027777777777777776,1.25,27.7,Low
Communication Officer,Advertising / Media,67,4750.0,0.23880597014925373,7.223880597014926,33.8,Low
Communications And Administrative Executive (Japanese Speaking),Admin / Secretarial,20,3500.0,0.1,10.85,24.1,Low
Community Care Associate,Healthcare / Pharmaceutical,22,1850.0,0.9545454545454546,23.59090909090909,21.3,Low
Company Accountant,Accounting / Auditing / Taxation,26,4150.0,1.4230769230769231,30.384615384615383,24.1,Medium
Company Driver,Others,34,2700.0,2.823529411764706,48.1764705882353,19.7,Medium
Compensation And Benefits Manager (Mnc),General Management,25,9000.0,0.12,1.12,35.7,Low
Compliance Analyst,Banking and Finance,26,4700.0,5.615384615384615,58.80769230769231,19.0,High
Compliance Manager,Banking and Finance,50,8000.0,5.72,53.88,29.1,High
Compliance Manager / Assistant Manager,Accounting / Auditing / Taxation,26,4500.0,0.19230769230769232,3.3461538461538463,27.3,Low
Compliance Officer,Banking and Finance,56,5750.0,7.696428571428571,74.64285714285714,24.6,High
Compliance Officer,Legal,23,4500.0,1.391304347826087,15.91304347826087,23.5,Medium
Compliance Specialist / 1.5 Years Contract / Central,Accounting / Auditing / Taxation,36,5100.0,0.9444444444444444,21.5,27.9,Low
Compliance Specialist / Central / Completion Bonus / 1.5 Years Contract,Accounting / Auditing / Taxation,41,5100.0,1.048780487804878,21.682926829268293,28.5,Medium
Computer Operator,Information Technology,24,4250.0,1.9166666666666667,28.958333333333332,22.7,Medium
Computer Software Engineer,Information Technology,40,5000.0,0.45,11.225,32.1,Low
Concierge,Customer Service,30,2587.5,1.4,14.833333333333334,22.5,Medium
Concierge,Hospitality,27,2575.0,0.25925925925925924,9.851851851851851,24.1,Low
Concierge Officer (Condo),Admin / Secretarial,29,2850.0,1.7241379310344827,14.275862068965518,22.6,Medium
Concierge Receptionist At East / 1 Year / Shift Hours,Customer Service,86,3500.0,0.6744186046511628,13.930232558139535,31.5,Low
Concrete Mix Truck Driver,Building and Construction,24,3650.0,0.041666666666666664,4.041666666666667,30.1,Low
Condo So/Sso In Changi Area. Day/Night Available,Security and Investigation,44,2725.0,0.11363636363636363,4.0,30.5,Low
Condominium Manager,Real Estate / Property Management,137,4000.0,2.0437956204379564,17.927007299270073,34.4,Medium
Confectionery Supervisor,F&B,20,3400.0,0.0,6.45,26.9,Low
Construction,Building and Construction,37,4000.0,0.3783783783783784,15.216216216216216,29.2,Low
Construction Engineer,Building and Construction,45,4150.0,0.9777777777777777,22.8,29.3,Low
Construction Foreman,Building and Construction,48,3750.0,0.3125,14.958333333333334,31.3,Low
Construction General Foreman,Building and Construction,32,4175.0,0.0,3.59375,30.3,Low
Construction Manager,Building and Construction,446,7000.0,2.6591928251121075,26.152466367713004,46.3,Medium
Construction Manager (Government Project),Building and Construction,42,5500.0,0.11904761904761904,3.1904761904761907,32.6,Low
Construction Project Manager,Building and Construction,221,6500.0,2.0316742081447963,17.244343891402714,41.9,Medium
Construction Site Engineer,Building and Construction,38,3750.0,2.026315789473684,93.39473684210526,24.6,Medium
Construction Site Manager,Building and Construction,113,4850.0,0.8407079646017699,11.743362831858407,36.3,Low
Construction Site Supervisor,Building and Construction,291,4200.0,1.4501718213058419,25.780068728522338,41.1,Medium
Construction Supervisor,Building and Construction,472,4150.0,0.7838983050847458,11.489406779661017,45.4,Low
Consultant,Consulting,150,5000.0,2.8933333333333335,29.86,35.7,Medium
Consultant,Information Technology,30,7950.0,1.5,40.1,32.3,Medium
Consultant,Personal Care / Beauty,26,4500.0,0.07692307692307693,8.076923076923077,28.0,Low
Contact Centre Manager - Contract = 12 Months,Information Technology,36,5000.0,0.5833333333333334,6.527777777777778,28.8,Low
Content Creator,Advertising / Media,62,3000.0,1.5806451612903225,14.17741935483871,26.5,Medium
Content Creator,Marketing / Public Relations,24,3100.0,4.25,35.833333333333336,16.7,Medium
Content Writer,Advertising / Media,31,3000.0,6.096774193548387,45.774193548387096,17.8,High
Contract Accounts Assistant (Healthcare/Lifescience) #Hhw,Accounting / Auditing / Taxation,58,2500.0,0.2413793103448276,9.482758620689655,31.3,Low
Contract Accounts Executive / Accountant (Healthcare/Lifescience) #Hhw,Accounting / Auditing / Taxation,63,4000.0,1.0634920634920635,13.301587301587302,31.4,Medium
Contract Admin Assistant (Healthcare/Lifescience) #Hhw,Admin / Secretarial,51,2250.0,0.9803921568627451,15.803921568627452,27.0,Low
Contract Clinic Receptionist (Healthcare) #Hhw,Healthcare / Pharmaceutical,28,2200.0,0.17857142857142858,4.642857142857143,27.0,Low
Contract Finance Analyst (Healthcare/Lifescience) - #Hhw,Accounting / Auditing / Taxation,27,4750.0,0.5555555555555556,7.62962962962963,28.7,Low
Contract Hr Assistant (Healthcare/Lifescience) - #Hhw,Human Resources,47,2750.0,0.8085106382978723,9.340425531914894,28.4,Low
Contract Lab Technician (Lifescience) - #Hhw,Sciences / Laboratory / R&D,48,2150.0,0.8333333333333334,10.354166666666666,26.0,Low
Contract Management Manager (Psscoc),Admin / Secretarial,44,5750.0,0.022727272727272728,2.5681818181818183,33.9,Low
Contract Manager,Building and Construction,90,6000.0,2.6,31.466666666666665,33.3,Medium
Contract Patient Service Associate / Clinic Assistant (Healthcare) #Hhw,Healthcare / Pharmaceutical,53,2200.0,0.660377358490566,10.339622641509434,29.4,Low
Contract Procurement Assistant / Buona Vista / Sap/ Global Mnc,Logistics / Supply Chain,24,2200.0,0.041666666666666664,1.7083333333333333,23.2,Low
Contract Specialist #66126,Sales / Retail,25,5500.0,0.72,9.72,29.1,Low
Contract Teacher,Education and Training,23,3000.0,1.1304347826086956,21.0,22.3,Medium
Contracts Executive,Building and Construction,23,4000.0,1.3043478260869565,16.347826086956523,22.7,Medium
Contracts Manager,Building and Construction,74,7000.0,2.608108108108108,28.486486486486488,33.8,Medium
Control & Instrumentation (C&I) Engineer / Oil & Gas Plant,Engineering,34,6000.0,0.0,0.6176470588235294,32.8,Low
Control & Instrumentation Technician / Energy Mnc / West,Engineering,40,3250.0,0.05,1.375,28.5,Low
Control (Software) Design Engineer #65637,Information Technology,38,4000.0,0.0,3.236842105263158,31.9,Low
Conveyancing Secretary,Admin / Secretarial,30,3400.0,1.3,22.7,23.9,Medium
Cook,Customer Service,210,3750.0,0.10952380952380952,7.814285714285714,42.5,Low
Cook,F&B,1513,3500.0,0.14738929279576998,9.270323859881032,55.4,Low
Cook / Assistant Cook,F&B,33,2750.0,0.12121212121212122,10.424242424242424,27.6,Low
Cook For Chinese Food,F&B,20,4000.0,0.15,14.4,25.1,Low
Cook Supervisor,F&B,70,3850.0,0.21428571428571427,9.642857142857142,34.0,Low
Cooking Studio Instructor,Customer Service,35,4350.0,1.2571428571428571,19.37142857142857,30.1,Medium
Coordination Manager,Building and Construction,29,8500.0,1.0,12.655172413793103,33.3,Low
Coordinator,Building and Construction,81,3750.0,0.7654320987654321,14.592592592592593,32.9,Low
Coordinator (Architectural),Building and Construction,27,4500.0,0.14814814814814814,4.2592592592592595,30.9,Low
Copywriter,Advertising / Media,53,3650.0,10.377358490566039,74.98113207547169,18.7,High
Corporate Actions Analyst,Banking and Finance,24,5500.0,0.8333333333333334,7.0,26.6,Low
Corporate And Wholesale Executive - F&B,Sales / Retail,22,3400.0,0.0,1.7272727272727273,25.1,Low
Corporate Banking Relationship Manager,Banking and Finance,33,8500.0,1.7272727272727273,14.272727272727273,32.6,Medium
Corporate Communications Manager (Sgx Listed),Advertising / Media,23,10000.0,1.0,3.8260869565217392,34.0,Low
Corporate Development Analyst (Hospitality / Real Estate) Mnc,Accounting / Auditing / Taxation,82,5000.0,0.15853658536585366,1.2682926829268293,36.0,Low
Corporate Development Assistant Manager (Hospitality) West,Accounting / Auditing / Taxation,45,4500.0,0.0,0.9333333333333333,31.8,Low
Corporate It Director (Hospitality Industry),Information Technology,23,13500.0,4.304347826086956,21.869565217391305,35.3,Medium
"Corporate Legal Counsel (Retail, East)",Legal,30,9000.0,0.2,3.3666666666666667,36.5,Low
"Corporate Planning Executive (West, Oil & Gas, Up To $4,200)",Admin / Secretarial,54,3600.0,0.07407407407407407,2.1296296296296298,31.0,Low
Corporate Planning Executive [Jlpt]/ Hq Apac/ Jap Mnc/ 5 Day/ Up To $5.5K Basic + Bonus,Accounting / Auditing / Taxation,26,4250.0,0.19230769230769232,6.884615384615385,26.8,Low
Corporate Sales Executive,Others,24,2500.0,0.041666666666666664,2.3333333333333335,23.8,Low
Corporate Sales Executive,Sales / Retail,30,3025.0,0.9333333333333333,18.133333333333333,24.0,Low
Corporate Sales Executive (Hybrid Work Arrangement) #65754,Sales / Retail,23,3250.0,0.391304347826087,4.217391304347826,25.5,Low
Corporate Sales Executive - It Hardware- Distribution And Wholesale,Sales / Retail,47,3000.0,0.1702127659574468,3.6808510638297873,28.5,Low
Corporate Secretarial And Administration Manager,Admin / Secretarial,22,3750.0,0.6818181818181818,10.0,23.7,Low
Corporate Secretarial And Administrative Intern,Admin / Secretarial,57,1200.0,0.017543859649122806,1.0175438596491229,27.2,Low
Corporate Secretarial Assistant,Admin / Secretarial,133,2500.0,0.9548872180451128,17.62406015037594,31.9,Low
Corporate Secretarial Assistant Manager,Admin / Secretarial,28,5400.0,1.6785714285714286,24.392857142857142,26.0,Medium
Corporate Secretarial Associate,Admin / Secretarial,29,3500.0,0.8620689655172413,16.620689655172413,26.3,Low
Corporate Secretarial Executive,Accounting / Auditing / Taxation,62,3150.0,0.7741935483870968,14.629032258064516,29.3,Low
Corporate Secretarial Executive,Admin / Secretarial,153,3500.0,1.196078431372549,21.34640522875817,34.4,Medium
Corporate Secretarial Executive (Up To S$4000),Consulting,39,3500.0,0.0,0.8205128205128205,29.0,Low
Corporate Secretarial Executive/Senior Executive,Admin / Secretarial,50,3350.0,0.34,6.1,28.9,Low
Corporate Secretarial Manager,Accounting / Auditing / Taxation,54,5400.0,1.0,12.11111111111111,31.1,Low
Corporate Secretarial Manager,Admin / Secretarial,44,5900.0,1.6818181818181819,26.636363636363637,29.9,Medium
Corporate Secretarial Senior,Admin / Secretarial,37,3750.0,0.9459459459459459,10.702702702702704,26.8,Low
Corporate Secretary,Admin / Secretarial,45,4150.0,2.2222222222222223,29.133333333333333,25.5,Medium
Corporate Secretary (Listed Co) - Chartered Secretary,Admin / Secretarial,20,6000.0,0.05,1.65,29.0,Low
"Corporate Secretary (Sgx Listed, Up To $12,000)",Admin / Secretarial,30,11000.0,0.16666666666666666,0.8333333333333334,40.4,Low
Corporate Support Officer,Admin / Secretarial,23,2270.0,0.17391304347826086,5.826086956521739,22.7,Low
Cost Accountant,Accounting / Auditing / Taxation,44,5075.0,1.75,30.795454545454547,27.6,Medium
"Cost Accountant (North, Manufacturing, Sap)",Accounting / Auditing / Taxation,35,5500.0,0.7428571428571429,10.8,29.1,Low
Cost Controller,Accounting / Auditing / Taxation,23,3850.0,1.0869565217391304,27.17391304347826,23.1,Medium
"Costing Officer (Finance, Changi)",Accounting / Auditing / Taxation,41,3000.0,0.12195121951219512,11.707317073170731,27.8,Low
Crane Operator,Building and Construction,55,4000.0,1.9090909090909092,28.236363636363638,27.6,Medium
Crane Operator (Construction),Engineering,30,2750.0,0.0,1.7,25.9,Low
Crawler Crane Operator,Building and Construction,49,3500.0,2.326530612244898,29.836734693877553,26.0,Medium
Creative Designer,Advertising / Media,37,3100.0,5.972972972972973,64.86486486486487,18.4,High
Creative Designer,Design,45,3250.0,10.777777777777779,91.66666666666667,16.8,High
Creative Director,Advertising / Media,30,12000.0,13.8,119.43333333333334,29.2,High
Creative Executive,Advertising / Media,23,3000.0,4.869565217391305,55.65217391304348,15.8,Medium
Credit Analyst,Banking and Finance,39,5500.0,7.717948717948718,76.25641025641026,21.6,High
Credit And Collection Specialist / 6 Months Contract / Payar Lebar / Convertible,Banking and Finance,55,4000.0,0.2,1.6,32.6,Low
Credit Control Executive,Accounting / Auditing / Taxation,38,3150.0,1.631578947368421,29.026315789473685,23.8,Medium
Credit Controller,Accounting / Auditing / Taxation,25,4250.0,6.0,56.52,17.4,High
"Credit Controller (West, Up To $4,500)",Accounting / Auditing / Taxation,23,4000.0,0.17391304347826086,1.391304347826087,25.6,Low
"Credit Manager (Consumer Collection, Dynamics 365)",Accounting / Auditing / Taxation,33,6500.0,0.0,0.9090909090909091,33.5,Low
Credit Risk Control Manager #64833,Risk Management,68,5500.0,0.27941176470588236,4.720588235294118,37.3,Low
Crew Leader,F&B,45,3050.0,0.044444444444444446,6.444444444444445,34.8,Low
Crewing Administrator (Maritime Industry),Admin / Secretarial,20,2800.0,0.0,1.0,23.3,Low
"Crewing Assistant (Shipowners, Sage Easypay)",Engineering,27,2750.0,0.0,0.7407407407407407,25.2,Low
Crewing Manager (Dredging/Coastal Engineering Projects),Others,39,6000.0,0.05128205128205128,2.5641025641025643,33.4,Low
Crewing Officer #65089,Travel / Tourism,62,4000.0,1.0806451612903225,11.919354838709678,31.3,Medium
Crewing Officer (Ship Agency) Maritime Industry,Admin / Secretarial,30,3500.0,0.1,1.8666666666666667,26.8,Low
Crm Developer,Information Technology,20,7125.0,0.05,10.4,32.9,Low
Cuisine Chef,F&B,54,4500.0,0.2777777777777778,13.148148148148149,35.8,Low
Customer Account Representative / 1 Year Contract / East / Aerospace Mnc,Customer Service,20,4250.0,0.2,4.25,25.1,Low
Customer Acquisition Executive (Bank Branches/High Commission) - Code: Gl,Banking and Finance,64,2075.0,0.015625,5.65625,29.6,Low
Customer Admin Officer,Admin / Secretarial,99,4500.0,3.212121212121212,48.73737373737374,30.8,Medium
Customer Care Officer,Customer Service,46,2500.0,2.0869565217391304,25.043478260869566,25.3,Medium
Customer Care Specialist (5 Days) #65881,Customer Service,21,2800.0,0.23809523809523808,5.476190476190476,24.6,Low
Customer Care Specialist (Automotive),Customer Service,33,2800.0,0.0,2.242424242424242,26.6,Low
Customer Engagement Officer (Banking/Office Hour) | Code: Gl,Banking and Finance,66,5000.0,0.6060606060606061,13.863636363636363,34.9,Low
Customer Experience Executive,Customer Service,26,2850.0,0.34615384615384615,19.307692307692307,25.1,Low
Customer Quality Assurance Engineer,Engineering,46,2250.0,0.021739130434782608,2.239130434782609,27.7,Low
Customer Relations Executive,Customer Service,40,3500.0,1.95,21.1,25.1,Medium
Customer Relations Officer,Customer Service,36,2675.0,6.138888888888889,59.30555555555556,18.0,High
Customer Relations Officer (1 Year Contract) / North,Customer Service,56,2000.0,0.03571428571428571,0.5535714285714286,30.6,Low
Customer Relations Officer (Bsc),Building and Construction,29,3500.0,0.41379310344827586,4.827586206896552,29.0,Low
Customer Relationship Officer (Hdb Projects - 12 Months Contract),Building and Construction,24,3400.0,0.9583333333333334,13.375,23.4,Low
Customer Service,Admin / Secretarial,34,2525.0,1.588235294117647,31.323529411764707,23.0,Medium
Customer Service,Customer Service,133,2750.0,1.7218045112781954,26.48872180451128,32.3,Medium
Customer Service (Warehouse Environment/Up To $2600/Aws/Bonus/Transport/West),Customer Service,24,2450.0,0.16666666666666666,5.458333333333333,25.7,Low
Customer Service Admin (Medical Devices),Admin / Secretarial,34,2050.0,0.029411764705882353,1.2647058823529411,25.3,Low
Customer Service Admin (Part-Time),Admin / Secretarial,22,1150.0,0.2727272727272727,12.454545454545455,19.6,Low
"Customer Service Administrator (Manufacturing, Precision, Cnc, Oil&Gas/ West)",Customer Service,32,3500.0,0.6875,13.96875,26.3,Low
Customer Service Advisor,Customer Service,33,2500.0,0.3333333333333333,10.0,26.0,Low
Customer Service Agent,Customer Service,38,2550.0,3.8157894736842106,51.5,24.3,Medium
Customer Service Agent (24 Hours Shift Work) - Contract = 12 Months,Information Technology,21,2750.0,0.047619047619047616,1.2380952380952381,23.3,Low
Customer Service Assistant,Admin / Secretarial,38,2350.0,0.7894736842105263,20.605263157894736,24.8,Low
Customer Service Assistant,Customer Service,116,2300.0,1.1896551724137931,24.646551724137932,32.1,Medium
Customer Service Assistant #66050,Customer Service,31,2600.0,0.12903225806451613,5.967741935483871,27.3,Low
"Customer Service Assistant (4-Months Contract, East)",Admin / Secretarial,28,2100.0,0.03571428571428571,0.9285714285714286,24.0,Low
"Customer Service Assistant (Po, Invoicing) - 3 To 6 Months Contract / West",Customer Service,23,3150.0,0.21739130434782608,2.347826086956522,26.0,Low
Customer Service Assistant (Tuas),Admin / Secretarial,53,2100.0,0.0,3.3962264150943398,28.4,Low
Customer Service Associate,Customer Service,41,2600.0,1.5853658536585367,27.804878048780488,24.4,Medium
Customer Service Consultant,Consulting,36,4500.0,0.8055555555555556,16.61111111111111,27.2,Low
Customer Service Consultant,Customer Service,30,3750.0,8.166666666666666,59.233333333333334,17.8,High
Customer Service Coordinator,Admin / Secretarial,46,2500.0,3.4565217391304346,42.369565217391305,21.4,Medium
Customer Service Coordinator,Customer Service,73,2750.0,1.36986301369863,22.506849315068493,27.5,Medium
Customer Service Coordinator #65708,Customer Service,20,2750.0,0.2,4.9,24.4,Low
Customer Service Coordinator (Logistics) #65260,Customer Service,23,2650.0,0.17391304347826086,5.130434782608695,25.2,Low
Customer Service Coordinator (Order Processing) / East / Global Mnc,Customer Service,23,3150.0,0.34782608695652173,5.217391304347826,23.3,Low
Customer Service Coordinator / East / Global Mnc,Customer Service,20,2900.0,0.75,9.4,20.6,Low
Customer Service Cum Telesales (Office Hour/Banking) - Code: Gl,Banking and Finance,49,6000.0,0.14285714285714285,3.122448979591837,37.6,Low
Customer Service Engineer,Customer Service,20,4000.0,2.2,25.5,20.6,Medium
Customer Service Engineer #65778,Customer Service,32,4250.0,0.25,4.8125,30.1,Low
"Customer Service Engineer (Machine Vision Application, Semiconductor)",Customer Service,141,4000.0,0.2907801418439716,6.085106382978723,37.2,Low
"Customer Service Engineer (West/ Manufacturing, Aerospace)",Engineering,34,2750.0,0.17647058823529413,13.794117647058824,28.0,Low
Customer Service Executive,Admin / Secretarial,202,2800.0,3.797029702970297,51.49009900990099,31.8,Medium
Customer Service Executive,Customer Service,666,3000.0,5.423423423423423,57.506006006006004,38.8,High
Customer Service Executive,Logistics / Supply Chain,36,3100.0,4.416666666666667,49.138888888888886,19.5,Medium
Customer Service Executive #66044,Customer Service,31,2850.0,0.22580645161290322,5.516129032258065,27.3,Low
Customer Service Executive #66075,Customer Service,25,3150.0,0.32,8.52,26.1,Low
Customer Service Executive (5 Days/Freight Forwarding/East) #66168,Customer Service,22,2750.0,0.22727272727272727,5.818181818181818,24.9,Low
Customer Service Executive (Call Centre) - Healthcare Mnc,Customer Service,37,2750.0,0.05405405405405406,1.6486486486486487,27.0,Low
Customer Service Executive (Chemical Industry) #51876,Customer Service,25,3150.0,2.44,23.12,21.0,Medium
Customer Service Executive (Freight Forwarding) #65039,Customer Service,28,2750.0,0.25,8.678571428571429,26.4,Low
"Customer Service Executive (Manufacturing, Precision, Cnc, Oil&Gas/ West)",Customer Service,34,3500.0,1.1176470588235294,16.852941176470587,26.2,Medium
"Customer Service Executive (Property/Sales Gallery, 6 Days)",Customer Service,28,3750.0,0.4642857142857143,7.392857142857143,25.3,Low
"Customer Service Executive (Semiconductor, Up To $4,500)",Customer Service,22,4000.0,6.7727272727272725,50.31818181818182,15.3,High
"Customer Service Executive (West, Environmental Mnc)",Customer Service,26,2950.0,0.038461538461538464,0.9615384615384616,25.1,Low
Customer Service Executive - Airfreight (Mnc),Logistics / Supply Chain,24,3300.0,1.125,11.166666666666666,21.4,Medium
Customer Service Executive - Environmental Mnc - West,Customer Service,60,2850.0,0.2,2.566666666666667,29.7,Low
Customer Service Executive - Seafreight,Logistics / Supply Chain,20,3300.0,1.35,15.8,19.7,Medium
Customer Service Executive / Aerospace Mnc / East,Customer Service,30,2750.0,0.2,3.2666666666666666,24.9,Low
Customer Service Executive / Environmental Mnc / West,Customer Service,32,2950.0,0.1875,1.65625,25.8,Low
"Customer Service Executive, Ocean & Air (5.5 Days)",Customer Service,23,4000.0,0.08695652173913043,0.9130434782608695,26.0,Low
Customer Service Manager,Customer Service,183,5500.0,8.234972677595628,65.27868852459017,33.7,High
Customer Service Manager / East / It Mnc,Customer Service,26,4050.0,0.34615384615384615,4.0,25.8,Low
"Customer Service Manager – It Mnc, East",Customer Service,38,3800.0,0.3684210526315789,2.026315789473684,27.7,Low
"Customer Service Offficer(Ang Mo Kio, Many Vacancies)",Admin / Secretarial,24,2350.0,0.3333333333333333,3.4583333333333335,23.5,Low
Customer Service Officer,Admin / Secretarial,253,2550.0,3.1185770750988144,43.359683794466406,34.0,Medium
Customer Service Officer,Banking and Finance,25,3500.0,3.84,39.44,20.6,Medium
Customer Service Officer,Customer Service,722,2650.0,3.6329639889196677,48.81994459833795,41.0,Medium
Customer Service Officer,Logistics / Supply Chain,34,2700.0,1.411764705882353,26.058823529411764,22.3,Medium
Customer Service Officer #65592,Customer Service,29,2150.0,0.10344827586206896,3.310344827586207,26.2,Low
Customer Service Officer ( Ang Mo Kio),Customer Service,24,2500.0,0.0,1.375,28.0,Low
Customer Service Officer ( Face To Face ),Customer Service,47,2800.0,1.8085106382978724,20.74468085106383,25.5,Medium
Customer Service Officer (1 Year Contract) / Energy Mnc / West,Customer Service,56,2750.0,0.10714285714285714,1.2142857142857142,29.5,Low
Customer Service Officer (Call Centre) / 6 Months Contract / Payar Lebar / Convertible,Customer Service,64,2250.0,0.15625,1.609375,35.1,Low
Customer Service Officer (Call Centre) 1 Year Contract / 5.5 Days,Customer Service,49,1950.0,0.10204081632653061,1.2653061224489797,28.5,Low
Customer Service Officer (Changi),Customer Service,31,1850.0,0.22580645161290322,23.096774193548388,26.5,Low
Customer Service Officer (Contact Centre),Customer Service,33,2100.0,0.6060606060606061,15.030303030303031,24.2,Low
Customer Service Officer (Education Business),Admin / Secretarial,393,3550.0,0.3256997455470738,3.7837150127226464,45.8,Low
Customer Service Officer (Global Mnc),Customer Service,38,3000.0,3.8684210526315788,38.68421052631579,19.5,Medium
Customer Service Officer (Islandwide),Customer Service,32,2500.0,0.21875,4.5625,29.7,Low
Customer Service Officer (Office Hours/ Ang Mo Kio),Customer Service,26,2100.0,0.9615384615384616,15.807692307692308,20.2,Low
Customer Service Officer (Order Processing) Mnc,Customer Service,24,3500.0,0.125,2.0416666666666665,25.2,Low
Customer Service Officer (Parkway Parade),Customer Service,28,2500.0,0.0,1.5,29.0,Low
Customer Service Officer (Punggol Plaza),Customer Service,30,2500.0,0.06666666666666667,1.5666666666666667,29.1,Low
Customer Service Officer (Salary Up To $3.5K/East/Office Hour) - Co,Customer Service,33,3350.0,0.42424242424242425,4.0606060606060606,31.7,Low
Customer Service Officer (Sales Support) #66077,Sales / Retail,29,2500.0,0.1724137931034483,6.206896551724138,26.5,Low
Customer Service Officer (Shift Required),Customer Service,24,2250.0,0.7083333333333334,18.0,24.5,Low
Customer Service Officer (Telesales),Customer Service,52,2750.0,0.09615384615384616,1.3269230769230769,29.0,Low
Customer Service Officer (Warehouse Environment/5 Day/West/Transport/Up To $2800),Customer Service,28,2550.0,0.17857142857142858,4.142857142857143,27.3,Low
Customer Service Officer / 1 Year Contract / South,Customer Service,53,3150.0,0.6792452830188679,23.39622641509434,27.6,Low
Customer Service Officer / 4 Months Contract / Payar Lebar / No Exp Needed,Customer Service,41,2000.0,0.07317073170731707,1.2439024390243902,29.3,Low
Customer Service Officer / 6 Months Contract / East / No Exp Needed,Customer Service,94,1900.0,0.05319148936170213,1.3191489361702127,34.8,Low
Customer Service Officer/Admin #66035,Customer Service,23,2000.0,0.08695652173913043,6.304347826086956,24.4,Low
Customer Service Representative,Admin / Secretarial,28,2750.0,1.6785714285714286,29.678571428571427,22.1,Medium
Customer Service Representative,Customer Service,110,3025.0,4.6454545454545455,46.09090909090909,27.8,Medium
Customer Service Specialist,Customer Service,77,3250.0,3.5454545454545454,45.66233766233766,25.9,Medium
Customer Service Specialist (Oil & Gas Mnc)/ West,Customer Service,32,5000.0,1.0625,6.28125,26.6,Medium
Customer Service Supervisor #65607,Customer Service,29,3000.0,0.3793103448275862,3.689655172413793,26.6,Low
Customer Success Executive,Customer Service,22,3025.0,7.7272727272727275,80.0,13.1,High
Customer Success Manager,Customer Service,29,6400.0,12.89655172413793,84.82758620689656,18.9,High
Customer Success Manager (Hybrid Work),Building and Construction,47,5500.0,5.25531914893617,32.297872340425535,24.2,High
"Customer Support Engineer (West/ Manufacturing, Aerospace)",Engineering,36,2650.0,0.1388888888888889,13.86111111111111,28.3,Low
Customer Support Executive,Admin / Secretarial,109,4750.0,1.688073394495413,29.422018348623855,34.2,Medium
Customer Support Executive,Customer Service,23,3850.0,7.304347826086956,56.34782608695652,15.4,High
Customer Support Manager / It Mnc / East,Customer Service,24,4250.0,0.16666666666666666,2.2916666666666665,26.4,Low
Customer Support Specialist Junior / 6 Months Contract / East,Customer Service,36,4000.0,0.1388888888888889,1.4722222222222223,29.7,Low
Cyber Security / Soc Analyst,Information Technology,52,7000.0,1.0192307692307692,12.423076923076923,33.7,Medium
Cyber Security Analyst,Information Technology,27,6000.0,5.074074074074074,50.074074074074076,22.4,High
Cyber Security Consultant,Information Technology,50,7825.0,4.44,43.5,31.1,Medium
"Cyber Security Consultant, Advanced Analytics",Information Technology,23,6000.0,0.34782608695652173,11.91304347826087,30.2,Low
Cyber Security Engineer,Engineering,20,4725.0,9.35,88.4,16.0,High
Cyber Security Engineer,Information Technology,59,7000.0,4.898305084745763,49.88135593220339,30.4,Medium
"Cyber Security Engineer (Cat 1, Check Point/Firewall Integration, East)",Customer Service,59,4500.0,0.3898305084745763,4.593220338983051,31.9,Low
"Cyber Security Engineer (Cat 1, Cyberark, East)",Customer Service,37,4250.0,0.5675675675675675,4.027027027027027,27.7,Low
Cyber Security Lead,Information Technology,27,7750.0,0.8518518518518519,14.0,31.2,Low
Cybersecurity Analyst,Information Technology,27,6000.0,3.2962962962962963,32.74074074074074,24.7,Medium
Cybersecurity Consultant,Information Technology,20,6875.0,1.05,12.6,28.2,Medium
Cybersecurity Engineer,Engineering,28,4250.0,1.7142857142857142,22.571428571428573,24.0,Medium
Cybersecurity Engineer,Information Technology,71,5250.0,0.352112676056338,7.042253521126761,36.2,Low
Cybersecurity Operation Manager / Lead,Information Technology,38,7000.0,0.3157894736842105,3.710526315789474,34.1,Low
Dance Instructor,Education and Training,22,3250.0,0.45454545454545453,23.90909090909091,24.5,Low
Dance Instructors,Consulting,24,2300.0,0.125,5.375,27.5,Low
Dance Instructors - Part Time/ Full Time,Customer Service,34,1750.0,0.08823529411764706,2.5,28.9,Low
Data Acquisition And System Engineer,Information Technology,27,5750.0,0.14814814814814814,4.37037037037037,30.0,Low
Data Analyst,Banking and Finance,38,5175.0,16.657894736842106,128.31578947368422,17.5,High
Data Analyst,Engineering,20,5125.0,1.5,29.6,23.1,Medium
Data Analyst,Information Technology,249,6000.0,20.461847389558233,140.1285140562249,31.2,High
Data Analyst,Others,24,5000.0,41.458333333333336,242.58333333333334,8.9,High
Data Architect,Information Technology,48,11250.0,1.2708333333333333,15.270833333333334,41.7,Medium
Data Center Engineer,Information Technology,21,4500.0,6.285714285714286,64.61904761904762,17.3,High
Data Center Engineer #66104,Information Technology,26,4750.0,1.0384615384615385,14.192307692307692,27.0,Medium
Data Center Operator,Information Technology,31,2850.0,2.4838709677419355,22.741935483870968,22.1,Medium
Data Centre Engineer,Information Technology,28,4137.5,4.714285714285714,64.85714285714286,20.2,Medium
Data Centre Operator,Information Technology,23,3200.0,4.304347826086956,43.04347826086956,18.5,Medium
Data Engineer,Banking and Finance,23,9000.0,5.565217391304348,65.3913043478261,26.7,High
Data Engineer,Engineering,35,7000.0,3.857142857142857,55.2,27.0,Medium
Data Engineer,Information Technology,541,7500.0,2.7578558225508316,31.03327171903882,48.9,Medium
Data Entry Clerk,Admin / Secretarial,57,1950.0,14.017543859649123,207.28070175438597,15.9,High
Data Processing Executive #65852,Admin / Secretarial,23,1200.0,0.0,5.086956521739131,23.4,Low
Data Scientist,Banking and Finance,21,7500.0,18.761904761904763,161.14285714285714,18.9,High
Data Scientist,Engineering,31,7500.0,33.83870967741935,253.61290322580646,17.6,High
Data Scientist,Information Technology,133,7900.0,10.007518796992482,86.9172932330827,34.0,High
Database Administrator,Information Technology,213,7000.0,1.0093896713615023,24.037558685446008,44.7,Medium
"Database Application Engineer(Sql, Vbscript)",Banking and Finance,28,5000.0,0.39285714285714285,3.107142857142857,29.2,Low
Database Engineer,Information Technology,32,5500.0,1.21875,21.8125,28.3,Medium
Day/Night Shift Office Building Security Officer In Raffles Place. Next To Raffles Place Mrt Exit.,Security and Investigation,20,2700.0,0.05,1.6,26.0,Low
Debt Recovery Officer #54887,Banking and Finance,35,4250.0,0.4,8.028571428571428,30.0,Low
Delivery Assistant,General Work,20,2050.0,1.1,29.9,19.7,Medium
Delivery Assistant,Logistics / Supply Chain,77,1850.0,0.8961038961038961,24.376623376623378,29.1,Low
"Delivery Assistant (Senoko, Up To $2,000)",General Work,82,1750.0,0.14634146341463414,8.609756097560975,31.3,Low
Delivery Assistant Cum Chemical Packer,Others,22,1900.0,0.09090909090909091,3.909090909090909,21.9,Low
Delivery Attendant,Logistics / Supply Chain,54,1900.0,1.5555555555555556,36.24074074074074,25.4,Medium
Delivery Driver,Customer Service,128,3000.0,1.875,46.21875,31.8,Medium
Delivery Driver,F&B,112,2900.0,2.080357142857143,49.776785714285715,30.7,Medium
Delivery Driver,General Work,126,2425.0,2.761904761904762,56.46031746031746,28.9,Medium
Delivery Driver,Logistics / Supply Chain,450,2650.0,2.097777777777778,51.26444444444444,40.2,Medium
Delivery Driver,Manufacturing,41,3150.0,0.9512195121951219,29.658536585365855,26.7,Low
Delivery Driver,Others,77,3250.0,3.0,57.02597402597402,28.9,Medium
Delivery Driver,Wholesale Trade,61,2400.0,1.5245901639344261,41.540983606557376,25.8,Medium
Delivery Driver (Class 3 / 4),Logistics / Supply Chain,20,2050.0,0.15,14.9,23.8,Low
Delivery Driver (Class 3 / Class 4) - Up To $3000 + Aws + Pb / Weekdays / Jurong,Customer Service,45,3800.0,0.35555555555555557,9.333333333333334,30.2,Low
Delivery Driver - Class 4,Others,43,2550.0,0.023255813953488372,6.372093023255814,27.8,Low
Delivery Driver Class 4 / Class 3 Driver / Jurong East / Tampines / Redhill X3 /5 Days + Good Bonus,Customer Service,28,3800.0,0.21428571428571427,3.357142857142857,27.7,Low
Delivery Driver Cum Handyman,General Work,25,2250.0,0.56,16.4,21.4,Low
Delivery Manager,Information Technology,23,8500.0,2.260869565217391,24.08695652173913,29.8,Medium
Delivery Rider (Attractive Benefits),Logistics / Supply Chain,21,2200.0,0.047619047619047616,3.857142857142857,26.3,Low
Deltav System Programmer - Lsmg,Engineering,27,7750.0,0.14814814814814814,5.2592592592592595,36.9,Low
Demand Planner (Coding Languages) / Oil & Gas Mnc,Logistics / Supply Chain,136,5000.0,0.11764705882352941,1.7205882352941178,39.5,Low
Demi Chef,F&B,143,2900.0,0.15384615384615385,9.888111888111888,39.0,Low
Demi Chef De Partie,F&B,29,2400.0,0.5862068965517241,19.344827586206897,24.3,Low
Dental Assistant,Customer Service,38,2475.0,2.3157894736842106,35.13157894736842,22.0,Medium
Dental Assistant,Environment / Health,46,2400.0,0.6956521739130435,14.630434782608695,25.7,Low
Dental Assistant,Healthcare / Pharmaceutical,141,2500.0,2.645390070921986,40.40425531914894,30.3,Medium
"Dental Assistant (5 Days, Rotating Shift)",Healthcare / Pharmaceutical,37,2700.0,0.10810810810810811,5.675675675675675,28.8,Low
"Dental Assistant (5.5Days, Central)",Healthcare / Pharmaceutical,31,2750.0,0.06451612903225806,3.4193548387096775,25.8,Low
Dental Nurse,Healthcare / Pharmaceutical,23,2900.0,1.7391304347826086,26.47826086956522,19.6,Medium
Dental Surgery Assistant,Healthcare / Pharmaceutical,65,2600.0,2.6923076923076925,41.292307692307695,26.1,Medium
Dentist,Healthcare / Pharmaceutical,44,7500.0,0.09090909090909091,23.022727272727273,39.6,Low
Department Manager,Sales / Retail,24,3500.0,2.5,31.75,23.3,Medium
Deputy Project Manager,Building and Construction,106,7500.0,2.4622641509433962,21.141509433962263,37.3,Medium
Design Engineer,Building and Construction,181,4250.0,0.4585635359116022,19.353591160220994,39.9,Low
Design Engineer,Design,68,4000.0,2.3088235294117645,32.294117647058826,28.5,Medium
Design Engineer,Engineering,52,3950.0,2.1538461538461537,40.32692307692308,27.1,Medium
"Design Engineer (Manufacturing, Electronics/ West)",Engineering,35,4250.0,0.4857142857142857,17.057142857142857,28.9,Low
Design Engineer / Manufacturing Mnc (Oil & Gas) / West,Engineering,91,3700.0,0.04395604395604396,1.1428571428571428,34.8,Low
Design Manager,Architecture / Interior Design,30,5625.0,1.3,19.066666666666666,27.4,Medium
Design Manager,Building and Construction,59,9000.0,0.6949152542372882,15.440677966101696,39.9,Low
Designer,Architecture / Interior Design,46,4000.0,0.717391304347826,26.934782608695652,29.8,Low
Designer,Design,54,3250.0,5.555555555555555,61.629629629629626,21.0,High
Deskside Support Engineer,Information Technology,24,2625.0,0.9166666666666666,18.041666666666668,23.1,Low
Deskside/Desktop Support Engineer,Information Technology,84,3025.0,1.0238095238095237,15.5,30.4,Medium
Desktop Engineer,Information Technology,117,2850.0,2.4957264957264957,22.88888888888889,32.2,Medium
Desktop Engineer | Yearly Contract | Up To $3200 | Central,Information Technology,74,3000.0,0.2702702702702703,3.7162162162162162,31.1,Low
Desktop Support Engineer,Information Technology,211,2800.0,5.18957345971564,43.843601895734594,32.7,High
Desktop Support Engineer (City Hall),Information Technology,24,3250.0,0.6666666666666666,6.833333333333333,22.6,Low
Desktop Support Engineer (Desktop Support L2 + Data Centre),Engineering,118,3500.0,0.7542372881355932,10.983050847457626,33.4,Low
Desktop Support Engineer (Erp) / East,Information Technology,46,3500.0,0.2826086956521739,5.869565217391305,28.8,Low
Desktop Support Engineer (L1/L2) #66041,Information Technology,32,2900.0,0.59375,10.53125,26.2,Low
Desktop Support Engineer (West Side),Engineering,60,3150.0,0.23333333333333334,3.316666666666667,31.9,Low
Desktop Support Engineer - Team Lead Role (West Side),Engineering,32,3150.0,0.21875,3.03125,26.8,Low
Desktop Support Engineer | Central Area | Yearly Contract,Information Technology,22,3000.0,5.090909090909091,34.59090909090909,14.7,High
Desktop Support Engineer( No Experience Required),Information Technology,21,2000.0,3.2857142857142856,36.904761904761905,20.2,Medium
Despatch Operations Executive (Fmcg) / Night Shift,Logistics / Supply Chain,47,3250.0,0.10638297872340426,1.8297872340425532,29.2,Low
Developer,Information Technology,70,9000.0,0.8857142857142857,20.771428571428572,40.2,Low
Devops Consultant,Information Technology,20,8000.0,0.55,11.95,32.2,Low
Devops Engineer,Banking and Finance,22,8500.0,1.5909090909090908,37.18181818181818,30.6,Medium
Devops Engineer,Engineering,48,7375.0,1.6875,34.458333333333336,33.1,Medium
Devops Engineer,Information Technology,445,7500.0,0.898876404494382,18.415730337078653,50.9,Low
Devops Engineer (Agile Methodology),Information Technology,20,5000.0,0.1,1.1,26.9,Low
"Devops Engineer (Ci/Cd, Jenkins)",Information Technology,21,5750.0,0.0,1.2380952380952381,29.2,Low
"Devops Engineer X 2 (Linux, Up To $6,000)",Engineering,20,5000.0,0.0,0.65,28.8,Low
Devsecops Consultant,Information Technology,28,6500.0,0.14285714285714285,6.571428571428571,33.0,Low
Devsecops Engineer,Information Technology,41,6750.0,0.5853658536585366,12.902439024390244,34.2,Low
Devsecops Engineer #64707,Information Technology,20,5500.0,0.2,11.5,29.5,Low
Dietitian,Healthcare / Pharmaceutical,43,4360.0,1.1395348837209303,30.11627906976744,29.2,Medium
Digital Marketer,Marketing / Public Relations,30,3300.0,0.9666666666666667,15.0,23.8,Low
Digital Marketer #65725,Marketing / Public Relations,34,3500.0,0.20588235294117646,5.117647058823529,29.2,Low
Digital Marketing,Advertising / Media,23,3900.0,1.6956521739130435,22.73913043478261,25.6,Medium
Digital Marketing Account Manager #Sgunitedtraineeships #Sgup,Advertising / Media,56,2650.0,0.4642857142857143,6.357142857142857,29.1,Low
Digital Marketing And Communications Executive,Advertising / Media,426,3150.0,0.4765258215962441,6.685446009389671,42.3,Low
Digital Marketing Assistant Manager,Marketing / Public Relations,22,7000.0,0.09090909090909091,1.0454545454545454,31.3,Low
Digital Marketing Assistant Manager (Seo & Sem) Real Estate,Advertising / Media,50,5500.0,0.32,4.34,32.9,Low
Digital Marketing Executive,Admin / Secretarial,34,2750.0,1.0,12.529411764705882,24.4,Low
Digital Marketing Executive,Advertising / Media,294,3300.0,3.0374149659863945,33.30612244897959,35.4,Medium
Digital Marketing Executive,Events / Promotions,171,2850.0,0.3742690058479532,4.567251461988304,36.0,Low
Digital Marketing Executive,Marketing / Public Relations,402,3250.0,2.9328358208955225,29.833333333333332,37.2,Medium
Digital Marketing Intern,Marketing / Public Relations,26,1100.0,1.7307692307692308,26.115384615384617,17.2,Medium
Digital Marketing Manager,Advertising / Media,139,7500.0,2.805755395683453,26.798561151079138,38.0,Medium
Digital Marketing Manager,Marketing / Public Relations,88,5275.0,6.659090909090909,50.69318181818182,27.2,High
"Digital Marketing Manager (Electronics Mnc, East)",Information Technology,33,8500.0,0.12121212121212122,1.4242424242424243,36.6,Low
Digital Marketing Manager (Marketing Agency),Marketing / Public Relations,31,5800.0,1.6129032258064515,23.967741935483872,26.7,Medium
Digital Marketing Professional,Advertising / Media,62,10500.0,0.5483870967741935,7.854838709677419,42.8,Low
Digital Marketing Specialist,Advertising / Media,50,3750.0,2.78,27.96,24.7,Medium
Digital Marketing Specialist,Marketing / Public Relations,44,4075.0,4.2727272727272725,41.79545454545455,23.1,Medium
Digital Marketing Specialist #65629,Marketing / Public Relations,31,4000.0,0.25806451612903225,5.129032258064516,29.3,Low
Digital Portfolio Planner (Financial/Warm Leads Only/Salary Up To $4K + Performance Bonus) - Code: Gl,Banking and Finance,60,3750.0,0.0,2.4833333333333334,32.3,Low
Digital Product Manager,Information Technology,42,9750.0,2.7857142857142856,21.642857142857142,35.7,Medium
Direct Sales Acquisition (Banking/Islandwide) | Code:Gl,Banking and Finance,94,2500.0,0.05319148936170213,7.031914893617022,32.7,Low
Director,Accounting / Auditing / Taxation,21,10500.0,8.714285714285714,60.38095238095238,26.1,High
Director,Building and Construction,41,10000.0,2.682926829268293,26.29268292682927,35.0,Medium
Director,Consulting,58,13000.0,5.586206896551724,50.12068965517241,39.7,High
Director,Customer Service,31,11000.0,3.064516129032258,30.35483870967742,34.7,Medium
Director,General Management,130,11250.0,8.015384615384615,52.238461538461536,40.5,High
Director,Information Technology,24,9750.0,17.333333333333332,96.75,23.1,High
Director Hair Stylist / Management Consultant,Consulting,21,8250.0,0.047619047619047616,6.095238095238095,33.6,Low
Director Hairstylist,Personal Care / Beauty,46,11250.0,0.021739130434782608,11.847826086956522,48.9,Low
Dishwasher,F&B,111,2050.0,0.45045045045045046,34.891891891891895,33.5,Low
Dishwasher,General Work,70,1850.0,0.24285714285714285,25.757142857142856,29.8,Low
Dishwasher **Retention Bonus $500,F&B,30,2700.0,0.23333333333333334,10.933333333333334,27.8,Low
Dishwasher/ Steward,F&B,44,2500.0,0.5227272727272727,32.68181818181818,30.2,Low
Dishwasher/Kitchen Steward,F&B,33,2350.0,0.15151515151515152,10.212121212121213,28.2,Low
Diver,Customer Service,29,3000.0,0.1724137931034483,11.724137931034482,27.3,Low
Doctor (Community Hospital/Elderly Setting),Healthcare / Pharmaceutical,30,9000.0,0.03333333333333333,5.066666666666666,37.3,Low
Document Controller,Admin / Secretarial,150,3250.0,4.253333333333333,58.846666666666664,29.5,Medium
Document Controller,Building and Construction,69,3200.0,1.4782608695652173,27.27536231884058,28.9,Medium
Document Controller,Engineering,20,3575.0,13.45,165.45,12.2,High
"Document Controller (5.5 Days, Lta Project)",Building and Construction,25,3000.0,0.0,3.64,25.2,Low
Document Controller / Water Treatment Mnc / Central / 1 Year Contract,Admin / Secretarial,88,4750.0,0.22727272727272727,1.1363636363636365,35.7,Low
Documentation Admin / 6 Months Contract / Oil And Gas Mnc / North,Admin / Secretarial,38,2750.0,0.34210526315789475,4.631578947368421,25.9,Low
"Documentation Executive - Central - Global Mnc (Shipping Documents, Lc)",Admin / Secretarial,32,3800.0,0.15625,3.09375,27.5,Low
Dot Net Developer,Information Technology,51,7500.0,1.3137254901960784,38.07843137254902,36.1,Medium
Drafter,Architecture / Interior Design,97,3300.0,0.8041237113402062,53.70103092783505,33.2,Low
Drafter,Building and Construction,320,3500.0,0.8875,63.275,41.1,Low
Drafter,Design,31,3300.0,1.3548387096774193,95.96774193548387,23.0,Medium
Drafter,Engineering,49,3000.0,1.4489795918367347,74.18367346938776,26.3,Medium
Drafter #65786,Building and Construction,23,2400.0,0.043478260869565216,5.043478260869565,25.4,Low
"Drafter (Cad, Construction)",Building and Construction,29,3750.0,0.5862068965517241,42.41379310344828,25.1,Low
Draftsman,Architecture / Interior Design,43,3250.0,1.697674418604651,84.20930232558139,25.3,Medium
Draftsman,Building and Construction,88,3500.0,1.6704545454545454,71.73863636363636,30.3,Medium
Draftsperson,Building and Construction,21,3500.0,0.8571428571428571,64.95238095238095,22.9,Low
Driver,Admin / Secretarial,34,3400.0,1.7058823529411764,26.91176470588235,23.5,Medium
Driver,Building and Construction,662,3800.0,2.8489425981873113,42.39577039274924,43.0,Medium
Driver,Customer Service,278,3850.0,1.5287769784172662,25.363309352517987,39.6,Medium
Driver,Engineering,24,3300.0,2.9166666666666665,64.125,19.2,Medium
Driver,Environment / Health,20,3475.0,1.6,23.1,23.5,Medium
Driver,F&B,199,3750.0,0.7487437185929648,20.407035175879397,39.4,Low
Driver,General Management,39,3850.0,4.615384615384615,65.74358974358974,24.2,Medium
Driver,General Work,324,3750.0,1.8703703703703705,27.305555555555557,39.2,Medium
Driver,Logistics / Supply Chain,388,3700.0,1.2448453608247423,30.778350515463917,43.3,Medium
Driver,Manufacturing,424,4000.0,0.6957547169811321,16.90566037735849,45.2,Low
Driver,Others,429,3800.0,2.0815850815850814,32.08391608391609,41.7,Medium
Driver,Sales / Retail,37,4000.0,1.837837837837838,30.513513513513512,25.9,Medium
Driver,Wholesale Trade,176,4000.0,0.5909090909090909,17.835227272727273,39.3,Low
Driver (Class 4),Logistics / Supply Chain,20,2800.0,1.0,47.7,21.1,Low
Driver (Tipper Truck),Building and Construction,113,3575.0,0.07964601769911504,4.557522123893805,38.5,Low
Driver (Truck),Building and Construction,60,3575.0,0.1,5.416666666666667,34.1,Low
Driver (Truck),Logistics / Supply Chain,55,3575.0,0.03636363636363636,3.1272727272727274,33.2,Low
Driver Assistant (Up To S$2200),Others,20,2050.0,0.05,3.2,21.7,Low
Driver Cum On-Site Technician #65948,Logistics / Supply Chain,25,1950.0,0.0,2.28,25.3,Low
Driver Cum Site Supervisor,Building and Construction,20,3750.0,0.4,16.55,25.8,Low
Driver Cum Warehouse Assistance,Logistics / Supply Chain,91,2650.0,0.054945054945054944,7.362637362637362,32.8,Low
Driver Merchandiser (Class 3/Sales Commission & Incentive) #66053,Logistics / Supply Chain,29,2250.0,0.034482758620689655,4.172413793103448,26.7,Low
Duty Engineer,Engineering,21,3150.0,0.7142857142857143,15.80952380952381,21.5,Low
Duty Manager,Admin / Secretarial,48,2900.0,0.1875,5.395833333333333,30.5,Low
Duty Manager,Customer Service,100,3250.0,2.54,31.56,28.9,Medium
Duty Manager,Hospitality,142,3400.0,1.323943661971831,20.380281690140844,34.6,Medium
"E&I Engineer (Environmental Mnc, West)",Engineering,23,4050.0,0.0,0.08695652173913043,26.6,Low
"E&I Engineer - West, Pharmaceuticals Mnc",Engineering,25,5750.0,0.2,0.48,29.3,Low
E&I Engineer / Pharmaceuticals Mnc / West,Engineering,20,5750.0,0.35,0.95,27.2,Low
E&I Engineer / West / Environmental Mnc,Engineering,36,4050.0,0.05555555555555555,0.9444444444444444,29.2,Low
E&I Engineer/ Water Treatment Mnc (Offshore),Engineering,22,6000.0,0.6363636363636364,19.0,27.3,Low
E&I Engineer/ Water Treatment Mnc (Offshore) / 1 Year Contract,Engineering,319,5500.0,0.15047021943573669,8.094043887147336,46.1,Low
"E-Commerce Assistant (North, Up To $2,200)",Marketing / Public Relations,45,2100.0,0.06666666666666667,10.911111111111111,27.0,Low
E-Commerce Executive,Admin / Secretarial,38,2800.0,2.9210526315789473,36.60526315789474,21.0,Medium
E-Commerce Executive,Advertising / Media,57,3000.0,2.263157894736842,31.42105263157895,24.8,Medium
E-Commerce Executive,Customer Service,27,2850.0,1.2592592592592593,22.703703703703702,21.3,Medium
E-Commerce Executive,Marketing / Public Relations,49,3100.0,3.2653061224489797,38.285714285714285,22.5,Medium
E-Commerce Executive,Sales / Retail,26,2900.0,4.8076923076923075,56.46153846153846,16.2,Medium
"E-Commerce Executive (North, F&B, E-Store)",F&B,41,4000.0,0.024390243902439025,1.0731707317073171,30.1,Low
E-Commerce Manager (Fashion Retail) Mnc,Marketing / Public Relations,46,6250.0,2.3260869565217392,27.347826086956523,28.8,Medium
E-Commerce Specialist Cum Admin,Admin / Secretarial,102,2750.0,0.17647058823529413,5.745098039215686,33.1,Low
Early Childhood Educator,Education and Training,63,3150.0,0.5396825396825397,17.285714285714285,31.2,Low
Early Childhood Teacher,Education and Training,22,3650.0,5.045454545454546,85.86363636363636,17.3,High
Early Intervention Educator,Education and Training,23,3000.0,1.8695652173913044,25.52173913043478,23.0,Medium
Early Intervention Teacher,Education and Training,48,3550.0,1.625,22.6875,28.3,Medium
Early Years Educator,Education and Training,41,3000.0,0.6097560975609756,17.51219512195122,28.5,Low
Educarer,Education and Training,22,2250.0,1.6818181818181819,27.09090909090909,23.2,Medium
Education Consultant,Education and Training,26,3625.0,1.9615384615384615,25.653846153846153,22.3,Medium
Educational Therapist,Education and Training,38,3000.0,7.052631578947368,62.76315789473684,20.1,High
Ehs Coordinator (Maritime),Engineering,37,2700.0,0.0,0.6486486486486487,27.2,Low
Ehs Manager (Maritime / Lead Auditor),Engineering,54,8500.0,0.018518518518518517,0.42592592592592593,40.4,Low
Ehs Officer,Environment / Health,21,5000.0,2.1904761904761907,22.428571428571427,23.4,Medium
"Ehs Officer (Environmental Mnc, West)",Engineering,33,3750.0,0.09090909090909091,0.7272727272727273,27.9,Low
"Ehs Officer - Environmental Mnc, West",Engineering,22,3750.0,0.3181818181818182,1.4545454545454546,24.3,Low
Ehs Officer / West / Environmental Mnc,Engineering,36,3750.0,0.027777777777777776,0.4722222222222222,28.8,Low
Ehs Officer / West / Environmental Mnc,Environment / Health,46,5150.0,0.21739130434782608,3.0869565217391304,32.1,Low
Electrical & Instrument Engineer / Water Treatment Mnc / Central / 1 Year Contract,Engineering,27,5500.0,0.14814814814814814,1.5185185185185186,29.6,Low
Electrical & Instrument Engineer / Water Treatment Mnc / South,Engineering,28,5500.0,0.07142857142857142,1.1428571428571428,30.2,Low
Electrical & Instrumentation Engineer,Engineering,31,5000.0,1.1290322580645162,22.903225806451612,26.4,Medium
Electrical Design Engineer,Engineering,44,4375.0,1.3181818181818181,33.09090909090909,27.5,Medium
Electrical Design Engineer / Protection Systems ( Design Electrical Single Line / Panel Diagram ) Junior / Entry Level / Senior Welcome Apply / Good Pay +Good Bonus,Engineering,25,6500.0,0.8,13.0,29.8,Low
Electrical Engineer,Building and Construction,387,4000.0,0.7157622739018088,24.819121447028422,43.7,Low
Electrical Engineer,Engineering,493,4250.0,1.643002028397566,40.24746450304259,43.5,Medium
Electrical Engineer #65651,Engineering,31,3150.0,0.12903225806451613,2.967741935483871,28.3,Low
"Electrical Engineer (Acmv/ Hvac/ Hook Up/ M&E, Main Con)",Building and Construction,36,3750.0,0.25,15.583333333333334,29.9,Low
Electrical Engineer (Consultancy),Building and Construction,37,4500.0,0.21621621621621623,5.675675675675675,29.5,Low
Electrical Engineer (Consultancy) Up To S$5000,Building and Construction,82,4500.0,0.012195121951219513,1.4024390243902438,35.7,Low
Electrical Engineer (Iso13485) Manufacturing Mnc,Engineering,23,6250.0,1.4782608695652173,27.304347826086957,25.8,Medium
Electrical Engineer (No Experience Required) / Global Mnc/ West,Engineering,110,4900.0,0.34545454545454546,4.8090909090909095,36.9,Low
Electrical Engineer (Oil & Gas Plant),Engineering,69,7000.0,0.17391304347826086,1.7681159420289856,38.5,Low
Electrical Engineer (Professional Engineer) / Water Treatment,Engineering,58,8000.0,0.10344827586206896,0.9137931034482759,39.5,Low
Electrical Engineer - 5 Days #62250,Engineering,59,3650.0,0.3728813559322034,8.305084745762711,32.5,Low
Electrical Engineer - Design / Project / West,Engineering,29,3750.0,0.034482758620689655,0.3448275862068966,27.3,Low
Electrical Engineer /– Sub-Station Automation Projects / ( Junior / Entry Level / Senior ) X3 Opening / Mnc,Engineering,69,6500.0,1.7536231884057971,25.26086956521739,34.3,Medium
Electrical Engineer/ Scada Project Engineer (Maintenance) Ems/Dms Scada Project /Mnc/( Junior / Entry Level / Senior ) X3 Opening / Mnc,Engineering,65,6500.0,0.9384615384615385,16.29230769230769,35.8,Low
Electrical Engineering Technician,Engineering,23,3800.0,1.0434782608695652,19.695652173913043,24.2,Medium
Electrical Maintenance Technician (Manufacturing / Automation / Pharmaceutical),Engineering,36,3000.0,0.6388888888888888,23.97222222222222,27.1,Low
Electrical Production Engineer (Iso13485) - Mnc,Engineering,21,6250.0,1.1904761904761905,23.857142857142858,25.9,Medium
Electrical Project Engineer,Building and Construction,21,3650.0,1.1428571428571428,31.19047619047619,22.7,Medium
Electrical Site Supervisor,Building and Construction,40,3475.0,0.225,8.475,29.2,Low
Electrical Supervisor,Building and Construction,46,3425.0,1.5869565217391304,33.23913043478261,26.2,Medium
Electrical Supervisor,Engineering,22,3700.0,1.1363636363636365,36.31818181818182,23.1,Medium
Electrical Technical Officer (Oil/Gas/Chemical Tankers),Engineering,111,3500.0,0.009009009009009009,4.072072072072072,35.9,Low
Electrical Technician,Building and Construction,59,3250.0,0.5423728813559322,25.152542372881356,30.5,Low
Electrical Technician,Engineering,60,2750.0,4.316666666666666,104.45,23.1,Medium
Electrical Technician #64749,Repair and Maintenance,28,2000.0,0.07142857142857142,10.607142857142858,25.8,Low
Electrical Technician (5 Days) #65650,Repair and Maintenance,26,2250.0,0.038461538461538464,3.230769230769231,26.0,Low
Electrical Technician (Night Shift) #65663,Repair and Maintenance,35,2450.0,0.14285714285714285,3.9714285714285715,27.8,Low
Electrical Technician / 1 Year Contract / Global Mnc / West,Engineering,83,2250.0,0.03614457831325301,2.6987951807228914,31.5,Low
Electrician,Building and Construction,89,3400.0,0.449438202247191,47.30337078651685,34.2,Low
Electrician,Engineering,46,3250.0,0.6739130434782609,69.28260869565217,28.9,Low
Electronic Assistant Engineer / Pca Technician (Pca / Electronic ) X2 Role (Junior / Entry Level / 1-2 Years Experience ),Engineering,20,6500.0,8.05,85.65,19.8,High
Electronics Engineer,Engineering,33,4750.0,1.9696969696969697,41.93939393939394,25.4,Medium
Embedded Software Engineer,Engineering,33,6750.0,2.393939393939394,44.84848484848485,29.3,Medium
Embedded Software Engineer (Mcu Toolchain/Apps),Engineering,36,6500.0,0.4444444444444444,21.555555555555557,32.1,Low
Employment Agent Personnel,Admin / Secretarial,26,3500.0,0.6153846153846154,9.76923076923077,23.9,Low
Energy Engineer (Scem) / Global Mnc / West,Engineering,20,5150.0,0.15,2.75,27.0,Low
Enforcement Officer,Customer Service,25,3100.0,4.16,46.28,20.4,Medium
Engine Technician,Engineering,20,3650.0,1.65,19.5,24.9,Medium
Engineer,Building and Construction,547,3900.0,0.4844606946983547,15.844606946983546,47.1,Low
Engineer,Engineering,445,4000.0,1.946067415730337,35.53258426966292,42.0,Medium
Engineer,Manufacturing,21,3500.0,2.238095238095238,44.80952380952381,19.6,Medium
"Engineer (Boiler) - West, Rotating Shift",Engineering,34,3500.0,0.029411764705882353,1.1764705882352942,28.0,Low
"Engineer (Iot, Point Of Sales System, Up To $3,800)",Information Technology,22,3650.0,0.0,3.5454545454545454,25.5,Low
Engineer / Electrical Engineer / Project – Smart Grid & Metering/ ( Junior / Entry Level),Engineering,20,6500.0,5.05,49.15,22.0,High
Engineer / Electrical Engineer – Protection Systems ( Junior / Entry Level),Engineering,32,6500.0,4.15625,53.375,25.9,Medium
Engineer / Project Engineer / Protection Systems Projects ( Testing And Commissioning ) Junior / Entry Level / Senior Welcome Apply / Good Pay +Good Bonus,Engineering,25,6500.0,0.76,16.32,30.0,Low
Engineer / Project Engineer – Sub-Station Automation / Lta/Smrt Projects / ( Junior / Entry Level),Engineering,29,6500.0,8.931034482758621,58.0,21.8,High
Engineer / Project Engineer – Sustainable Energy Solutions / Energy Monitoring System ( Good Bonus),Engineering,53,6500.0,1.1886792452830188,11.641509433962264,33.8,Medium
Engineer / Project Engineer – Sustainable Energy Solutions / Energy Monitoring System ( Good Bonus) Junior / Entry Level,Engineering,32,6500.0,1.4375,13.65625,29.9,Medium
Engineer Consultant (Civil / Technical) #65005,Engineering,38,3250.0,0.02631578947368421,3.210526315789474,30.4,Low
Engineer – Sustainable Energy Solutions,Engineering,25,6000.0,0.48,5.04,30.0,Low
Engineering Assistant,Engineering,40,2925.0,4.425,55.725,19.9,Medium
Engineering Manager,Building and Construction,29,7000.0,0.9655172413793104,21.275862068965516,30.3,Low
Engineering Manager,Engineering,92,7500.0,3.5869565217391304,51.119565217391305,34.7,Medium
Engineering Manager (Instrumentation Control/Mnc/5 Days),Engineering,22,7750.0,0.36363636363636365,2.227272727272727,31.5,Low
Engineering Manager (Manufacturing),Engineering,22,6500.0,0.18181818181818182,2.0454545454545454,30.0,Low
Engineering Manager (Mechanical),Engineering,42,6500.0,0.9761904761904762,16.166666666666668,31.5,Low
Engineering Manager (Molding & Tooling) / Medical Devices Mnc,Engineering,77,9000.0,0.2727272727272727,1.1688311688311688,42.5,Low
Engineering Manager (Molding & Tooling) / Mnc,Engineering,52,9000.0,0.15384615384615385,0.5961538461538461,40.4,Low
Engineering Manager (Project Design)/ Water Treatment Mnc,Building and Construction,64,11000.0,0.796875,12.125,43.1,Low
"Engineering Manager, Application (Additive Manufacturing Mnc)",Engineering,24,5900.0,0.16666666666666666,1.5,29.5,Low
Engineering Specialist / Assistant Engineer (Plant Maintenance) M & E Servicing / Air-Con & Refridgeration / Plc Controller,Engineering,25,4500.0,2.24,44.0,23.0,Medium
Engineering Specialist / Engineer (Qc) / Entry Level / Junior / Nitec / Diploma In Mechanical Apply!!,Engineering,22,3875.0,0.6818181818181818,7.5,24.5,Low
"Engineering Specialist, Tuas/$2400-$2800, No Experience Welcome",Engineering,21,2600.0,0.5238095238095238,7.428571428571429,24.2,Low
Engineering Supervisor,Building and Construction,26,2900.0,0.038461538461538464,1.1538461538461537,27.2,Low
"Engineering Support Engineer (West/ Manufacturing, Aerospace)",Engineering,36,2750.0,0.3333333333333333,16.63888888888889,26.9,Low
Engineering Team Lead / Marine & Offshore Mnc / West,Engineering,25,9500.0,0.0,0.2,37.3,Low
Engineering Technician,Engineering,51,3000.0,4.333333333333333,46.0,23.1,Medium
Engineering Technician,Manufacturing,32,3650.0,5.9375,51.21875,20.6,High
"Engineering Technician (North, Shift, Up To $3,100)",Architecture / Interior Design,65,2600.0,0.09230769230769231,6.2615384615384615,30.3,Low
Engineers – Protection Systems,Engineering,41,6000.0,0.21951219512195122,2.975609756097561,34.3,Low
Engineers – System Integration & Engineering/ ( Junior / Entry Level),Engineering,36,6500.0,4.166666666666667,33.888888888888886,26.7,Medium
Engineers/ Project Engineer – Maintenance / Scada Project / ( Junior / Entry Level),Engineering,29,6500.0,3.1379310344827585,37.0,26.4,Medium
English & Writing Teacher (Full-Time),Education and Training,22,4000.0,0.09090909090909091,0.7727272727272727,28.8,Low
English & Writing Teacher (Shortened Workweek),Education and Training,22,2600.0,0.13636363636363635,1.3181818181818181,26.0,Low
English Childcare Teacher,Education and Training,91,3300.0,0.27472527472527475,6.835164835164835,34.7,Low
English Language Teacher,Education and Training,26,3200.0,2.923076923076923,47.73076923076923,20.6,Medium
English Language Teacher - Education / English Language Studies / Enrichment Centre [ 2683],Education and Training,21,3700.0,0.7142857142857143,26.80952380952381,22.5,Low
English Language Teacher [ Training Provided ] - 9186,Education and Training,26,3700.0,0.23076923076923078,3.6153846153846154,25.6,Low
English Preschool Educator,Education and Training,37,3600.0,0.8378378378378378,12.756756756756756,28.1,Low
English Preschool Teacher,Education and Training,61,3150.0,0.9180327868852459,20.62295081967213,29.7,Low
English Teacher,Education and Training,129,3650.0,1.503875968992248,23.48062015503876,33.8,Medium
English Teacher For Ib And Jc,Education and Training,31,6000.0,0.3548387096774194,7.161290322580645,32.7,Low
English Teacher For Primary,Education and Training,24,5000.0,1.125,18.5,26.7,Medium
English Teacher For Secondary,Education and Training,30,5000.0,0.3333333333333333,8.833333333333334,30.7,Low
English Tutor,Education and Training,37,3900.0,1.8918918918918919,24.027027027027028,25.3,Medium
English Tutor For Early Childhood Care And Education,Education and Training,29,4000.0,0.7931034482758621,13.0,27.0,Low
English/Chinese Preschool Teacher,Education and Training,44,3300.0,0.75,11.772727272727273,27.8,Low
Enrichment Teacher,Education and Training,31,2950.0,0.3548387096774194,7.967741935483871,27.7,Low
Enrolled Nurse,Environment / Health,41,2650.0,0.24390243902439024,13.146341463414634,30.3,Low
Enrolled Nurse,Healthcare / Pharmaceutical,300,2400.0,0.4766666666666667,11.98,45.4,Low
"Enrolled Nurse (O&G, 5.5Days)",Healthcare / Pharmaceutical,133,2500.0,0.16541353383458646,6.842105263157895,34.5,Low
Enrolled Nurse (Wards/Icu/Ot/Ed/Outpatient Clinic),Healthcare / Pharmaceutical,35,2700.0,1.1428571428571428,29.228571428571428,31.1,Medium
Enrolled Nurse - Sanh Queenstown,Healthcare / Pharmaceutical,28,2500.0,0.0,7.785714285714286,26.6,Low
Enterprise Account Executive,Information Technology,25,14167.0,1.44,19.6,41.8,Medium
Enterprise Architect,Information Technology,40,13250.0,2.925,27.525,41.1,Medium
"Enterprise Architect (Cyber Security, Network)",Information Technology,22,10000.0,1.8181818181818181,29.136363636363637,33.2,Medium
Enterprise Sales Manager,Building and Construction,20,9500.0,0.7,6.9,33.0,Low
Environmental Control Officer,Building and Construction,69,4400.0,3.420289855072464,49.69565217391305,27.7,Medium
Environmental Control Officer (Eco),Building and Construction,90,4250.0,2.011111111111111,32.31111111111111,32.5,Medium
Environmental Engineer,Engineering,23,3750.0,1.0434782608695652,19.608695652173914,22.4,Medium
Equipment Engineer,Engineering,52,4875.0,10.73076923076923,89.71153846153847,23.5,High
"Equipment Engineer (High-Tech, High Vol-Manufacturing, Up To $5,000)",Manufacturing,29,4250.0,0.8620689655172413,11.03448275862069,26.5,Low
"Equipment Engineer (Metrology, Semiconductor Industry)",Engineering,30,4500.0,0.36666666666666664,6.7,27.5,Low
Equipment Technician #65052,Repair and Maintenance,65,2350.0,0.06153846153846154,5.046153846153846,32.1,Low
"Equipment Technician (12 Hours Rotating, Plc)",Manufacturing,39,3000.0,0.358974358974359,5.615384615384615,26.7,Low
Erp Consultant (Finance) #65772,Information Technology,29,5000.0,0.1724137931034483,5.137931034482759,31.1,Low
Etl Developer,Information Technology,45,8500.0,0.6666666666666666,21.42222222222222,38.3,Low
Euc Engineer (Fixed Shift),Engineering,305,3400.0,0.20655737704918034,3.4295081967213115,43.4,Low
Euc Engineer (Joo Koon),Engineering,125,2775.0,0.08,4.624,35.0,Low
Euc Engineer (Roaming),Engineering,137,3150.0,0.08759124087591241,4.978102189781022,36.3,Low
Euc Engineer L2,Engineering,93,3150.0,0.010752688172043012,1.1720430107526882,34.1,Low
Euc Engineer L2,Information Technology,121,3150.0,0.049586776859504134,1.1900826446280992,35.6,Low
Event Coordinator,Advertising / Media,138,2750.0,0.463768115942029,7.855072463768116,34.2,Low
Event Coordinator,Events / Promotions,21,2750.0,3.5238095238095237,40.61904761904762,17.0,Medium
Event Executive,Events / Promotions,44,3000.0,4.318181818181818,43.61363636363637,20.9,Medium
Event Manager,Events / Promotions,55,4750.0,6.218181818181818,65.92727272727272,23.6,High
Event Operations Executive,Entertainment,187,3000.0,0.5187165775401069,7.021390374331551,36.3,Low
Event Operations Intern,Customer Service,92,1000.0,0.08695652173913043,2.6956521739130435,34.1,Low
Event Sales Executive,Customer Service,99,3500.0,0.7474747474747475,8.777777777777779,33.0,Low
Event Sales Senior Executive,Customer Service,58,4000.0,0.10344827586206896,1.603448275862069,32.0,Low
Events Executive,Events / Promotions,90,3100.0,4.955555555555556,41.05555555555556,25.3,Medium
Events Manager,Events / Promotions,49,4000.0,4.183673469387755,41.51020408163265,23.3,Medium
Events Senior Executive,Customer Service,85,3500.0,0.29411764705882354,4.647058823529412,32.8,Low
Excavating Machine Operator,Building and Construction,20,2150.0,0.1,16.4,22.8,Low
Excavator Operator,Building and Construction,61,3000.0,0.2459016393442623,53.81967213114754,31.4,Low
Exchange Administrator,Information Technology,53,7000.0,0.16981132075471697,4.7924528301886795,36.7,Low
Executive,Admin / Secretarial,50,3675.0,2.0,24.06,26.7,Medium
Executive,Customer Service,22,3750.0,0.8636363636363636,11.409090909090908,23.7,Low
Executive,F&B,39,3150.0,0.20512820512820512,4.512820512820513,30.3,Low
Executive,Others,169,4500.0,0.42011834319526625,9.905325443786982,40.2,Low
Executive (Finance Department) [Nie],Accounting / Auditing / Taxation,28,2950.0,1.6785714285714286,33.285714285714285,20.6,Medium
Executive Assistant,Accounting / Auditing / Taxation,20,2925.0,4.35,46.05,14.8,Medium
Executive Assistant,Admin / Secretarial,333,4250.0,17.41741741741742,124.6006006006006,32.1,High
"Executive Assistant & Driver (Urgent/Investment/Sme/S$3,500 Higher)",Banking and Finance,20,3000.0,0.25,6.35,26.7,Low
Executive Chef,Customer Service,27,7500.0,3.7037037037037037,29.185185185185187,27.0,Medium
Executive Chef,F&B,367,7500.0,2.3678474114441417,21.460490463215258,46.7,Medium
Executive Cook,F&B,30,4500.0,0.03333333333333333,1.8333333333333333,31.5,Low
Executive Director,General Management,41,10250.0,12.829268292682928,75.53658536585365,28.1,High
Executive Engineer,Building and Construction,20,5000.0,1.85,33.25,23.3,Medium
Executive Housekeeper,Hospitality,30,7250.0,2.7,35.53333333333333,27.8,Medium
Executive Manager,Admin / Secretarial,57,8000.0,3.3333333333333335,38.19298245614035,33.2,Medium
Executive Quantity Surveyor,Building and Construction,33,4500.0,0.696969696969697,21.333333333333332,29.1,Low
Executive Restaurant Manager,F&B,22,5500.0,3.0,16.545454545454547,22.9,Medium
Executive Secretary,Admin / Secretarial,68,4350.0,6.5588235294117645,58.205882352941174,23.7,High
Executive Sous Chef,F&B,30,7925.0,8.066666666666666,62.8,24.6,High
"Executive, Business Office",Admin / Secretarial,20,2850.0,1.3,27.85,21.5,Medium
"Executive, Finance",Accounting / Auditing / Taxation,38,3625.0,2.5789473684210527,54.921052631578945,22.5,Medium
"Executive, Guest Service",Customer Service,24,2700.0,0.5833333333333334,10.25,24.9,Low
"Executive, Guest Service (Lyf)",Hospitality,36,2900.0,0.5555555555555556,13.277777777777779,28.2,Low
"Executive, Human Resource",Human Resources,20,3500.0,23.3,121.65,8.2,High
"Executive/ Senior Executive, Finance",Accounting / Auditing / Taxation,23,3150.0,4.043478260869565,40.82608695652174,16.5,Medium
Experienced Agile Coach,Consulting,20,12250.0,4.4,30.55,34.1,Medium
Export Coordinator #65763,Logistics / Supply Chain,32,3100.0,0.15625,3.53125,28.3,Low
Export Executive,F&B,21,3100.0,0.8095238095238095,15.380952380952381,21.1,Low
External Audit Associate,Accounting / Auditing / Taxation,33,2750.0,0.48484848484848486,21.303030303030305,26.3,Low
External Audit Manager,Accounting / Auditing / Taxation,24,5250.0,0.5,7.375,28.3,Low
F&B Assistant Manager,F&B,22,3800.0,1.9545454545454546,23.181818181818183,21.4,Medium
F&B Assistant Service Manager,F&B,22,3650.0,0.45454545454545453,9.772727272727273,24.9,Low
F&B Captain,F&B,41,3000.0,0.04878048780487805,7.146341463414634,31.7,Low
F&B Cook,F&B,22,2150.0,0.045454545454545456,2.3181818181818183,23.8,Low
F&B Excutive,F&B,49,3150.0,0.0,0.8775510204081632,35.7,Low
F&B Executive,Customer Service,119,3500.0,0.13445378151260504,6.621848739495798,38.5,Low
F&B Executive,F&B,333,3250.0,0.15615615615615616,6.564564564564565,46.3,Low
F&B Management Trainee,Customer Service,23,2900.0,0.043478260869565216,3.739130434782609,26.4,Low
F&B Management Trainee,F&B,43,2850.0,0.3488372093023256,11.30232558139535,30.0,Low
F&B Manager,F&B,98,4100.0,1.683673469387755,12.928571428571429,33.1,Medium
F&B Operations Manager,F&B,20,4775.0,8.55,57.5,15.7,High
F&B Outlet Assistant,Customer Service,51,2200.0,0.058823529411764705,6.176470588235294,30.2,Low
F&B Outlet Supervisor,F&B,23,3250.0,0.5217391304347826,19.130434782608695,25.1,Low
F&B Servers For Japanese Restaurant,F&B,79,3250.0,0.189873417721519,9.784810126582279,33.7,Low
F&B Service Crew,Customer Service,27,2150.0,0.4074074074074074,28.74074074074074,26.3,Low
F&B Service Crew,F&B,80,2450.0,0.1875,19.7625,33.3,Low
F&B Supervisor,Customer Service,89,3100.0,0.06741573033707865,6.674157303370786,35.9,Low
F&B Supervisor,F&B,802,4062.5,0.059850374064837904,4.672069825436409,52.7,Low
F&B Supervisor,Hospitality,22,3750.0,0.8181818181818182,19.227272727272727,24.9,Low
Fa Engineers / First Article Qa Engineer (First Article Inspection),Engineering,21,5000.0,2.761904761904762,45.19047619047619,22.0,Medium
Facade Designer,Architecture / Interior Design,21,3750.0,0.42857142857142855,34.76190476190476,25.2,Low
Facilities Engineer,Building and Construction,26,4125.0,1.2307692307692308,18.846153846153847,24.2,Medium
Facilities Engineer,Engineering,43,4500.0,3.372093023255814,43.18604651162791,25.2,Medium
Facilities Engineer #65152,Repair and Maintenance,21,3750.0,0.38095238095238093,6.904761904761905,25.8,Low
"Facilities Engineer (No Experience Required, Given Training) / Energy Mnc / West",Engineering,31,4400.0,0.12903225806451613,2.193548387096774,28.5,Low
Facilities Engineer (Plant) / Energy Mnc / West,Engineering,32,4400.0,0.0625,1.15625,29.1,Low
Facilities Executive,Building and Construction,49,3250.0,4.1020408163265305,41.183673469387756,22.5,Medium
Facilities Executive (Warehouse/ Distribution Centre),Logistics / Supply Chain,40,3500.0,0.025,0.925,29.0,Low
Facilities Maintenance Officer,Environment / Health,35,3025.0,0.6285714285714286,9.971428571428572,27.6,Low
Facilities Maintenance Technician #64875,Repair and Maintenance,22,3000.0,1.4090909090909092,26.09090909090909,21.8,Medium
Facilities Management Executive,Hospitality,23,3000.0,0.17391304347826086,8.130434782608695,28.3,Low
Facilities Manager,Building and Construction,34,5125.0,9.647058823529411,76.47058823529412,19.2,High
Facilities Manager,Real Estate / Property Management,23,5750.0,2.652173913043478,17.347826086956523,23.3,Medium
Facilities Manager (Healthcare/Hospital),Building and Construction,32,7000.0,0.84375,7.15625,31.0,Low
Facilities Manager (Medical Manufacturing Mnc),Engineering,41,6000.0,2.8292682926829267,19.536585365853657,26.8,Medium
Facilities Officer (Medical Healthcare) / North,Real Estate / Property Management,22,2750.0,0.0,0.5,23.9,Low
Facilities Officer / 1 Year Contract / Real Estate / West / No Experience Required,Real Estate / Property Management,38,2650.0,0.10526315789473684,3.1842105263157894,29.9,Low
Facilities Officer / 3 Months Contract / Central,Real Estate / Property Management,42,3500.0,0.11904761904761904,2.0952380952380953,28.9,Low
Facilities Officer / 3 Months Contract / Central / Grade A Office Experience,Real Estate / Property Management,21,3500.0,0.0,0.9047619047619048,25.0,Low
Facilities Technician #65269,Repair and Maintenance,44,3000.0,0.09090909090909091,3.7954545454545454,30.6,Low
Facilities Technician (Biomedical Manufacturer),Engineering,43,2250.0,0.11627906976744186,2.255813953488372,26.7,Low
Facilities Technician (Data Center/Shift Allowance/Flexi Benefits) #64875,Repair and Maintenance,21,3000.0,0.19047619047619047,7.0476190476190474,25.2,Low
"Facilities Technician (Semiconductor, Chemical)",Engineering,27,2750.0,0.14814814814814814,5.592592592592593,25.3,Low
Facility Assistant Director (Retail) Warehouse,General Management,53,10500.0,0.5471698113207547,2.150943396226415,41.7,Low
Facility Cleaner/ Facility Cleaning Crew #65143,Repair and Maintenance,29,1850.0,0.0,4.0,26.1,Low
Facility Cleaning Supervisor #65179,General Work,29,2500.0,0.13793103448275862,5.0,26.6,Low
Facility Engineer,Engineering,40,4500.0,3.9,42.025,24.2,Medium
Facility Executive,Building and Construction,32,3150.0,1.65625,19.5,22.9,Medium
Facility Service Specialist,Environment / Health,37,3100.0,0.9459459459459459,20.7027027027027,30.3,Low
Factory Manager #64784,General Management,37,8000.0,1.054054054054054,15.162162162162161,35.3,Medium
"Failure Analysis Engineer (Manufacturing, West)",Engineering,35,3000.0,0.42857142857142855,14.657142857142857,26.8,Low
"Family Driver (Global Mnc, Islandwide)",Admin / Secretarial,29,2900.0,1.3793103448275863,17.20689655172414,21.3,Medium
Family Physician,Healthcare / Pharmaceutical,20,13500.0,0.3,10.75,42.5,Low
Fashion Designer,Design,37,3150.0,1.4324324324324325,24.783783783783782,23.8,Medium
Field Application Engineer,Engineering,87,4750.0,1.2298850574712643,21.42528735632184,32.6,Medium
"Field Application Engineer (Serangoon, Up To $7,000)",Engineering,47,5750.0,0.5531914893617021,15.127659574468085,32.1,Low
Field Engineer,Engineering,39,3750.0,1.2307692307692308,32.43589743589744,26.9,Medium
Field Engineer,Information Technology,22,3250.0,0.7272727272727273,21.136363636363637,23.8,Low
Field Service Engineer,Customer Service,36,3900.0,9.75,83.75,18.8,High
Field Service Engineer,Engineering,146,3750.0,3.7054794520547945,42.534246575342465,31.5,Medium
Field Service Engineer,Information Technology,52,3300.0,0.4230769230769231,10.134615384615385,29.5,Low
"Field Service Engineer (North, Ate Tester, Up To $4,500)",Customer Service,29,3800.0,2.3793103448275863,29.06896551724138,24.3,Medium
"Field Service Engineer (Si, Cctv, East)",Engineering,36,3000.0,0.75,17.22222222222222,26.7,Low
"Field Service Engineer / Electrical Engineer / Equipment (Static, Rotary Uninterruptible",Engineering,40,7000.0,0.825,7.1,33.8,Low
Field Service Technician,Customer Service,20,2675.0,3.05,45.85,16.8,Medium
Field Service Technician,Engineering,51,2500.0,1.588235294117647,31.03921568627451,25.1,Medium
"Field Service Technician (Manufacturing/ Chemical/ Equipment, West)",Engineering,36,3000.0,0.5277777777777778,14.88888888888889,26.6,Low
"Field Service Technician (Si, Cctv/ Ees, East)",Engineering,35,2750.0,0.3142857142857143,15.485714285714286,28.6,Low
Field Technician,Engineering,22,2750.0,0.7727272727272727,18.863636363636363,22.4,Low
Finance & Admin Executive,Accounting / Auditing / Taxation,33,3250.0,1.6363636363636365,41.36363636363637,22.6,Medium
Finance & Admin Manager,Accounting / Auditing / Taxation,20,5775.0,9.45,75.55,16.4,High
Finance & Hr Executive,Accounting / Auditing / Taxation,48,2250.0,0.5208333333333334,14.5,25.9,Low
Finance & Hr Manager,Accounting / Auditing / Taxation,24,4750.0,2.1666666666666665,26.041666666666668,22.3,Medium
Finance & Hr Manager (Europe Mnc),Accounting / Auditing / Taxation,47,7000.0,0.3617021276595745,2.6382978723404253,35.1,Low
Finance Admin,Accounting / Auditing / Taxation,46,2400.0,0.5869565217391305,14.108695652173912,25.8,Low
Finance Admin / Logistics Mnc / Central / Sap / 3 Months Contract,Accounting / Auditing / Taxation,74,2750.0,0.05405405405405406,1.3783783783783783,31.6,Low
Finance Analyst,Accounting / Auditing / Taxation,54,4750.0,6.351851851851852,65.31481481481481,23.2,High
Finance And Admin Executive,Accounting / Auditing / Taxation,80,4000.0,1.6625,36.4625,29.7,Medium
Finance And Admin Executive,Admin / Secretarial,31,3400.0,0.4838709677419355,12.935483870967742,26.6,Low
Finance And Hr Manager,Accounting / Auditing / Taxation,22,5250.0,5.409090909090909,44.72727272727273,18.7,High
Finance Assistant,Accounting / Auditing / Taxation,116,2750.0,1.5689655172413792,40.33620689655172,30.3,Medium
Finance Assistant / Global Mnc / 6 Months Contract / Central,Accounting / Auditing / Taxation,44,2350.0,0.022727272727272728,19.136363636363637,27.5,Low
Finance Assistant / No Experience Required / Oil & Gas Mnc / West / 1 Year Contract,Accounting / Auditing / Taxation,89,2250.0,0.0449438202247191,12.157303370786517,31.9,Low
Finance Associate,Accounting / Auditing / Taxation,36,4500.0,1.7222222222222223,28.38888888888889,25.9,Medium
Finance Business Partner,Accounting / Auditing / Taxation,36,6875.0,3.5555555555555554,33.361111111111114,26.7,Medium
Finance Controller,Accounting / Auditing / Taxation,30,7625.0,19.633333333333333,115.13333333333334,18.9,High
Finance Controller / Manufacturing Mnc (East),Accounting / Auditing / Taxation,47,9500.0,3.382978723404255,16.29787234042553,33.5,Medium
Finance Director,Accounting / Auditing / Taxation,70,11625.0,31.728571428571428,196.14285714285714,29.5,High
Finance Director,Banking and Finance,24,11000.0,6.125,43.916666666666664,29.6,High
Finance Director (Apac) / Europe Mnc,Accounting / Auditing / Taxation,25,8750.0,0.24,1.04,34.7,Low
Finance Director (F&B Mnc),Accounting / Auditing / Taxation,45,8000.0,4.622222222222222,33.28888888888889,29.1,Medium
Finance Executive,Accounting / Auditing / Taxation,815,3400.0,4.153374233128834,59.557055214723924,41.0,Medium
Finance Executive,Banking and Finance,83,3299.5,3.1927710843373496,53.74698795180723,26.7,Medium
Finance Executive (Ap),Accounting / Auditing / Taxation,21,3000.0,5.571428571428571,61.142857142857146,14.4,High
Finance Executive (Ar),Accounting / Auditing / Taxation,22,3100.0,4.954545454545454,40.95454545454545,15.5,Medium
Finance Executive (Ar) Chemical Manufacturing,Accounting / Auditing / Taxation,45,3300.0,0.022222222222222223,0.4222222222222222,29.5,Low
Finance Executive (Costing) #66065,Accounting / Auditing / Taxation,29,5600.0,0.5517241379310345,10.862068965517242,30.8,Low
Finance Executive (Full Sets),Accounting / Auditing / Taxation,24,3400.0,0.16666666666666666,3.5,25.0,Low
Finance Executive (Payroll Processing) #65720,Accounting / Auditing / Taxation,33,3500.0,0.09090909090909091,6.121212121212121,29.6,Low
Finance Executive / Central / 6 Months Contract (Renewable),Accounting / Auditing / Taxation,92,3600.0,0.03260869565217391,6.0978260869565215,34.7,Low
Finance Intern,Accounting / Auditing / Taxation,22,1150.0,1.9545454545454546,20.272727272727273,15.8,Medium
Finance Manager,Accounting / Auditing / Taxation,1022,6225.0,10.552837573385519,84.22015655577299,43.2,High
Finance Manager,Banking and Finance,144,7000.0,12.069444444444445,90.29166666666667,31.0,High
Finance Manager,General Work,70,8500.0,2.8857142857142857,41.75714285714286,38.1,Medium
Finance Manager (F&B Mnc),Accounting / Auditing / Taxation,54,6000.0,3.462962962962963,24.814814814814813,27.9,Medium
Finance Manager (Sea) / Global Mnc / West,Accounting / Auditing / Taxation,20,7750.0,1.3,6.15,28.1,Medium
Finance Manager (Shipping Mnc),Accounting / Auditing / Taxation,41,7500.0,0.5853658536585366,4.2926829268292686,34.3,Low
"Finance Manager (West, M&A, Oracle Fusion, Contract)",Banking and Finance,30,6250.0,2.2666666666666666,20.766666666666666,26.1,Medium
Finance Officer,Accounting / Auditing / Taxation,54,2900.0,2.2962962962962963,48.94444444444444,24.1,Medium
Finance Officer #64766,Accounting / Auditing / Taxation,67,3500.0,0.4925373134328358,13.567164179104477,32.6,Low
Finance Officer (Logistics) #64866,Accounting / Auditing / Taxation,40,3150.0,0.175,7.875,29.8,Low
Finance Officer / 6 Months Contract / Central / Full Sets,Accounting / Auditing / Taxation,21,1550.0,0.14285714285714285,18.38095238095238,20.6,Low
Finance Spark,Accounting / Auditing / Taxation,29,3250.0,0.06896551724137931,3.793103448275862,26.2,Low
Financial Accountant,Accounting / Auditing / Taxation,50,5375.0,6.56,74.54,23.5,High
Financial Advisor,Banking and Finance,45,6500.0,0.26666666666666666,23.511111111111113,36.8,Low
Financial Advisor - Training Provided,Banking and Finance,92,3500.0,0.13043478260869565,4.608695652173913,40.0,Low
Financial Advisory Representative,Banking and Finance,78,6000.0,0.07692307692307693,5.3076923076923075,40.0,Low
Financial Analyst,Accounting / Auditing / Taxation,83,5000.0,6.795180722891566,64.57831325301204,26.3,High
Financial Analyst,Banking and Finance,32,5000.0,6.75,65.8125,20.5,High
Financial Consultant,Banking and Finance,85,7000.0,0.7058823529411765,20.2,41.7,Low
Financial Consultant,Insurance,29,7000.0,0.6896551724137931,18.20689655172414,35.3,Low
Financial Consultant (No Exp / Good Benefits / Basic + Comms),Banking and Finance,39,6000.0,0.2564102564102564,8.282051282051283,38.3,Low
Financial Controller,Accounting / Auditing / Taxation,113,9500.0,19.353982300884955,109.52212389380531,31.3,High
Financial Customer Service,Banking and Finance,67,7000.0,0.31343283582089554,8.492537313432836,37.7,Low
Financial Manager,Advertising / Media,44,18000.0,0.5227272727272727,8.795454545454545,54.5,Low
Financial Planner,Banking and Finance,57,4000.0,0.10526315789473684,8.0,32.4,Low
Financial Planner (Warm Leads Only/Salary Up To $4K + Performance Bonus) - Code: Gl,Banking and Finance,38,3500.0,0.07894736842105263,2.9210526315789473,28.4,Low
Financial Planning & Analyst (Manufacturing Mnc),Accounting / Auditing / Taxation,21,5250.0,0.19047619047619047,5.095238095238095,27.3,Low
Financial Planning & Analyst (Sox) Manufacturing Mnc,Accounting / Auditing / Taxation,23,5500.0,0.17391304347826086,2.6956521739130435,28.4,Low
Financial Services Consultant,Banking and Finance,25,6000.0,0.2,7.36,33.1,Low
Financial Services Consultant,Insurance,84,4500.0,0.34523809523809523,9.821428571428571,39.6,Low
Financial Services Tax Manager (Hybrid Work Arrangement/Gd Benefits) #66030,Accounting / Auditing / Taxation,26,7750.0,0.23076923076923078,7.653846153846154,35.3,Low
"Financial Wealth Banker (Salary Up To $5,200 + Commission) - Code: Gl",Banking and Finance,82,4250.0,0.07317073170731707,5.121951219512195,35.0,Low
Firmware Engineer,Engineering,40,5750.0,0.775,15.55,30.8,Low
"Firmware Engineer (Forth/C/C++, Semiconductor)",Information Technology,41,6500.0,0.24390243902439024,14.707317073170731,33.8,Low
Fleet Executive (Controller),Customer Service,40,2850.0,0.9,8.225,25.9,Low
"Fleet Technician (Marine, Electrical, 5.5 Days)",Engineering,117,2550.0,0.05982905982905983,5.47008547008547,34.3,Low
"Fleet Technician (Marine, Mechanical, 5.5 Days)",Engineering,114,2550.0,0.043859649122807015,5.508771929824562,34.2,Low
Floor / Wall Tiler,Building and Construction,27,4000.0,0.07407407407407407,20.0,31.0,Low
Floor Captain/Supervisor,F&B,23,3550.0,0.08695652173913043,8.695652173913043,26.5,Low
Floor Manager,F&B,49,3900.0,0.24489795918367346,9.510204081632653,34.0,Low
Floor Supervisor,F&B,31,3100.0,0.25806451612903225,19.0,26.0,Low
Floor Tiler,Building and Construction,46,3900.0,0.0,3.369565217391304,34.3,Low
Food & Beverage Executive,Customer Service,38,2900.0,0.39473684210526316,12.526315789473685,28.8,Low
Food & Beverage Executive,F&B,60,2950.0,0.2,11.8,32.3,Low
Food & Beverage Manager,F&B,41,4500.0,5.121951219512195,36.146341463414636,23.0,High
Food & Beverage Supervisor,F&B,68,3750.0,0.4852941176470588,18.08823529411765,32.5,Low
Food And Beverage (F&B) Manager,F&B,67,3850.0,1.4776119402985075,13.194029850746269,30.7,Medium
Food And Beverage Manager,F&B,60,5475.0,0.4,3.933333333333333,35.9,Low
Food Manufacturing Supervisor,F&B,25,3850.0,0.24,4.28,27.4,Low
Food Manufacturing Supervisor,Manufacturing,47,3850.0,0.2127659574468085,4.595744680851064,31.6,Low
Food Outlet Manager,F&B,53,3650.0,0.2641509433962264,4.943396226415095,32.8,Low
Food Processing Supervisor,F&B,31,3800.0,0.3225806451612903,13.612903225806452,28.4,Low
Food Processing Supervisor,Manufacturing,21,3750.0,0.5238095238095238,17.333333333333332,25.1,Low
Food Processing Worker,F&B,24,2087.5,0.875,80.25,22.2,Low
Food Processing Worker,Manufacturing,20,1750.0,0.55,54.2,22.0,Low
Food Production Manager,F&B,21,4000.0,1.0,20.19047619047619,24.0,Low
Food Services Crew Leader,Customer Service,29,2900.0,0.034482758620689655,5.793103448275862,30.6,Low
Food Services Operations Manager,F&B,24,5450.0,1.6666666666666667,12.0,25.9,Medium
Food Services Operations Manager,Others,92,4500.0,0.33695652173913043,7.184782608695652,36.4,Low
Food Services Service Crew,F&B,38,3937.5,0.07894736842105263,6.0,33.2,Low
Food Technologist #65947,Sciences / Laboratory / R&D,33,3100.0,0.2727272727272727,6.606060606060606,28.0,Low
Foot Reflexologist,Customer Service,44,4000.0,0.045454545454545456,4.454545454545454,33.4,Low
Foot Reflexologist,Environment / Health,39,4500.0,0.0,5.0256410256410255,34.8,Low
Foot Reflexologist,Healthcare / Pharmaceutical,54,4500.0,0.0,5.074074074074074,36.7,Low
Foot Reflexologist,Medical / Therapy Services,80,4000.0,0.0,4.2875,37.8,Low
Foot Reflexologist,Personal Care / Beauty,423,4000.0,0.009456264775413711,4.030732860520095,48.3,Low
Foot/Other Reflexologist,Healthcare / Pharmaceutical,28,4000.0,0.0,6.928571428571429,30.7,Low
Foot/Other Reflexologist,Personal Care / Beauty,23,3900.0,0.08695652173913043,13.478260869565217,28.8,Low
Foreman,Building and Construction,50,4550.0,0.32,15.46,33.1,Low
Forklift Driver,Logistics / Supply Chain,50,2200.0,0.9,47.6,27.0,Low
Forklift Driver #65124,Logistics / Supply Chain,37,2000.0,0.13513513513513514,8.972972972972974,27.3,Low
"Forklift Driver (Shift, West)",Logistics / Supply Chain,31,2050.0,0.06451612903225806,7.870967741935484,25.8,Low
Forklift Operator,Logistics / Supply Chain,26,2150.0,1.5,72.34615384615384,21.5,Medium
"Forklift Technician - Global Mnc, West",Engineering,35,2900.0,0.0,0.4857142857142857,27.2,Low
Fp&A Accountant (Sox) Manufacturing Mnc,Accounting / Auditing / Taxation,101,5500.0,0.24752475247524752,2.5247524752475248,37.9,Low
Fp&A Analyst,Accounting / Auditing / Taxation,21,6000.0,2.0952380952380953,27.142857142857142,23.9,Medium
Fp&A Assistant / No Experience Required / Oil & Gas Mnc / West / 1 Year Contract,Accounting / Auditing / Taxation,50,2250.0,0.14,21.5,27.6,Low
Fp&A Manager,Accounting / Auditing / Taxation,20,8875.0,6.2,62.5,24.2,High
Freelance Ict Trainer,Education and Training,27,2400.0,1.2962962962962963,13.333333333333334,22.2,Medium
Freight Executive (Changi),Logistics / Supply Chain,31,3250.0,0.06451612903225806,2.4838709677419355,26.7,Low
Front Desk,Admin / Secretarial,29,2125.0,1.896551724137931,22.689655172413794,19.2,Medium
Front Desk Executive,Admin / Secretarial,24,2600.0,3.875,49.083333333333336,17.4,Medium
Front Desk Executive,Customer Service,22,2750.0,4.7272727272727275,51.45454545454545,16.1,Medium
Front Desk Executive,Hospitality,27,2600.0,1.8888888888888888,23.88888888888889,21.6,Medium
Front Desk Officer (6 Days Work Week),Admin / Secretarial,29,2400.0,0.7241379310344828,26.20689655172414,22.1,Low
Front Desk Officer (Reservation)/ Golf Club (1 Year Contract),Customer Service,67,2400.0,0.29850746268656714,15.17910447761194,29.2,Low
Front End Developer,Information Technology,42,7250.0,4.571428571428571,62.11904761904762,28.8,Medium
Front Of House,Customer Service,21,2400.0,2.6666666666666665,38.666666666666664,20.0,Medium
Front Office Associate,Customer Service,22,2050.0,0.6363636363636364,16.90909090909091,22.6,Low
Front Office Executive,Admin / Secretarial,24,2800.0,3.2916666666666665,37.541666666666664,18.4,Medium
Front Office Executive,Customer Service,34,2900.0,0.4411764705882353,15.411764705882353,27.8,Low
Front Office Executive,Hospitality,47,2500.0,0.8085106382978723,22.46808510638298,27.4,Low
Front Office Manager,Hospitality,33,6000.0,6.606060606060606,55.93939393939394,23.2,High
Front Office Supervisor,Customer Service,21,3000.0,0.9523809523809523,17.428571428571427,22.8,Low
"Front-End - Dotnet, Mvc (Support)",Information Technology,21,4500.0,0.09523809523809523,2.5238095238095237,26.3,Low
Frontend Developer,Information Technology,88,6500.0,9.840909090909092,109.86363636363636,29.1,High
Frontend Engineer,Engineering,20,8500.0,0.7,8.9,32.1,Low
Full Stack Developer,Information Technology,375,7000.0,2.448,32.74133333333333,46.2,Medium
"Full Stack Developer (Agile/Scrum, Up To $4,500)",Information Technology,22,4000.0,0.0,0.8181818181818182,26.2,Low
Full Stack Developer (Javascript),Information Technology,88,6750.0,0.07954545454545454,1.5340909090909092,40.1,Low
Full Stack Developer (Web Application),Information Technology,54,6750.0,0.5555555555555556,20.37037037037037,34.9,Low
Full Stack Developer/ Web Developer (Healthcare Sgx),Healthcare / Pharmaceutical,62,3150.0,1.096774193548387,15.064516129032258,27.5,Medium
Full Stack Engineer,Information Technology,26,7500.0,2.4615384615384617,32.34615384615385,29.1,Medium
Full Time Clinic Assistant,Healthcare / Pharmaceutical,27,2400.0,1.2222222222222223,15.074074074074074,21.0,Medium
Full Time Service Crew,F&B,36,2400.0,0.1111111111111111,10.972222222222221,29.9,Low
Full Time Service Staff,Customer Service,20,2825.0,0.0,1.05,27.9,Low
Full Time Teacher,Education and Training,31,5200.0,1.0,19.0,28.8,Low
Full-Time Tuition Coordinator & Admin (Fun Environment),Admin / Secretarial,606,3100.0,0.26567656765676567,3.5214521452145213,48.2,Low
Fullstack Developer,Information Technology,48,7000.0,3.4166666666666665,39.9375,30.9,Medium
Fund Accountant,Accounting / Auditing / Taxation,57,4000.0,2.491228070175439,48.63157894736842,26.4,Medium
Fund Management Associate,Banking and Finance,24,5500.0,1.6666666666666667,18.541666666666668,27.5,Medium
Genaral Manager,F&B,25,8250.0,0.56,4.12,33.9,Low
General Cleaner,General Work,37,1800.0,0.40540540540540543,32.351351351351354,27.0,Low
General Manager,Accounting / Auditing / Taxation,31,9000.0,11.870967741935484,63.645161290322584,24.5,High
General Manager,Admin / Secretarial,40,8250.0,2.8,26.525,31.6,Medium
General Manager,Advertising / Media,27,10000.0,4.814814814814815,40.333333333333336,29.8,Medium
General Manager,Building and Construction,63,8000.0,5.190476190476191,38.42857142857143,31.4,High
General Manager,Consulting,30,10000.0,18.966666666666665,77.23333333333333,23.9,High
General Manager,Customer Service,76,7500.0,10.552631578947368,59.35526315789474,29.2,High
General Manager,Engineering,25,11000.0,14.2,104.72,25.8,High
General Manager,F&B,150,8250.0,12.92,70.08,34.1,High
General Manager,General Management,289,10400.0,14.557093425605537,84.02768166089966,41.1,High
General Manager,Information Technology,35,10500.0,31.34285714285714,149.22857142857143,23.6,High
General Manager,Others,22,9450.0,12.227272727272727,57.04545454545455,23.7,High
General Manager (Business Management),Admin / Secretarial,31,8000.0,0.967741935483871,10.451612903225806,33.6,Low
General Manager(Business Management),Admin / Secretarial,34,8000.0,1.2352941176470589,13.5,33.5,Medium
General Practitioner,Healthcare / Pharmaceutical,20,12500.0,0.8,34.35,40.2,Low
General Worker,Engineering,30,1600.0,0.9,86.76666666666667,21.7,Low
General Worker,General Work,61,1750.0,0.2786885245901639,57.81967213114754,29.4,Low
Geologist,Building and Construction,45,3500.0,0.26666666666666666,62.577777777777776,30.9,Low
Geotechnical Engineer,Building and Construction,116,4475.0,0.45689655172413796,24.43103448275862,37.5,Low
Geotechnical Engineer,Engineering,41,4250.0,0.5121951219512195,24.975609756097562,30.0,Low
Geotechnical Engineer (Lta),Architecture / Interior Design,49,5500.0,0.16326530612244897,16.387755102040817,33.4,Low
Gl Accountant,Accounting / Auditing / Taxation,25,5000.0,4.04,51.08,20.4,Medium
"Good Pay, Great Opportunities! Hr Recruitment Executive ( Entry Level ) #Hdt",Healthcare / Pharmaceutical,21,2850.0,0.7142857142857143,10.80952380952381,24.0,Low
Google Ads (Ppc) Account Manager,Advertising / Media,53,2900.0,0.05660377358490566,1.3396226415094339,31.0,Low
Gourmet Consultant,F&B,28,11750.0,0.17857142857142858,0.6071428571428571,45.8,Low
Grab Operator,Building and Construction,21,6500.0,0.0,14.19047619047619,33.5,Low
Graphic Designer,Advertising / Media,221,3000.0,9.366515837104073,97.64253393665159,27.8,High
Graphic Designer,Architecture / Interior Design,26,3250.0,2.6538461538461537,42.96153846153846,20.2,Medium
Graphic Designer,Design,369,3000.0,7.3441734417344176,76.11382113821138,32.7,High
Graphic Designer,Marketing / Public Relations,24,3150.0,11.25,83.5,12.2,High
Graphic Designer (Fmcg Industry),Design,21,4000.0,0.14285714285714285,2.9047619047619047,25.2,Low
Graphics Designer,Advertising / Media,29,2850.0,15.96551724137931,175.06896551724137,11.5,High
Graphics Designer,Design,36,2675.0,11.86111111111111,140.11111111111111,14.1,High
Grinding Technician #64856,Manufacturing,45,3000.0,0.15555555555555556,6.466666666666667,30.4,Low
Group Accountant,Accounting / Auditing / Taxation,86,5250.0,4.744186046511628,63.01162790697674,28.3,Medium
Group Finance Manager,Accounting / Auditing / Taxation,33,7500.0,6.818181818181818,49.303030303030305,24.5,High
Guest Relations Executive,Customer Service,64,3150.0,1.421875,25.90625,30.0,Medium
Guest Relations Executive,F&B,30,3000.0,0.5,10.966666666666667,26.9,Low
Guest Relations Officer,Customer Service,53,2700.0,1.169811320754717,20.50943396226415,27.2,Medium
Guest Relations Officer,Hospitality,30,2100.0,1.1666666666666667,28.8,21.9,Medium
Guest Relations Specialist (F&B Industry),Customer Service,22,3400.0,0.045454545454545456,3.090909090909091,24.8,Low
Guest Service Executive,Customer Service,22,2500.0,1.0,16.5,21.2,Low
Guest Service Executive,Hospitality,29,2700.0,0.4482758620689655,9.413793103448276,24.8,Low
Guest Service Officer,Hospitality,20,2062.5,1.0,31.55,20.0,Low
Guest Services Executive,Customer Service,38,2500.0,1.5263157894736843,29.0,23.4,Medium
Guest Services Executive,Hospitality,23,2450.0,1.3043478260869565,22.91304347826087,21.0,Medium
Guest Services Executive #66083,Hospitality,20,2100.0,0.0,4.4,24.2,Low
Guest Services Officer,Customer Service,21,2200.0,1.5238095238095237,25.904761904761905,19.2,Medium
Guest Services Officer,Hospitality,21,2150.0,1.619047619047619,39.714285714285715,19.4,Medium
Hair Assistant,Personal Care / Beauty,55,3400.0,0.4,16.29090909090909,33.4,Low
Hair Assistants / Color Technicians,Consulting,21,3500.0,0.09523809523809523,5.0476190476190474,24.9,Low
Hair Care Consultant,Customer Service,28,2150.0,0.03571428571428571,1.25,24.2,Low
Hair Consultant,Consulting,31,3300.0,0.0967741935483871,7.032258064516129,29.0,Low
Hair Consultant,Personal Care / Beauty,21,4050.0,0.0,3.1904761904761907,28.5,Low
Hair Illusionz Private Limted,Professional Services,29,3800.0,0.0,1.5172413793103448,29.0,Low
Hair Salon Manager,Consulting,29,6900.0,0.10344827586206896,7.551724137931035,33.2,Low
Hair Salon Manager,Customer Service,23,4500.0,0.13043478260869565,5.0,27.6,Low
Hair Salon Manager,Personal Care / Beauty,40,6575.0,0.05,2.475,36.2,Low
Hair Stylist,Customer Service,54,3950.0,0.2222222222222222,11.574074074074074,32.7,Low
Hair Stylist,Others,38,4000.0,0.0,5.184210526315789,30.4,Low
Hair Stylist,Personal Care / Beauty,155,4000.0,0.10967741935483871,10.167741935483871,40.9,Low
Hair Stylist,Professional Services,82,4250.0,0.012195121951219513,4.536585365853658,35.8,Low
Hair Stylist / Hairdresser,Customer Service,27,4000.0,0.14814814814814814,12.74074074074074,29.1,Low
Hair Stylist / Hairdresser,Personal Care / Beauty,22,4000.0,0.22727272727272727,21.227272727272727,27.3,Low
Hair Stylist/ Hairdresser,Personal Care / Beauty,147,4000.0,0.006802721088435374,4.45578231292517,40.9,Low
Hairdresser,Personal Care / Beauty,24,4050.0,0.041666666666666664,6.166666666666667,29.0,Low
Hairstylist,Consulting,64,3000.0,0.03125,9.828125,34.2,Low
Hairstylist,Customer Service,103,4000.0,0.0,6.077669902912621,38.3,Low
Hairstylist,General Work,55,4000.0,0.01818181818181818,3.090909090909091,35.1,Low
Hairstylist,Others,27,3700.0,0.07407407407407407,4.185185185185185,28.1,Low
Hairstylist,Personal Care / Beauty,233,4000.0,0.030042918454935622,6.28755364806867,44.7,Low
Hardware Engineer,Engineering,40,4775.0,0.55,16.725,30.6,Low
Hardware Engineer (Electronic Circuit/Pcb),Engineering,74,5500.0,0.13513513513513514,10.68918918918919,36.3,Low
"Hardware Engineer (R&D, Gas Meters)",Engineering,30,4500.0,0.2,4.433333333333334,28.2,Low
Harnessing Operator,Engineering,29,1550.0,0.034482758620689655,3.1379310344827585,23.3,Low
Head Baker,F&B,42,3750.0,0.9047619047619048,29.261904761904763,28.1,Low
Head Baker,Manufacturing,45,4150.0,0.08888888888888889,6.777777777777778,32.8,Low
Head Barista,Customer Service,27,2650.0,0.14814814814814814,13.148148148148149,28.6,Low
Head Barista,F&B,51,2800.0,0.2549019607843137,12.156862745098039,31.7,Low
Head Bartender,F&B,75,3750.0,0.7066666666666667,12.613333333333333,32.2,Low
Head Chef,Customer Service,31,5250.0,1.7741935483870968,19.419354838709676,26.8,Medium
Head Chef,F&B,883,5250.0,1.7927519818799547,16.210645526613817,50.0,Medium
Head Chef,Others,25,4500.0,0.4,5.64,27.8,Low
Head Chef ($7800-$9800),F&B,123,8800.0,1.146341463414634,11.8130081300813,42.5,Medium
Head Cook,F&B,36,5500.0,0.0,20.63888888888889,32.8,Low
Head Of Finance,Accounting / Auditing / Taxation,24,12500.0,20.958333333333332,114.79166666666667,26.3,High
Head Of Marketing,Marketing / Public Relations,55,9750.0,23.654545454545456,131.5818181818182,26.1,High
Head Of Operations (F&B),F&B,46,4750.0,0.5434782608695652,6.673913043478261,30.1,Low
Head Sommelier,F&B,24,6250.0,0.4583333333333333,21.666666666666668,30.4,Low
Health Care Assistant,Healthcare / Pharmaceutical,27,2340.0,1.5555555555555556,58.81481481481482,22.4,Medium
Healthcare Assistant,Customer Service,74,2300.0,0.40540540540540543,17.22972972972973,31.5,Low
Healthcare Assistant,Healthcare / Pharmaceutical,82,2200.0,4.134146341463414,94.92682926829268,26.6,Medium
Healthcare Assistant ( Home Care ),Environment / Health,24,2000.0,0.5,21.666666666666668,20.9,Low
Healthcare Assistant | Senior Care Centre,Environment / Health,23,1750.0,0.21739130434782608,11.08695652173913,21.3,Low
Healthcare Quality & Regulatory Compliance Specialist Amea,Healthcare / Pharmaceutical,23,6750.0,0.2608695652173913,7.434782608695652,30.4,Low
Hiring Hair Stylist,Others,22,3750.0,0.09090909090909091,2.3636363636363638,26.4,Low
Horticulturist,Building and Construction,24,3600.0,0.875,28.083333333333332,23.5,Low
Horticulturist / Arborist,Environment / Health,22,3450.0,0.2727272727272727,14.454545454545455,24.4,Low
Hospital Pharmacy Technician/ Pharmacist - Up $2500 - Aws + Vb + Bonuses - C.L,Healthcare / Pharmaceutical,21,2350.0,0.0,5.190476190476191,24.4,Low
Hostess,F&B,31,2650.0,0.5161290322580645,18.451612903225808,25.8,Low
Hotel Guest Service Agent,Admin / Secretarial,53,2100.0,0.2641509433962264,8.60377358490566,29.3,Low
Hotel Receptionist,Customer Service,20,2025.0,0.45,18.85,20.7,Low
Hotel Technical Manager (Mep) Mnc,Accounting / Auditing / Taxation,26,8500.0,0.11538461538461539,0.8846153846153846,35.1,Low
Housekeeper,General Work,46,2050.0,0.17391304347826086,25.02173913043478,29.0,Low
Housekeeper,Hospitality,82,2050.0,0.5,23.695121951219512,31.3,Low
Housekeeping Attendant,Hospitality,25,1847.5,0.16,41.0,23.9,Low
Housekeeping Coordinator,Admin / Secretarial,74,2100.0,0.1891891891891892,8.905405405405405,30.0,Low
Housekeeping Manager,Hospitality,23,4300.0,3.652173913043478,40.30434782608695,19.2,Medium
Housekeeping Supervisor,Customer Service,50,2600.0,0.7,18.2,28.0,Low
Housekeeping Supervisor,Hospitality,134,2550.0,0.48507462686567165,28.753731343283583,34.6,Low
Houseman #66082,General Work,27,2100.0,0.0,4.0,26.1,Low
Hr & Accounts Executive,Accounting / Auditing / Taxation,119,3000.0,0.6050420168067226,17.974789915966387,34.3,Low
Hr & Admin Assistant,Admin / Secretarial,118,2500.0,4.864406779661017,68.76271186440678,25.5,Medium
Hr & Admin Assistant,Human Resources,26,2700.0,2.230769230769231,33.07692307692308,18.7,Medium
Hr & Admin Executive,Admin / Secretarial,229,3000.0,4.707423580786026,55.56768558951965,31.0,Medium
Hr & Admin Executive,Human Resources,161,3150.0,4.204968944099379,49.50310559006211,31.3,Medium
Hr & Admin Executive #65228,Human Resources,46,2350.0,0.21739130434782608,4.717391304347826,29.1,Low
"Hr & Admin Executive (East, Logistics/Freight Forwarding)",Admin / Secretarial,77,3400.0,0.2597402597402597,4.974025974025974,32.1,Low
Hr & Admin Executive (Full Spectrum Hr),Admin / Secretarial,20,4000.0,2.2,34.3,19.4,Medium
Hr & Admin Executive (No Experience Needed) Nutrition Mnc,Admin / Secretarial,61,2500.0,0.36065573770491804,4.245901639344262,28.5,Low
Hr & Admin Manager,Admin / Secretarial,20,5500.0,12.3,106.2,14.9,High
Hr & Admin Manager,Human Resources,24,5250.0,23.583333333333332,145.20833333333334,12.0,High
Hr & Admin Officer,Admin / Secretarial,31,3000.0,2.838709677419355,45.45161290322581,20.1,Medium
Hr & Admin Officer (No Experience Needed) West,Admin / Secretarial,37,2250.0,0.24324324324324326,2.5675675675675675,25.2,Low
Hr Admin,Admin / Secretarial,44,2700.0,5.136363636363637,51.75,19.1,High
Hr Admin,Human Resources,26,2875.0,4.769230769230769,50.19230769230769,16.8,Medium
Hr Admin Assistant,Admin / Secretarial,39,2500.0,8.974358974358974,94.12820512820512,15.1,High
Hr Admin Assistant,Human Resources,28,2525.0,4.928571428571429,59.82142857142857,15.9,Medium
Hr Admin Assistant #66057,Human Resources,30,2750.0,0.5,11.466666666666667,25.9,Low
Hr Admin Executive,Admin / Secretarial,36,3000.0,5.555555555555555,52.111111111111114,18.0,High
Hr Admin Executive,Human Resources,32,3025.0,5.65625,60.0,17.8,High
Hr Administrator,Admin / Secretarial,47,2700.0,3.8085106382978724,36.851063829787236,20.4,Medium
Hr Administrator,Human Resources,44,3000.0,2.5454545454545454,33.77272727272727,22.7,Medium
Hr And Admin Assistant,Admin / Secretarial,134,2750.0,3.283582089552239,36.04477611940298,28.2,Medium
Hr And Admin Executive,Admin / Secretarial,53,3000.0,7.679245283018868,67.86792452830188,18.6,High
Hr And Admin Executive,Human Resources,33,3200.0,4.909090909090909,49.45454545454545,18.2,Medium
Hr And Admin Executive (Office/Travel Management),Admin / Secretarial,27,3500.0,5.777777777777778,40.18518518518518,16.4,High
"Hr And Admin Executives(3K To 3.9K, Paya Lebar)",Admin / Secretarial,22,3550.0,1.0454545454545454,12.272727272727273,21.5,Medium
Hr And Admin Manager,Admin / Secretarial,20,4575.0,25.6,138.45,9.3,High
Hr Assistant,Admin / Secretarial,157,2750.0,4.305732484076433,47.80891719745223,28.8,Medium
Hr Assistant,Building and Construction,28,2600.0,1.6428571428571428,27.321428571428573,21.1,Medium
Hr Assistant,Human Resources,210,2650.0,3.7476190476190476,44.023809523809526,31.0,Medium
Hr Assistant #66172,Human Resources,21,2650.0,0.2857142857142857,8.333333333333334,24.2,Low
Hr Assistant Cum Admin (No Experience Needed) Manufacturing Mnc,Admin / Secretarial,61,2250.0,0.03278688524590164,1.6721311475409837,29.5,Low
Hr Assistant Manager,Human Resources,73,3850.0,2.8219178082191783,23.19178082191781,27.1,Medium
Hr Assistant Manager (F&B Industry),Human Resources,45,5000.0,0.3333333333333333,3.2888888888888888,31.2,Low
Hr Associate,Human Resources,27,3000.0,3.037037037037037,30.333333333333332,21.5,Medium
Hr Business Partner,Human Resources,96,5875.0,5.291666666666667,39.895833333333336,30.0,High
Hr Business Partner / West / Fmcg / 2 Months Contract,Human Resources,32,3750.0,0.03125,0.5,28.0,Low
Hr Consultant (Entry Level) #Trainingprovided #Highincentives,Consulting,27,3150.0,0.2962962962962963,2.7777777777777777,26.7,Low
Hr Crewing Executive (Ship Agency) Maritime Industry,Admin / Secretarial,30,3500.0,0.1,1.4,26.8,Low
Hr Cum Account Assistant,Accounting / Auditing / Taxation,37,2950.0,0.5675675675675675,21.08108108108108,25.2,Low
Hr Cum Admin,Admin / Secretarial,28,2850.0,4.892857142857143,62.42857142857143,17.0,Medium
Hr Cum Admin Assistant,Admin / Secretarial,41,2600.0,4.073170731707317,47.90243902439025,19.3,Medium
Hr Cum Admin Executive,Admin / Secretarial,61,2900.0,3.081967213114754,46.26229508196721,23.6,Medium
Hr Cum Admin Officer #65707,Admin / Secretarial,21,2650.0,0.19047619047619047,5.714285714285714,24.6,Low
Hr Director,Human Resources,28,12500.0,9.035714285714286,61.357142857142854,31.5,High
Hr Executive,Accounting / Auditing / Taxation,66,2750.0,3.4545454545454546,22.62121212121212,23.3,Medium
Hr Executive,Admin / Secretarial,266,3150.0,4.18796992481203,39.21804511278196,33.1,Medium
Hr Executive,Building and Construction,77,3350.0,3.1298701298701297,30.0,29.1,Medium
Hr Executive,General Management,20,3250.0,4.5,36.4,15.7,Medium
Hr Executive,Human Resources,1102,3200.0,5.111615245009075,45.2513611615245,41.8,High
Hr Executive #65227,Human Resources,27,3050.0,0.25925925925925924,4.925925925925926,26.7,Low
Hr Executive #65640,Human Resources,36,4500.0,0.5833333333333334,10.333333333333334,30.0,Low
Hr Executive #65738,Human Resources,33,3300.0,0.3333333333333333,6.454545454545454,28.1,Low
Hr Executive #65743,Human Resources,35,3400.0,0.37142857142857144,5.542857142857143,28.6,Low
Hr Executive #65934,Human Resources,20,3650.0,0.4,8.65,25.2,Low
Hr Executive #66132,Human Resources,20,4100.0,0.85,12.05,24.6,Low
"Hr Executive (5.5 Days Work/Up To $4,000/Tuas/West) - Wl",Sales / Retail,20,3750.0,0.0,0.65,27.2,Low
Hr Executive (Education),Education and Training,41,3500.0,0.34146341463414637,2.097560975609756,27.8,Low
Hr Executive (Generalist),Human Resources,23,3450.0,0.782608695652174,11.695652173913043,22.5,Low
Hr Executive (Healthcare),Healthcare / Pharmaceutical,21,3400.0,0.3333333333333333,3.5714285714285716,23.2,Low
Hr Executive (Learning & Development) / No Experience Required / 3 Months Contract / South,Education and Training,141,3500.0,0.7304964539007093,11.460992907801419,34.7,Low
Hr Executive (No Experience Needed) Manufacturing Mnc,Admin / Secretarial,68,2250.0,0.9411764705882353,10.352941176470589,26.8,Low
Hr Executive (Payroll),Human Resources,56,2950.0,4.125,38.482142857142854,22.0,Medium
Hr Executive (Recruitment),Human Resources,23,3200.0,1.391304347826087,15.695652173913043,20.7,Medium
Hr Executive (Recruitment) Manufacturing Mnc,Human Resources,40,4200.0,0.1,0.725,30.0,Low
Hr Executive (Talent Acquisition & Training),Accounting / Auditing / Taxation,410,3400.0,0.375609756097561,5.290243902439024,52.0,Low
Hr Executive / Bedok / Mnc / Junior / Entry Level (Must Have Class 3 Driving License),Accounting / Auditing / Taxation,23,4000.0,0.782608695652174,14.217391304347826,24.7,Low
Hr Executive | Senior Care Centre,Admin / Secretarial,24,3000.0,3.0,23.625,17.5,Medium
Hr Generalist,Admin / Secretarial,21,3500.0,9.666666666666666,47.80952380952381,12.5,High
Hr Generalist,Human Resources,64,3800.0,8.34375,56.15625,21.2,High
Hr Generalist (Engineering Mnc),Human Resources,28,4250.0,0.21428571428571427,2.5714285714285716,27.2,Low
"Hr Generalist (L&D, Recruitment) Maritime Mnc",Human Resources,51,4500.0,0.0,0.7450980392156863,32.6,Low
Hr Graduate Program (Consultancy - Business Development) #Hdt,Human Resources,23,3000.0,0.08695652173913043,1.7826086956521738,26.3,Low
Hr Intern,Human Resources,30,1100.0,0.4666666666666667,9.9,21.6,Low
Hr Manager,Admin / Secretarial,60,5500.0,9.283333333333333,64.53333333333333,23.4,High
Hr Manager,Building and Construction,24,5875.0,5.25,37.5,21.3,High
Hr Manager,General Management,25,6500.0,9.68,52.0,21.4,High
Hr Manager,Human Resources,349,6000.0,12.759312320916905,77.19484240687679,34.7,High
Hr Manager #65888,Human Resources,24,6500.0,0.7083333333333334,10.791666666666666,30.7,Low
Hr Manager (Beauty/Wellness),Human Resources,32,5500.0,0.1875,2.03125,30.5,Low
Hr Manager / Environmental Service / West,Human Resources,20,6250.0,0.8,3.6,26.6,Low
Hr Officer,Admin / Secretarial,39,3400.0,1.5384615384615385,19.256410256410255,24.4,Medium
Hr Officer,Human Resources,83,3100.0,4.397590361445783,38.433734939759034,25.3,Medium
Hr Officer ( 5 Day Week – Jurong East ) - Singaporeans Only,Human Resources,45,2800.0,0.6888888888888889,11.622222222222222,25.9,Low
Hr Operations Executive (No Experience Needed) Manufacturing Mnc,Admin / Secretarial,47,2250.0,0.0425531914893617,0.9574468085106383,27.7,Low
"Hr Recruitment Consultant (Entry Level, Training Provided)",Admin / Secretarial,482,3750.0,0.8526970954356846,8.396265560165975,43.0,Low
Hr Recruitment Executive #Trainingprovided #Highincentives,Consulting,24,3150.0,0.9583333333333334,12.291666666666666,23.7,Low
Hr Recruitment Trainee,Admin / Secretarial,469,3000.0,0.302771855010661,5.4200426439232405,46.5,Low
Hr Senior Executive/ Manager,General Management,28,3250.0,1.25,16.821428571428573,22.1,Medium
Hr Specialist,Human Resources,20,3500.0,3.15,23.9,17.3,Medium
Hr Specialist #65776,Human Resources,31,3500.0,0.3225806451612903,5.67741935483871,28.1,Low
Hr Specialist (Training) Maritime Mnc,Human Resources,81,3750.0,0.037037037037037035,1.691358024691358,34.1,Low
Hr Specialist - Talent Acquisition And Training,Accounting / Auditing / Taxation,414,3900.0,0.3671497584541063,5.304347826086956,43.9,Low
Hr/Talent Acquisition #Ijw,Human Resources,23,3750.0,0.43478260869565216,5.086956521739131,27.9,Low
Hris Specialist,Human Resources,31,3500.0,0.25806451612903225,6.225806451612903,26.4,Low
Hse Coordinator,Building and Construction,23,3650.0,16.695652173913043,88.65217391304348,11.9,High
Hse Engineer (Manufacturing Mnc),Environment / Health,78,6000.0,1.9102564102564104,11.346153846153847,32.6,Medium
Hse Engineer / Energy Mnc / West,Engineering,34,4500.0,0.14705882352941177,2.6176470588235294,29.2,Low
Hse Manager (Risk & Compliance) Hospitality Mnc,General Management,28,7850.0,0.03571428571428571,0.25,34.7,Low
Human Resource,Human Resources,32,3450.0,2.5625,26.5625,21.8,Medium
Human Resource & Administrative Officer (Hr & Admin),Human Resources,101,4250.0,3.594059405940594,48.67326732673267,31.8,Medium
Human Resource (Hr) Manager,Human Resources,28,5050.0,4.928571428571429,41.67857142857143,21.2,Medium
Human Resource And Administrative Executive (No Need Experience),Admin / Secretarial,369,3100.0,1.8238482384823849,14.124661246612465,37.8,Medium
Human Resource Assistant,Admin / Secretarial,189,3500.0,2.2698412698412698,23.32804232804233,33.6,Medium
Human Resource Assistant,Human Resources,95,2750.0,2.5052631578947366,27.189473684210526,27.4,Medium
Human Resource Business Partner,Human Resources,46,6250.0,13.869565217391305,78.6304347826087,21.5,High
Human Resource Business Partner (Retail Business) / 6 Months Contract / West,Human Resources,92,6000.0,0.17391304347826086,1.1195652173913044,38.5,Low
"Human Resource Coordinator, Office Support",Admin / Secretarial,417,3000.0,0.60431654676259,6.630695443645084,41.4,Low
Human Resource Executive,Accounting / Auditing / Taxation,26,2750.0,0.9615384615384616,16.807692307692307,21.7,Low
Human Resource Executive,Admin / Secretarial,126,3125.0,4.555555555555555,42.08730158730159,27.4,Medium
Human Resource Executive,Building and Construction,30,2950.0,2.2666666666666666,25.7,21.4,Medium
Human Resource Executive,Human Resources,463,3150.0,7.2894168466522675,65.31533477321814,34.2,High
Human Resource Generalist,Human Resources,30,3675.0,0.6,12.966666666666667,25.8,Low
Human Resource Intern,Human Resources,20,1100.0,0.85,13.55,17.6,Low
"Human Resource Intern, No Experience Needed, 3 Months #Hvw",Human Resources,26,2750.0,0.23076923076923078,2.9615384615384617,26.0,Low
Human Resource Manager,Admin / Secretarial,37,5300.0,9.108108108108109,54.08108108108108,19.9,High
Human Resource Manager,Human Resources,172,5250.0,10.587209302325581,71.93604651162791,29.3,High
Human Resource Manager (Full Spectrum / Automotive),Human Resources,24,5000.0,0.5416666666666666,4.375,26.3,Low
Human Resource Manager (Manufacturing Mnc),Human Resources,43,4750.0,0.046511627906976744,0.6511627906976745,31.7,Low
Human Resource Manager (Policy Implementation)/ Manufacturing Mnc,Human Resources,23,4750.0,0.043478260869565216,0.8695652173913043,27.7,Low
Human Resource Officer,Admin / Secretarial,43,2850.0,2.0,24.767441860465116,23.3,Medium
Human Resource Officer,Customer Service,21,3750.0,13.952380952380953,88.9047619047619,12.4,High
Human Resource Officer,Human Resources,87,3000.0,3.045977011494253,28.597701149425287,27.1,Medium
Human Resources Assistant,Admin / Secretarial,24,2750.0,0.3333333333333333,8.291666666666666,23.2,Low
Human Resources Assistant,Human Resources,27,2750.0,5.777777777777778,77.4074074074074,15.2,High
Human Resources Executive,Admin / Secretarial,20,3150.0,2.8,24.15,17.2,Medium
Human Resources Executive,Human Resources,74,3150.0,4.391891891891892,43.86486486486486,24.2,Medium
Human Resources Manager,Human Resources,69,6250.0,7.492753623188406,56.231884057971016,27.0,High
Hydraulics Technician #65250,Repair and Maintenance,38,2250.0,0.05263157894736842,2.8157894736842106,28.4,Low
Iam Engineer (Brainwave/Sailpoint),Information Technology,21,6000.0,0.047619047619047616,5.285714285714286,29.4,Low
"Ic Design Engineer (Verilog, Eda, Up To $7,000)",Information Technology,73,6500.0,0.1095890410958904,8.191780821917808,38.2,Low
Ic Verification Engineer (Analog/Mixed-Signal),Engineering,48,9000.0,0.0625,4.916666666666667,40.3,Low
Ic Verification Engineer (System Verilog/Uvm),Engineering,93,7750.0,0.06451612903225806,6.774193548387097,42.4,Low
"Ict Executive (Operations, Administration, Data Management & Protection)",Information Technology,22,3500.0,1.0909090909090908,21.318181818181817,21.3,Medium
Ict Security Operations Analyst,Information Technology,21,9000.0,0.5714285714285714,3.9047619047619047,35.4,Low
Ict Trainer,Education and Training,55,2650.0,0.4909090909090909,8.818181818181818,28.7,Low
Immediate Hiring Full-Time Tuition Coordinator (Fun Environment) #Sgunitedjobs,Admin / Secretarial,56,3000.0,1.7321428571428572,23.071428571428573,27.8,Medium
Immediate Hiring Operations & Admin Executive (Education Business),Admin / Secretarial,37,3000.0,0.43243243243243246,5.297297297297297,28.5,Low
Immediate Hiring Operations & Admin Executive (Education Business) #Sgunitedjobs,Admin / Secretarial,27,3000.0,2.7037037037037037,44.18518518518518,21.4,Medium
Immigration Financial Advisor (Fresh Grads Are Welcome!),Banking and Finance,30,5000.0,0.9333333333333333,21.133333333333333,27.9,Low
Immigration Financial Advisor (No Experience Are Welcome),Banking and Finance,35,5000.0,0.42857142857142855,11.571428571428571,30.8,Low
Improvement Project Manager (Logistics Mnc - Six Sigma),Logistics / Supply Chain,43,8000.0,0.20930232558139536,3.5348837209302326,37.0,Low
Indian Chef,F&B,22,3850.0,0.09090909090909091,2.8181818181818183,26.6,Low
Indian Cuisine Chef,F&B,79,4500.0,0.24050632911392406,11.417721518987342,35.4,Low
Individual Support Specialist (Special Needs) #66036,Education and Training,23,3100.0,0.17391304347826086,4.739130434782608,26.1,Low
Indoor Sales Engineer (5 Day/West/Technical/$3200),Building and Construction,23,3100.0,0.391304347826087,4.173913043478261,23.1,Low
Indoor Sales Executive,Customer Service,42,3000.0,0.6428571428571429,27.928571428571427,26.7,Low
Indoor Sales Executive,Sales / Retail,54,2275.0,0.6666666666666666,16.48148148148148,28.1,Low
Indoor Sales Executive #66064,Sales / Retail,30,2650.0,0.03333333333333333,5.066666666666666,27.7,Low
Indoor Sales Executive / Global Mnc / East,Information Technology,20,3500.0,0.1,2.15,24.1,Low
Indoor Sales Executive / Islandwide / Logistics Industry #Urgent,Logistics / Supply Chain,22,3400.0,0.22727272727272727,9.363636363636363,24.0,Low
Industrial Engineer,Engineering,51,4400.0,3.7058823529411766,49.333333333333336,25.9,Medium
"Industrial Engineer (Manufacturing/Semiconductor, Sap)",Manufacturing,31,4250.0,0.3870967741935484,5.709677419354839,27.2,Low
Industrial Manufacturing Engineer (Mnc),Engineering,26,4250.0,0.11538461538461539,1.5769230769230769,27.2,Low
Infant Care Teacher,Education and Training,115,2500.0,0.591304347826087,12.68695652173913,34.2,Low
Infant Care Teacher #65067,Education and Training,52,2300.0,0.038461538461538464,4.384615384615385,30.6,Low
Infant Care Teacher (Cit/Eydf),Education and Training,34,3050.0,0.058823529411764705,8.852941176470589,27.0,Low
Infant Care Teacher (No Weekends) #Co,Education and Training,25,2900.0,0.04,3.12,27.9,Low
Infant Care Teacher @ Tampines - Junction,Education and Training,20,2750.0,0.05,0.45,24.3,Low
Infant Educarer,Education and Training,407,2600.0,0.3022113022113022,9.366093366093367,47.1,Low
Infant Educator,Education and Training,162,2800.0,0.345679012345679,9.246913580246913,39.6,Low
Infant Educator (Hcic/Acey),Education and Training,66,2600.0,0.36363636363636365,8.575757575757576,30.0,Low
Information Security Manager,Information Technology,32,10500.0,0.84375,14.59375,38.0,Low
Information Technology Executive,Information Technology,20,3250.0,0.5,12.0,23.7,Low
Infra Tech Support Practitioner,Information Technology,20,6750.0,0.1,1.55,31.8,Low
"Infrastructure Analyst (Pabx / Voip Systems, Up To $5,000)",Information Technology,20,4500.0,0.45,17.0,24.5,Low
Infrastructure Engineer,Information Technology,187,5000.0,0.7754010695187166,15.064171122994653,40.8,Low
Infrastructure Engineer (Cloud & Onperm),Information Technology,33,6000.0,0.9090909090909091,15.606060606060606,31.7,Low
"Infrastructure Engineer (It Solutions, Ms Exchange)",Information Technology,40,4750.0,0.125,1.8,30.9,Low
Infrastructure Project Manager,Information Technology,23,8500.0,3.5217391304347827,29.47826086956522,27.6,Medium
Inhouse Operation Assistant #65240,Admin / Secretarial,31,2250.0,0.03225806451612903,3.967741935483871,27.1,Low
Inside Sales (Building Materials),Building and Construction,27,6000.0,0.1111111111111111,2.888888888888889,30.7,Low
Inside Sales Coordinator - East / Global Mnc,Customer Service,42,3050.0,0.11904761904761904,0.9761904761904762,28.1,Low
Inside Sales Coordinator / East / Global Mnc,Customer Service,32,3300.0,0.125,1.8125,26.7,Low
Inside Sales Executive,Information Technology,57,3250.0,0.7894736842105263,15.333333333333334,28.8,Low
Inside Sales Executive,Sales / Retail,26,3175.0,1.8846153846153846,30.346153846153847,20.6,Medium
Inside Sales Representative,Customer Service,21,3050.0,2.6666666666666665,33.523809523809526,18.2,Medium
Inside Sales Representative,Sales / Retail,22,2525.0,1.3181818181818181,22.09090909090909,19.9,Medium
"Inside Sales Representative (East, Industrial Equipment)",Customer Service,116,2500.0,0.08620689655172414,4.586206896551724,34.0,Low
"Inside Sales Representative (Industrial Equipment, 1 Year Contract)",Customer Service,42,2500.0,0.047619047619047616,9.452380952380953,27.4,Low
Inside Sales Representative (Metals/ Cnc/ Precision),Customer Service,35,3000.0,0.42857142857142855,13.028571428571428,26.8,Low
Inspector,Building and Construction,34,4650.0,0.14705882352941177,5.294117647058823,31.6,Low
Inspector / Qaqc / Entry Level,Medical / Therapy Services,29,1650.0,0.034482758620689655,2.2758620689655173,23.4,Low
Installer,Building and Construction,47,3600.0,0.19148936170212766,11.74468085106383,31.3,Low
Instrumentation Engineer,Building and Construction,39,3500.0,0.28205128205128205,17.153846153846153,28.5,Low
Instrumentation Engineer,Engineering,27,5000.0,0.1111111111111111,7.555555555555555,29.4,Low
Instrumentation Technician,Building and Construction,24,3500.0,0.041666666666666664,3.2916666666666665,25.6,Low
Insurance Advisor,Banking and Finance,28,7000.0,0.07142857142857142,6.0,34.8,Low
Insurance Specialist (Bank),Banking and Finance,38,4250.0,0.4473684210526316,11.736842105263158,30.0,Low
Insurance Specialist (Banking),Banking and Finance,28,3850.0,0.14285714285714285,5.0,28.8,Low
Insurance Specialist (Banking) | Code:Gl,Banking and Finance,65,4500.0,0.13846153846153847,2.8923076923076922,33.6,Low
Interface Manager,Building and Construction,23,6000.0,1.0,33.43478260869565,27.6,Low
Interior Design Consultant,Architecture / Interior Design,22,4000.0,2.1363636363636362,41.04545454545455,22.6,Medium
Interior Design Drafter,Architecture / Interior Design,34,3550.0,0.8235294117647058,33.588235294117645,26.1,Low
Interior Design Specialist (Healthcare Industry / Medical Device),Architecture / Interior Design,46,3500.0,0.0,0.5869565217391305,30.1,Low
Interior Designer,Architecture / Interior Design,834,3500.0,1.2422062350119905,34.15947242206235,47.2,Medium
Interior Designer,Building and Construction,48,3500.0,0.7708333333333334,28.458333333333332,28.0,Low
Interior Designer,Design,92,3650.0,1.576086956521739,36.42391304347826,31.3,Medium
Interior Designer #65251,Architecture / Interior Design,59,3350.0,0.06779661016949153,4.779661016949152,33.3,Low
"Interior Designer (3D Rendering, Commercial Office)",Architecture / Interior Design,48,3250.0,0.020833333333333332,1.125,29.8,Low
Interior Designer (Sales),Architecture / Interior Design,42,5000.0,1.119047619047619,22.571428571428573,31.0,Medium
Interior Sales Designer,Architecture / Interior Design,56,5000.0,1.4821428571428572,28.946428571428573,32.4,Medium
Interior Sales Designer (Junior/Senior Roles),Architecture / Interior Design,26,6000.0,0.6923076923076923,13.807692307692308,31.3,Low
Intern / Temp Hr Recruitment Associate - Start Your Career With Us Today! #Hdt,Human Resources,21,2400.0,0.09523809523809523,4.666666666666667,24.5,Low
Internal Audit Associate,Accounting / Auditing / Taxation,28,2600.0,0.6785714285714286,18.142857142857142,23.6,Low
Internal Audit Executive,Accounting / Auditing / Taxation,21,4000.0,0.47619047619047616,10.904761904761905,24.5,Low
Internal Audit Manager,Accounting / Auditing / Taxation,66,6875.0,2.3181818181818183,28.59090909090909,33.6,Medium
Internal Auditor,Accounting / Auditing / Taxation,87,5000.0,2.057471264367816,25.873563218390803,31.7,Medium
Investigation Officer,Customer Service,25,3500.0,7.08,76.2,17.7,High
Investment Advisor,Banking and Finance,46,7750.0,0.5217391304347826,10.782608695652174,39.5,Low
Investment Analyst,Banking and Finance,61,5500.0,22.37704918032787,218.80327868852459,19.1,High
Investment Associate,Banking and Finance,43,5500.0,5.976744186046512,73.0,26.3,High
Investment Banking Associate,Banking and Finance,25,5350.0,3.92,32.36,26.0,Medium
Investment Broker,Banking and Finance,28,4750.0,4.857142857142857,40.214285714285715,22.9,Medium
Investment Management Associate,Banking and Finance,48,4850.0,3.2083333333333335,26.125,28.7,Medium
Investment Manager,Banking and Finance,32,8500.0,5.78125,59.375,27.0,High
Investment Specialist,Banking and Finance,31,8250.0,0.7096774193548387,14.258064516129032,36.9,Low
Ios Developer,Information Technology,44,6825.0,0.9318181818181818,24.84090909090909,34.6,Low
It Admin,Information Technology,26,2500.0,3.5384615384615383,41.73076923076923,18.8,Medium
It Administrator,Information Technology,67,3250.0,3.0597014925373136,41.059701492537314,25.2,Medium
It Analyst,Information Technology,21,4750.0,4.809523809523809,53.285714285714285,19.5,Medium
It Assistant,Information Technology,28,2675.0,2.8214285714285716,61.607142857142854,18.3,Medium
It Assistant #65682,Information Technology,45,2750.0,0.24444444444444444,8.044444444444444,29.5,Low
It Audit Manager #64760,Accounting / Auditing / Taxation,20,8750.0,0.35,12.25,34.9,Low
It Audit Manager (5 Days/Good Benefits) #64788,Accounting / Auditing / Taxation,64,7500.0,0.34375,7.15625,40.3,Low
It Business Analyst,Information Technology,180,5700.0,4.372222222222222,33.95,35.6,Medium
It Business Analyst / Telco Industry,Information Technology,21,3500.0,0.47619047619047616,3.4761904761904763,22.9,Low
It Desktop Support Engineer #65860,Information Technology,26,3250.0,0.7692307692307693,12.615384615384615,25.0,Low
It Engineer,Engineering,39,3900.0,3.3076923076923075,39.35897435897436,23.9,Medium
It Engineer,Information Technology,147,4000.0,3.54421768707483,41.89795918367347,32.1,Medium
It Engineer (Dynamics Nav Manufacturing),Information Technology,29,4250.0,0.034482758620689655,7.517241379310345,28.3,Low
It Executive,Information Technology,339,3300.0,3.9026548672566372,47.05604719764012,35.2,Medium
"It Executive (East, Gaming, Mcse)",Information Technology,22,4500.0,0.6363636363636364,17.227272727272727,24.5,Low
It Helpdesk Agent,Customer Service,72,3100.0,0.6388888888888888,9.777777777777779,31.9,Low
It Helpdesk Agent,Engineering,72,3100.0,0.8611111111111112,10.694444444444445,31.2,Low
It Helpdesk Analyst (Tai Seng),Information Technology,305,3150.0,0.16721311475409836,2.980327868852459,41.3,Low
It Helpdesk Engineer,Information Technology,22,2875.0,8.727272727272727,72.68181818181819,13.5,High
It Infrastructure Engineer,Information Technology,62,5000.0,3.096774193548387,42.37096774193548,29.6,Medium
It Infrastructure Engineer (In-House) #65701,Information Technology,26,3750.0,0.3076923076923077,5.076923076923077,27.5,Low
It Infrastructure Manager,Information Technology,21,7000.0,7.809523809523809,85.23809523809524,20.2,High
"It Lead (Linux, Dell Poweredge)",Information Technology,24,4750.0,0.0,2.7916666666666665,28.2,Low
It Manager,Information Technology,127,6250.0,11.15748031496063,90.88188976377953,29.4,High
"It Manager (Enterprise System, Netsuite, Up To $7,000)",Information Technology,24,6000.0,0.2916666666666667,6.041666666666667,29.1,Low
It Manager (Service Delivery) / Energy Mnc (Oil & Gas) / West,Information Technology,26,8500.0,0.19230769230769232,1.9230769230769231,34.7,Low
It Officer,Information Technology,33,3250.0,5.454545454545454,66.33333333333333,17.7,High
It Operations Manager,Information Technology,25,7500.0,5.04,38.24,24.2,High
It Operations Manager (Mnc / High Bonuses),Consulting,24,8500.0,1.3333333333333333,7.0,30.8,Medium
It Programmers,Information Technology,86,6125.0,0.4069767441860465,19.709302325581394,41.9,Low
It Project Coordinator,Information Technology,29,3750.0,2.1724137931034484,22.79310344827586,22.2,Medium
"It Project Coordinator (Manufacturing, West)",Information Technology,35,2750.0,0.6857142857142857,17.542857142857144,25.5,Low
"It Project Engineer (Si, East)",Engineering,37,3000.0,0.35135135135135137,16.216216216216218,28.3,Low
It Project Executive,Information Technology,22,3750.0,0.6363636363636364,5.863636363636363,23.1,Low
It Project Manager,Engineering,20,7500.0,2.7,36.1,25.6,Medium
It Project Manager,Information Technology,171,8000.0,12.070175438596491,79.23391812865498,34.8,High
It Project Manager (Si Environment),Information Technology,25,6750.0,0.6,7.52,29.6,Low
It Sales Executive #65844,Sales / Retail,26,3500.0,0.38461538461538464,4.884615384615385,26.7,Low
"It Sales Manager (Si, Up To $4,500)",Information Technology,28,4000.0,0.0,1.75,27.8,Low
It Sales Manager / East / Global Mnc,Information Technology,69,5000.0,0.07246376811594203,1.0869565217391304,35.2,Low
It Sales Manager / Global Mnc / East,Information Technology,36,5000.0,0.9722222222222222,17.52777777777778,27.7,Low
It Security Analyst,Information Technology,20,5000.0,5.7,47.25,17.6,High
It Security Engineer,Information Technology,52,6750.0,4.134615384615385,39.48076923076923,29.1,Medium
It Software Manager (Mnc / High Bonuses),Consulting,20,8500.0,0.9,6.25,31.2,Low
It Specialist,Information Technology,54,3625.0,3.1481481481481484,37.388888888888886,24.3,Medium
It Specialist #66179,Information Technology,21,3500.0,0.6190476190476191,15.476190476190476,24.5,Low
It Support,Information Technology,73,2750.0,4.232876712328767,53.465753424657535,23.8,Medium
"It Support (Microsoft 365, Up To $3,700)",Information Technology,32,3350.0,0.75,12.8125,24.5,Low
It Support / Logistics Mnc / East / 3 Months Contract,Information Technology,70,3750.0,0.5857142857142857,10.4,30.9,Low
It Support Administrator #66174,Information Technology,21,2550.0,0.19047619047619047,8.619047619047619,24.4,Low
It Support Engineer,Engineering,31,3500.0,7.580645161290323,71.6774193548387,16.8,High
It Support Engineer,Information Technology,269,3150.0,11.717472118959108,92.43866171003718,28.9,High
"It Support Engineer (Up To $4,000)",Customer Service,34,3500.0,4.294117647058823,29.176470588235293,19.2,Medium
It Support Executive,Information Technology,67,3250.0,6.0,62.97014925373134,22.3,High
"It Support Executive (L1/L2, Up To $4,200)",Information Technology,28,3600.0,0.25,7.571428571428571,25.8,Low
It Support Officer,Information Technology,20,3125.0,24.9,165.75,7.3,High
"It Support Officer (Commonwealth, Up To $2,900)",Information Technology,28,2700.0,0.07142857142857142,2.0714285714285716,25.0,Low
It Support Officer (Offshore),Information Technology,22,3000.0,0.36363636363636365,12.636363636363637,22.7,Low
It Support Specialist,Information Technology,38,4000.0,10.710526315789474,93.86842105263158,17.1,High
It Support Technician,Information Technology,45,3000.0,2.2444444444444445,38.0,23.6,Medium
It System Engineer,Information Technology,33,4500.0,7.121212121212121,73.39393939393939,20.5,High
"It System Engineer (Server, Network)/ System Administrator",Information Technology,119,5000.0,2.546218487394958,18.781512605042018,32.5,Medium
It System Engineer / Executive / Specialist,Information Technology,27,4900.0,0.37037037037037035,4.2592592592592595,27.5,Low
It Systems Manager (Mnc / High Bonuses),Consulting,21,8500.0,0.47619047619047616,2.9523809523809526,32.4,Low
It Technical Support Analyst (Mnc / High Bonuses),Consulting,31,6000.0,0.5161290322580645,3.193548387096774,32.1,Low
It Technician,Information Technology,76,2900.0,2.460526315789474,41.921052631578945,26.3,Medium
Java Architect,Information Technology,28,10000.0,0.35714285714285715,7.821428571428571,38.9,Low
Java Backend Developer,Information Technology,31,7000.0,2.193548387096774,28.548387096774192,30.5,Medium
Java Developer,Information Technology,505,7000.0,1.0910891089108912,22.102970297029703,51.1,Medium
Java Full Stack Developer,Information Technology,69,7500.0,0.5072463768115942,10.521739130434783,39.8,Low
Java Microservices Developer,Information Technology,29,8000.0,0.5172413793103449,8.482758620689655,35.7,Low
Java Software Engineer,Information Technology,26,6250.0,1.2692307692307692,19.346153846153847,29.8,Medium
Java Technical Lead,Information Technology,58,8400.0,0.6551724137931034,17.03448275862069,40.0,Low
Junior / Senior Talent Acquisition (Training Provided) Basic + Commission,Consulting,114,3600.0,0.4298245614035088,12.43859649122807,34.4,Low
Junior / Senior Talent Acquisition (Training Provided) Basic + Sales Incentives,Consulting,310,3600.0,0.06451612903225806,0.864516129032258,42.7,Low
Junior Account Manager (It),Information Technology,26,3750.0,0.15384615384615385,9.346153846153847,26.1,Low
Junior Accountant,Accounting / Auditing / Taxation,81,3500.0,2.9135802469135803,54.135802469135804,27.5,Medium
Junior Beauty Consultant,Customer Service,21,4000.0,0.047619047619047616,1.7619047619047619,25.6,Low
Junior Broker,Banking and Finance,29,7250.0,3.793103448275862,31.20689655172414,26.6,Medium
Junior Chef,F&B,22,2850.0,0.045454545454545456,6.681818181818182,24.9,Low
Junior Graphic Designer,Design,30,2575.0,8.933333333333334,102.86666666666666,13.6,High
Junior Interior Designer,Architecture / Interior Design,29,2950.0,1.4827586206896552,36.06896551724138,23.9,Medium
"Junior Investment Fund Manager (Urgent/Investment/Sme/S$7,000 Higher)",Banking and Finance,20,6000.0,1.3,20.1,28.1,Medium
"Junior It Project Coordinator (Manufacturing, West)",Information Technology,35,2750.0,0.7428571428571429,17.228571428571428,25.3,Low
Junior Marketing & Design Support,Banking and Finance,25,6500.0,0.08,5.92,31.3,Low
Junior Marketing & Design Support,Marketing / Public Relations,105,2750.0,0.3238095238095238,6.523809523809524,32.7,Low
"Junior Portfolio Manager (Urgent/Investment/Sme/S$7,000 Higher)",Banking and Finance,28,6000.0,1.3214285714285714,17.428571428571427,30.1,Medium
"Junior Qa Engineer (Manufacturing, Precision, Cnc, Oil&Gas/ West)",Engineering,39,3000.0,0.41025641025641024,16.256410256410255,27.6,Low
"Junior Quality Engineer (Manufacturing, Precision, Cnc, Oil&Gas/ West)",Engineering,36,3000.0,0.5277777777777778,16.25,26.6,Low
Junior Quant Researcher,Banking and Finance,69,19250.0,1.8405797101449275,14.73913043478261,59.2,Medium
Junior Quantity Surveyor,Building and Construction,80,3150.0,0.15,43.7625,33.5,Low
Junior Recruitment Consultant - Perm Position,Human Resources,25,2750.0,0.12,1.6,27.2,Low
"Junior Secretary (Manufacturing, West)",Admin / Secretarial,34,3000.0,0.9411764705882353,16.058823529411764,25.0,Low
Junior Software Developer,Information Technology,71,6750.0,6.845070422535211,73.30985915492958,28.7,High
Junior Sous Chef,Customer Service,25,3500.0,0.96,12.24,23.9,Low
Junior Sous Chef,F&B,400,3150.0,0.72,14.8,43.6,Low
"Junior Technical Manager (Cctv, West)",Engineering,22,5500.0,0.3181818181818182,5.136363636363637,27.5,Low
"Junior Test Engineer (Manufacturing/ Electronics, West)",Engineering,29,3750.0,1.4137931034482758,22.724137931034484,25.0,Medium
Key Account Executive,Sales / Retail,20,3150.0,1.7,39.65,19.5,Medium
Key Account Executive #65235,Sales / Retail,29,3050.0,0.10344827586206896,2.5172413793103448,27.8,Low
Key Account Manager,Sales / Retail,60,5887.5,10.866666666666667,81.36666666666666,23.3,High
Key Account Manager #65963,Sales / Retail,30,8000.0,0.5,11.666666666666666,35.6,Low
"Key Account Specialist (Automation Solutions) - East, Mnc (No Experience Required, Training Provided)",Engineering,36,3300.0,0.0,0.5277777777777778,28.1,Low
"Key Account Specialist (Automation Solutions) / Global Mnc / East (No Experience Required, Training Provided)",Engineering,27,3300.0,0.0,0.48148148148148145,26.2,Low
Key Accounts Manager #66062,Accounting / Auditing / Taxation,30,4500.0,0.26666666666666666,7.366666666666666,30.0,Low
Kindergarten Teacher,Education and Training,33,2650.0,2.9393939393939394,42.515151515151516,20.7,Medium
Kitchen Assistant,Customer Service,44,1650.0,0.11363636363636363,12.772727272727273,28.1,Low
Kitchen Assistant,F&B,753,2250.0,0.150066401062417,11.597609561752988,48.8,Low
Kitchen Assistant (Full-Time),F&B,45,1850.0,0.044444444444444446,6.177777777777778,26.7,Low
Kitchen Assistant (Hotpot),F&B,22,2950.0,0.045454545454545456,5.863636363636363,24.0,Low
Kitchen Assistant / Cook,F&B,23,3100.0,0.08695652173913043,7.6521739130434785,24.4,Low
Kitchen Assistant / Cook (Japanese Restaurant),Customer Service,20,1925.0,0.0,2.25,24.8,Low
Kitchen Chef,F&B,180,3300.0,0.22777777777777777,12.344444444444445,38.2,Low
Kitchen Chef Assistant,F&B,27,3000.0,0.037037037037037035,12.25925925925926,27.5,Low
Kitchen Cook,F&B,36,3350.0,0.3055555555555556,14.222222222222221,27.6,Low
Kitchen Crew,F&B,193,2600.0,0.10362694300518134,10.124352331606218,39.1,Low
Kitchen Crew (Japanese Restaurant),Customer Service,26,2450.0,0.038461538461538464,0.7692307692307693,28.1,Low
Kitchen Crew (Part Time / Full Time) - Long John Silver'S,F&B,22,2000.0,0.18181818181818182,4.318181818181818,27.4,Low
Kitchen Helper,F&B,105,2025.0,0.4095238095238095,31.60952380952381,33.6,Low
Kitchen Helper #66114,F&B,25,2100.0,0.0,5.44,25.6,Low
"Kitchen Lead (Healthcare, Up To $3,500)",F&B,49,3250.0,0.04081632653061224,7.428571428571429,29.8,Low
Kitchen Leader,F&B,30,4050.0,0.0,0.5666666666666667,33.5,Low
Kitchen Management Trainee,F&B,160,3050.0,0.0875,10.3125,37.5,Low
Kitchen Manager,F&B,26,3787.5,0.4230769230769231,9.961538461538462,26.2,Low
Kitchen Staff **Retention Bonus $500,F&B,30,2700.0,0.0,4.633333333333334,28.9,Low
Kitchen Steward,F&B,20,2625.0,0.2,17.1,23.5,Low
Kitchen Supervisor,F&B,131,3000.0,0.04580152671755725,2.5114503816793894,38.2,Low
Kitchen Trainee Manager,F&B,34,2950.0,0.029411764705882353,1.2647058823529411,33.9,Low
Kyc Analyst,Banking and Finance,28,4325.0,6.464285714285714,53.0,19.1,High
L1/L2 English Language Childcare Teacher | Islandwide | 0707,Education and Training,23,3100.0,0.0,1.0434782608695652,26.0,Low
L2 English Preschool Teacher #65275,Education and Training,34,3050.0,0.0,2.5294117647058822,29.4,Low
L2 Production Support,Information Technology,25,4750.0,0.84,9.4,27.1,Low
Lab Admin Assistant (No Experience Needed - Training Provided) (1 Year Contract) / Global Mnc,Admin / Secretarial,183,1900.0,0.4972677595628415,11.721311475409836,34.2,Low
Lab Analyst,Sciences / Laboratory / R&D,20,2930.0,11.1,149.95,12.5,High
Lab Assistant (No Experience Needed - Training Provided) (1 Year Contract) / Global Mnc,Sciences / Laboratory / R&D,35,1900.0,0.7714285714285715,8.742857142857142,22.3,Low
"Lab Assistant , Pharma Mnc, ( Clinical Trial Sample Processing , East Area ) #Hvn",Healthcare / Pharmaceutical,44,2150.0,0.18181818181818182,3.0,27.9,Low
"Lab Engineer (Chemical/ Manufacturing, West)",Engineering,35,4250.0,2.9714285714285715,32.57142857142857,24.5,Medium
"Lab Engineer (Manufacturing/Semiconductor, Metrology)",Engineering,29,4500.0,0.3448275862068966,6.241379310344827,27.6,Low
"Lab Officer (Chemistry) - West / 1 Year Contract, No Experience Required, Shift Hours",Sciences / Laboratory / R&D,25,2850.0,0.0,1.0,24.9,Low
Lab Sales Specialist / Science Equipment,Sciences / Laboratory / R&D,38,4250.0,0.05263157894736842,1.263157894736842,30.0,Low
Lab Technician,Sciences / Laboratory / R&D,42,2400.0,6.404761904761905,89.66666666666667,18.1,High
Lab Technician #65104,Sciences / Laboratory / R&D,48,2650.0,0.6041666666666666,11.333333333333334,28.4,Low
Lab Technician (Qaqc) / Medical Industry,Manufacturing,30,2000.0,0.16666666666666666,1.9,23.7,Low
Lab Technician (Qc) / Medical Devices Manufacturer,Healthcare / Pharmaceutical,31,2200.0,1.032258064516129,28.774193548387096,21.3,Medium
Lab Technician (Sgx Healthcare Industry) / North,Healthcare / Pharmaceutical,41,2200.0,0.3170731707317073,5.463414634146342,25.5,Low
"Lab Technician (Shift Hours, 1 Year Contract, No Experience Required) / West",Sciences / Laboratory / R&D,21,2500.0,0.047619047619047616,0.19047619047619047,22.9,Low
"Lab Technician / West (Shift Hours, 1 Year Contract, No Experience Required)",Sciences / Laboratory / R&D,47,2500.0,0.0851063829787234,2.276595744680851,27.9,Low
Label Designer (Qa) Biomedical Manufacturing,Design,27,3250.0,0.25925925925925924,4.2592592592592595,24.9,Low
Laboratory Analyst,Sciences / Laboratory / R&D,26,3000.0,2.0,33.92307692307692,21.3,Medium
Laboratory Assistant,Sciences / Laboratory / R&D,32,2150.0,1.59375,31.46875,20.9,Medium
Laboratory Technician,Sciences / Laboratory / R&D,60,2500.0,5.783333333333333,75.06666666666666,20.9,High
Laboratory Technologist (Chemical / Fmcg),Sciences / Laboratory / R&D,45,2750.0,0.06666666666666667,1.711111111111111,28.2,Low
Land Surveyor,Building and Construction,199,3850.0,0.8442211055276382,55.15075376884422,38.5,Low
Landscape Architect,Architecture / Interior Design,25,4150.0,1.28,30.24,23.5,Medium
Landscape Designer,Architecture / Interior Design,29,3250.0,0.4827586206896552,19.03448275862069,24.6,Low
Language School Teacher (Various Location Within Singapore),Education and Training,24,3350.0,0.08333333333333333,4.125,30.4,Low
Language Teacher,Education and Training,155,3650.0,0.2903225806451613,7.122580645161291,38.8,Low
Laundry Attendant,General Work,23,1750.0,0.34782608695652173,22.0,24.1,Low
Lead Engineer,Engineering,20,10000.0,2.05,40.6,31.8,Medium
Lead Software Engineer,Information Technology,22,11375.0,1.9090909090909092,38.31818181818182,36.7,Medium
Lead Technical Consultant (Mes) - Lsmg,Engineering,20,10500.0,0.35,2.25,39.2,Low
Lead Technical Consultant - Lsmg,Engineering,23,9250.0,0.6521739130434783,10.478260869565217,36.7,Low
Leasing Executive,Real Estate / Property Management,20,3700.0,2.15,24.7,19.2,Medium
Leasing Sales Executive,Sales / Retail,23,3250.0,0.2608695652173913,3.4347826086956523,25.1,Low
Lecturer,Education and Training,23,4750.0,23.82608695652174,241.8695652173913,11.8,High
Legal Associate,Legal,102,6500.0,0.8823529411764706,35.794117647058826,38.6,Low
Legal Consultant,Legal,27,11500.0,3.3703703703703702,36.888888888888886,33.8,Medium
Legal Contracts Manager (Construction),Building and Construction,47,9500.0,0.0,2.2127659574468086,41.4,Low
Legal Counsel,Legal,158,9000.0,3.8354430379746836,50.30379746835443,40.4,Medium
Legal Counsel (In-House / Corporate),Legal,35,8500.0,0.02857142857142857,0.5142857142857142,37.4,Low
Legal Executive,Admin / Secretarial,27,3375.0,3.2962962962962963,36.74074074074074,19.2,Medium
Legal Executive,Legal,65,4250.0,2.230769230769231,34.61538461538461,28.1,Medium
Legal Manager,Legal,23,8250.0,2.608695652173913,38.608695652173914,27.8,Medium
Legal Secretary,Admin / Secretarial,134,3250.0,6.037313432835821,60.67910447761194,27.1,High
Lifeboat Cum Ffa Technician #65870,Repair and Maintenance,21,3000.0,0.19047619047619047,2.761904761904762,25.2,Low
Lift Technician,Building and Construction,21,3650.0,0.47619047619047616,16.666666666666668,24.1,Low
Lifting Engineer,Building and Construction,69,5750.0,0.6956521739130435,11.942028985507246,34.8,Low
Lifting Supervisor,Building and Construction,21,3750.0,1.4285714285714286,25.428571428571427,22.0,Medium
Linux Administrator,Information Technology,22,7875.0,0.2727272727272727,9.545454545454545,33.8,Low
Linux Engineer,Information Technology,40,6250.0,0.2,12.95,35.1,Low
Lng Charterer (Oil & Gas Mnc),Logistics / Supply Chain,38,10000.0,0.42105263157894735,2.8947368421052633,39.1,Low
Lng Trader (Oil & Gas Mnc),Accounting / Auditing / Taxation,55,20000.0,0.7090909090909091,3.981818181818182,59.1,Low
"Loan Consultant ($2,792 Basic + High Bonus/5 Days) - Code: Gl",Banking and Finance,48,2746.0,0.125,14.0625,29.7,Low
Loan Executive (6 Days/High Commission/Bank Branches) - Gl,Banking and Finance,54,2200.0,0.05555555555555555,2.074074074074074,30.6,Low
Locum Staff Nurse - Senior Care Centre | 3 Days A Week| Office Hour,Environment / Health,24,3350.0,1.9583333333333333,23.0,19.8,Medium
Logistic Assistant,Logistics / Supply Chain,33,2400.0,0.9090909090909091,20.545454545454547,23.0,Low
Logistic Coordinator,Logistics / Supply Chain,35,2750.0,2.3714285714285714,30.8,21.4,Medium
Logistic Executive,Logistics / Supply Chain,40,3225.0,5.625,68.475,19.7,High
Logistic Manager,Logistics / Supply Chain,33,6000.0,2.121212121212121,26.818181818181817,28.0,Medium
Logistic Officer (Inventory Management) / West / Training Provided / 1 Year Contract - Extendable / Convertible,Logistics / Supply Chain,112,2500.0,0.044642857142857144,1.8035714285714286,33.9,Low
Logistic Officer (Inventory Management) / West / Training Provided / 1 Year Contract - Extendable / Global Mnc,Logistics / Supply Chain,50,2200.0,0.12,1.08,27.6,Low
Logistic Officer (Inventory Planning) / Fmcg / West / 6 Months Contract,Logistics / Supply Chain,48,2750.0,0.2708333333333333,10.166666666666666,27.7,Low
Logistic Officer / West / 6 Months Contract - Extendable / Convertible,Logistics / Supply Chain,29,3150.0,0.034482758620689655,1.8620689655172413,26.2,Low
Logistic Team Leader #65845,Logistics / Supply Chain,26,3750.0,0.19230769230769232,4.576923076923077,28.0,Low
Logistics Admin,Others,23,2250.0,0.4782608695652174,7.782608695652174,21.1,Low
Logistics Analyst,Logistics / Supply Chain,26,3800.0,7.576923076923077,78.76923076923077,16.4,High
Logistics And Procurement Admin - 5 Days #65060,Logistics / Supply Chain,29,2900.0,0.8275862068965517,15.137931034482758,24.9,Low
Logistics And Purchasing Coordinator #65060,Logistics / Supply Chain,27,3000.0,0.14814814814814814,4.148148148148148,27.1,Low
Logistics Assistant,Logistics / Supply Chain,145,2250.0,2.0689655172413794,34.4551724137931,31.9,Medium
"Logistics Assistant (12Hrs Shift, West, Up To $2,600)",Logistics / Supply Chain,54,2300.0,0.05555555555555555,2.8703703703703702,28.6,Low
Logistics Assistant (Manufacturing Mnc),Logistics / Supply Chain,41,3000.0,0.24390243902439024,2.4634146341463414,27.2,Low
Logistics Assistant (Materials Management) Manufacturing Mnc,Logistics / Supply Chain,31,3000.0,0.03225806451612903,1.4193548387096775,26.4,Low
Logistics Assistant (Warehouse) #65937,Logistics / Supply Chain,21,2800.0,0.047619047619047616,5.571428571428571,25.5,Low
Logistics Assistant (Wms) 3Pl Logistics Mnc,Admin / Secretarial,42,2650.0,0.047619047619047616,2.4761904761904763,27.7,Low
Logistics Assistant / Energy Mnc/ West,Logistics / Supply Chain,26,3400.0,0.07692307692307693,1.6153846153846154,25.8,Low
"Logistics Assistant 10X (Islandwide, Basic $2400 And Ot)",Logistics / Supply Chain,26,2350.0,0.5,7.8076923076923075,26.5,Low
"Logistics Assistant And Operator (West, Up To $2,400)",Customer Service,85,2100.0,0.07058823529411765,5.141176470588236,31.2,Low
"Logistics Associate (Freight Operations, Permit Declaration) / West / Fmcg",Logistics / Supply Chain,30,2600.0,0.0,1.2,25.6,Low
Logistics Coordinator,Admin / Secretarial,29,2500.0,2.413793103448276,33.86206896551724,19.1,Medium
Logistics Coordinator,Logistics / Supply Chain,149,2950.0,2.9194630872483223,36.81879194630873,30.5,Medium
Logistics Coordinator #65157,Logistics / Supply Chain,43,1900.0,0.11627906976744186,4.093023255813954,28.2,Low
Logistics Engineer (No Experience Needed)/ Rotating Shift,Logistics / Supply Chain,57,4000.0,0.12280701754385964,1.6140350877192982,31.8,Low
Logistics Executive,Building and Construction,24,3250.0,0.375,11.833333333333334,24.6,Low
Logistics Executive,Logistics / Supply Chain,303,3000.0,5.64026402640264,52.42244224422442,33.0,High
"Logistics Executive (5.5Days, Redhill, Up To $3,000)",Admin / Secretarial,20,2800.0,0.45,16.6,21.4,Low
"Logistics Executive (Lc, Incoterms) / Wholesale Industry, South",Logistics / Supply Chain,28,3250.0,0.42857142857142855,2.75,24.5,Low
Logistics Executive (Mro Warehouse) #66097,Logistics / Supply Chain,23,3850.0,0.6521739130434783,9.73913043478261,25.7,Low
Logistics Executive (Night Shift),Logistics / Supply Chain,92,3000.0,0.31521739130434784,10.0,33.7,Low
"Logistics Executive (Shipping Operations, Permit Declaration) / West / Automotive Mnc",Logistics / Supply Chain,24,3000.0,0.041666666666666664,0.9583333333333334,24.7,Low
Logistics Manager,General Management,38,5250.0,3.236842105263158,27.263157894736842,28.1,Medium
Logistics Manager,Logistics / Supply Chain,89,6250.0,11.853932584269662,83.93258426966293,26.7,High
Logistics Manager (Fmcg Industry),Logistics / Supply Chain,50,7250.0,0.72,4.38,34.7,Low
Logistics Officer,Logistics / Supply Chain,87,2700.0,1.3448275862068966,24.551724137931036,30.4,Medium
"Logistics Officer (Maritime, Up To $2,500)",Logistics / Supply Chain,66,2150.0,0.06060606060606061,1.7727272727272727,29.7,Low
Logistics Operation Manager,Logistics / Supply Chain,43,5500.0,1.0,11.186046511627907,30.1,Low
Logistics Operations Executive,Logistics / Supply Chain,80,3750.0,4.1375,34.5625,28.5,Medium
"Logistics Operations Executive (Dry Container, Warehouse) 1 Year Contract",Logistics / Supply Chain,27,3500.0,0.25925925925925924,4.0,25.4,Low
Logistics Operations Executive (Retail B2C) / West,Logistics / Supply Chain,32,3200.0,0.09375,0.625,26.7,Low
Logistics Operations Manager (Semiconductor) Mnc,Logistics / Supply Chain,25,6750.0,0.56,3.12,29.8,Low
Logistics Operations Specialist,Logistics / Supply Chain,22,4625.0,0.6363636363636364,16.636363636363637,25.8,Low
Logistics Specialist,Logistics / Supply Chain,47,3500.0,7.702127659574468,74.55319148936171,19.0,High
Logistics Supervisor,Logistics / Supply Chain,76,3250.0,2.3157894736842106,26.38157894736842,27.9,Medium
Logistics Supervisor / Manager,Engineering,23,3250.0,4.695652173913044,26.391304347826086,17.2,Medium
Lorry Crane Driver,Building and Construction,84,3475.0,0.39285714285714285,25.702380952380953,33.4,Low
Lorry Crane Driver,Logistics / Supply Chain,29,3500.0,0.13793103448275862,18.275862068965516,27.3,Low
Lorry Crane Driver,Others,32,3450.0,0.28125,16.15625,27.4,Low
Lorry Crane Driver (25 - 35 Ton Lorry Crane) #64517,Logistics / Supply Chain,70,3250.0,0.0,3.9,34.6,Low
Lorry Crane Operator,Logistics / Supply Chain,42,3850.0,0.5476190476190477,39.92857142857143,29.2,Low
Lorry Driver,Building and Construction,218,3750.0,0.6651376146788991,18.825688073394495,39.9,Low
Lorry Driver,Customer Service,71,3650.0,0.352112676056338,11.394366197183098,33.7,Low
Lorry Driver,F&B,34,3700.0,0.11764705882352941,12.823529411764707,30.0,Low
Lorry Driver,General Management,92,3950.0,0.09782608695652174,8.695652173913043,39.4,Low
Lorry Driver,General Work,98,3750.0,0.19387755102040816,8.561224489795919,36.0,Low
Lorry Driver,Logistics / Supply Chain,192,3362.5,0.265625,16.890625,39.7,Low
Lorry Driver,Manufacturing,85,3850.0,0.1411764705882353,13.941176470588236,36.2,Low
Lorry Driver,Others,382,4150.0,0.15706806282722513,7.5732984293193715,46.6,Low
Lorry Driver,Wholesale Trade,24,3750.0,0.125,4.291666666666667,27.3,Low
"Lorry Driver (Senoko, Class 3/4, Up To $2,400)",General Work,88,2200.0,0.045454545454545456,8.659090909090908,33.1,Low
Luxury Retail Assistant @ Central | Asap ~ 5 Months | $15/Hr | Fast Hire + High-End Retail,Customer Service,71,2200.0,0.28169014084507044,20.183098591549296,33.3,Low
M & E Coordinator,Building and Construction,61,4300.0,0.3442622950819672,10.37704918032787,33.9,Low
M & E Engineer,Building and Construction,20,4400.0,2.4,56.1,20.7,Medium
M&E Coordinator,Building and Construction,439,4250.0,0.662870159453303,15.430523917995444,46.0,Low
M&E Coordinator (Lta),Building and Construction,50,5500.0,0.26,6.56,33.1,Low
M&E Engineer,Building and Construction,288,4200.0,1.0833333333333333,25.11111111111111,41.6,Medium
M&E Engineer,Engineering,34,4075.0,1.1176470588235294,31.11764705882353,26.8,Medium
M&E Executive (Construction / Building & Facilities),Building and Construction,24,4500.0,0.0,0.8333333333333334,27.7,Low
M&E Manager,Building and Construction,108,7250.0,3.6666666666666665,28.296296296296298,35.7,Medium
"M&E Mechanical Engineer (Acmv/ Hvac/ Hook Up, Main Con)",Building and Construction,35,3500.0,0.14285714285714285,18.571428571428573,29.7,Low
M&E Project Coordinator (Plumbing) #65718,Engineering,41,4000.0,0.0975609756097561,3.097560975609756,31.9,Low
M&E Quantity Surveyor,Building and Construction,76,3900.0,0.2631578947368421,23.06578947368421,33.6,Low
M&E Supervisor,Building and Construction,91,4000.0,0.8131868131868132,22.714285714285715,35.2,Low
M&E Technician,Engineering,23,2050.0,0.7391304347826086,22.0,21.0,Low
Machine Engineer (Automation/Mrt Pick-Up Available) #65866,Engineering,21,4000.0,0.047619047619047616,2.5714285714285716,27.8,Low
Machine Learning Engineer,Information Technology,56,8000.0,5.714285714285714,60.732142857142854,31.1,High
Machine Shop Supervisor #65874,Manufacturing,42,5000.0,0.14285714285714285,4.119047619047619,33.7,Low
Machining Technician,Engineering,24,3750.0,0.2916666666666667,16.416666666666668,27.1,Low
Machinist,Engineering,43,2950.0,0.8604651162790697,28.790697674418606,29.3,Low
Machinist,Manufacturing,23,2750.0,1.391304347826087,66.95652173913044,20.8,Medium
"Machinist (Cnc Manufacturing, Aerospace/ Oil&Gas)",Engineering,36,2400.0,0.25,22.444444444444443,29.8,Low
Machinist (Edm) #65267,Manufacturing,20,2250.0,0.0,2.05,24.4,Low
Machinist (Grinder) – Night Shift #65602,Manufacturing,40,2250.0,0.05,3.1,28.7,Low
Machinist Technician #64810,Manufacturing,31,2050.0,0.0,8.419354838709678,26.9,Low
Mainframe Developer,Information Technology,50,9000.0,0.3,26.98,43.0,Low
Maintenance & Electrical Supervisor | Orchard,Building and Construction,32,4175.0,0.375,10.21875,27.3,Low
Maintenance & Facilities Manager (Medical Manufacturing Mnc),Engineering,80,5750.0,0.15,0.975,37.2,Low
Maintenance & Repair Executive (Fleet/Tank Container),Engineering,23,4500.0,0.2608695652173913,3.4347826086956523,26.2,Low
Maintenance Admin,Admin / Secretarial,37,2100.0,0.16216216216216217,3.081081081081081,25.4,Low
Maintenance Engineer,Engineering,72,3875.0,3.361111111111111,50.875,27.7,Medium
Maintenance Engineer (F&B Manufacturing Mnc),Engineering,40,4500.0,2.375,29.475,24.6,Medium
Maintenance Engineer (Oil & Gas) Cnc Machines,Engineering,24,4500.0,0.0,0.125,27.7,Low
Maintenance Engineer (Stcw Standard A-Iii/3),Engineering,48,4500.0,0.125,9.166666666666666,31.6,Low
"Maintenance Engineer(Cctv, Surveillance And Security System)",Information Technology,31,4250.0,1.2580645161290323,18.741935483870968,25.9,Medium
Maintenance Manager (Food Production/Food Equipment),F&B,25,5000.0,0.08,1.84,28.5,Low
Maintenance Supervisor,Building and Construction,38,3000.0,0.3684210526315789,10.157894736842104,28.4,Low
Maintenance Technician,Building and Construction,46,2600.0,2.652173913043478,42.08695652173913,23.9,Medium
Maintenance Technician,Engineering,62,2500.0,2.4193548387096775,53.87096774193548,25.5,Medium
Maintenance Technician,Manufacturing,45,2750.0,2.577777777777778,60.31111111111111,22.5,Medium
Maintenance Technician,Repair and Maintenance,127,2750.0,1.5039370078740157,31.52755905511811,31.7,Medium
Maintenance Technician #65731,Repair and Maintenance,51,2500.0,0.23529411764705882,5.764705882352941,29.9,Low
Maintenance Technician #65736,Repair and Maintenance,22,3050.0,0.13636363636363635,4.954545454545454,25.9,Low
Maintenance Technician #66084,Repair and Maintenance,28,2750.0,0.14285714285714285,5.928571428571429,26.9,Low
Maintenance Technician (Electrical/Plc/Pump/Touch Panel),Engineering,20,3500.0,1.0,34.15,22.3,Low
"Maintenance Technician (Gas, Up To $2,300)",Repair and Maintenance,32,2050.0,0.15625,13.75,24.2,Low
"Maintenance Technician (Industrial Vehicles) - Global Mnc, West",Engineering,35,3000.0,0.02857142857142857,0.6285714285714286,27.2,Low
"Maintenance Technician - Environmental Mnc, West (Shift Hours)",Engineering,35,2050.0,0.0,0.8,25.6,Low
Maintenance Technician / Pharmaceuticals Mnc / West (Shift Hours),Engineering,31,3750.0,0.3548387096774194,4.838709677419355,26.3,Low
Management Associate,Customer Service,23,3150.0,0.8695652173913043,13.130434782608695,26.3,Low
Management Associate,F&B,149,3250.0,0.06711409395973154,3.8120805369127515,40.7,Low
Management Associate,General Management,98,3250.0,1.0510204081632653,15.285714285714286,33.4,Medium
Management Consultant,Consulting,26,5250.0,8.961538461538462,67.15384615384616,18.9,High
Management Consultant / Director Hair Stylist,Consulting,21,8250.0,0.0,9.047619047619047,34.1,Low
Management Executive,Admin / Secretarial,48,4250.0,0.9791666666666666,17.25,30.9,Low
Management Executive,Customer Service,90,4250.0,0.2777777777777778,5.544444444444444,38.0,Low
Management Executive,F&B,132,3000.0,0.4393939393939394,11.886363636363637,39.2,Low
Management Executive,General Management,31,3850.0,1.4193548387096775,21.06451612903226,25.0,Medium
Management Trainee,Accounting / Auditing / Taxation,20,3350.0,5.95,60.4,16.8,High
Management Trainee,Admin / Secretarial,44,3225.0,1.5454545454545454,35.90909090909091,25.7,Medium
Management Trainee,Banking and Finance,34,2650.0,2.9705882352941178,39.88235294117647,21.3,Medium
Management Trainee,Customer Service,271,3100.0,0.8339483394833949,25.785977859778598,41.9,Low
Management Trainee,Education and Training,29,3900.0,0.7241379310344828,11.517241379310345,28.0,Low
Management Trainee,F&B,712,3100.0,0.45786516853932585,17.008426966292134,49.7,Low
Management Trainee,General Management,150,3300.0,1.02,19.066666666666666,36.3,Medium
Management Trainee,Hospitality,21,3150.0,0.7619047619047619,16.476190476190474,25.4,Low
Management Trainee,Logistics / Supply Chain,25,3150.0,2.44,30.08,21.0,Medium
Management Trainee,Sales / Retail,64,2800.0,1.65625,26.984375,29.5,Medium
Management Trainee #Sgunitedjobs,Banking and Finance,21,8000.0,3.238095238095238,62.76190476190476,30.1,Medium
Management Trainee (Corporate / Business) - No Experience Required (Training Provided),Accounting / Auditing / Taxation,183,3150.0,0.6666666666666666,11.814207650273223,36.0,Low
Management Trainee (Culinary),F&B,49,2450.0,0.0,4.3061224489795915,32.5,Low
Management Trainee (F&B),F&B,205,3000.0,0.17073170731707318,8.521951219512195,41.3,Low
Management Trainee (Operations),F&B,51,3000.0,0.11764705882352941,3.5098039215686274,33.3,Low
Management Trainee (Retail),General Management,96,3000.0,0.23958333333333334,8.6875,35.4,Low
Management Trainee (Retail),Sales / Retail,35,3000.0,0.22857142857142856,7.685714285714286,26.3,Low
Management Trainee (Sales & Marketing) #65278,Sales / Retail,31,2750.0,0.12903225806451613,4.419354838709677,27.6,Low
Management Trainee (Technical),Engineering,32,3100.0,0.5,8.0625,27.9,Low
Management Trainee / Assistant Manager,F&B,71,3300.0,0.04225352112676056,4.647887323943662,37.9,Low
Management Trainee Kitchen,F&B,90,3900.0,0.1,4.977777777777778,38.3,Low
Management Trainee Service,F&B,99,3900.0,0.26262626262626265,7.494949494949495,37.8,Low
"Management Trainee, Bakery",F&B,31,3900.0,0.6451612903225806,12.935483870967742,28.7,Low
Manager,Accounting / Auditing / Taxation,59,7000.0,2.610169491525424,26.661016949152543,32.5,Medium
Manager,Admin / Secretarial,644,8000.0,1.2546583850931676,10.220496894409937,53.2,Medium
Manager,Building and Construction,93,6150.0,1.903225806451613,19.0752688172043,35.3,Medium
Manager,Consulting,109,9000.0,1.4128440366972477,20.3302752293578,43.2,Medium
Manager,Customer Service,288,5135.0,0.9722222222222222,11.92361111111111,43.8,Low
Manager,Engineering,28,7775.0,3.5,53.357142857142854,27.3,Medium
Manager,F&B,536,7250.0,0.8432835820895522,9.156716417910447,51.8,Low
Manager,General Management,248,5750.0,0.9233870967741935,12.725806451612904,43.7,Low
Manager,General Work,94,8000.0,1.1063829787234043,15.925531914893616,41.7,Medium
Manager,Manufacturing,51,4000.0,0.7450980392156863,8.235294117647058,30.5,Low
Manager,Others,117,4500.0,1.0,14.598290598290598,36.5,Low
Manager,Personal Care / Beauty,120,6000.0,0.65,9.091666666666667,39.6,Low
Manager,Sales / Retail,57,7000.0,1.2456140350877194,14.368421052631579,35.7,Medium
Manager,Wholesale Trade,26,6625.0,1.2307692307692308,13.615384615384615,29.3,Medium
Manager (Credit Control Retail/Salary Up To $6K) - Gl,Admin / Secretarial,32,5500.0,0.09375,0.875,31.0,Low
Manager (Custody Investment/Salary Up To $6K) - Gl,Admin / Secretarial,26,5500.0,0.15384615384615385,2.269230769230769,29.3,Low
Manager (Hardware Design/Wireless Product),Information Technology,55,12500.0,0.5272727272727272,3.672727272727273,45.8,Low
"Manager - Credit Solutions (Retail, East)",Banking and Finance,29,4500.0,0.10344827586206896,2.6551724137931036,28.4,Low
Manager In Beauty Lifestyle And F&B,F&B,28,7250.0,0.03571428571428571,0.6428571428571429,38.1,Low
"Manager, Affiliate Management (Pandan Loop, Port Operations)",Others,29,6500.0,0.3448275862068966,2.9655172413793105,31.1,Low
"Manager, Finance",Accounting / Auditing / Taxation,28,6250.0,9.428571428571429,95.42857142857143,19.7,High
"Manager, Quantity Surveying (Tender, M&E)",Building and Construction,33,7750.0,0.06060606060606061,2.909090909090909,35.5,Low
Managing Director,Building and Construction,26,10750.0,13.807692307692308,76.42307692307692,26.8,High
Managing Director,Consulting,28,12250.0,7.535714285714286,53.17857142857143,31.9,High
Managing Director,General Management,115,12000.0,6.721739130434782,52.17391304347826,41.4,High
Mandarin Childcare Teacher,Education and Training,66,3650.0,0.045454545454545456,3.0303030303030303,33.9,Low
Mandarin Teacher,Education and Training,29,3300.0,0.1724137931034483,5.310344827586207,27.2,Low
Manicurist,Customer Service,38,3175.0,0.13157894736842105,7.815789473684211,29.2,Low
Manicurist,Personal Care / Beauty,111,3500.0,0.14414414414414414,9.765765765765765,38.3,Low
Manicurist/Beauty Therapist,Personal Care / Beauty,22,3250.0,0.0,5.181818181818182,26.9,Low
Manual Tester,Information Technology,28,4500.0,11.178571428571429,147.57142857142858,17.6,High
Manufacturing / Mechanical ( $2.5K - $4.5K ) ( Junior / Entry Level /Senior X3 ),Engineering,22,6500.0,5.181818181818182,52.86363636363637,22.5,High
Manufacturing Engineer,Engineering,104,4025.0,9.73076923076923,83.01923076923077,24.7,High
Manufacturing Engineer,Manufacturing,43,4000.0,6.930232558139535,72.11627906976744,20.8,High
Manufacturing Engineer #65848,Engineering,35,3500.0,0.3142857142857143,5.057142857142857,29.0,Low
Manufacturing Engineer (Aws/5 Days/Near Mrt) #64519,Engineering,23,3900.0,1.0434782608695652,20.956521739130434,24.6,Medium
"Manufacturing Engineer (High-Tech/High-Vol Manufacturing, 12-Hour Shift)",Engineering,32,5000.0,2.46875,19.09375,24.2,Medium
"Manufacturing Engineer (Manufacturing, Precision, Cnc/ Oil&Gas /Aerospace, East)West)",Engineering,35,4250.0,0.8571428571428571,16.085714285714285,28.5,Low
"Manufacturing Engineer (Semiconductor, Manufacturing, Electronics)",Engineering,34,4250.0,1.2647058823529411,18.0,27.3,Medium
"Manufacturing Process Engineer (Manufacturing, Precision, Cnc/ Oil&Gas /Aerospace, East)",Engineering,36,4250.0,1.0833333333333333,20.916666666666668,28.1,Medium
"Manufacturing Process Engineer (Semiconductor, Manufacturing, Electronics)",Engineering,35,4250.0,2.2285714285714286,24.6,25.6,Medium
"Manufacturing Supervisor (Manufacturing, Precision, Cnc, Oil&Gas/ West)",Engineering,35,4250.0,0.5142857142857142,13.257142857142858,29.6,Low
Manufacturing Technician (Ccp),Engineering,35,3300.0,0.4857142857142857,3.142857142857143,25.8,Low
Manufacturing Technician / Chemical Technician /Entry Level / (0-2 Year Experience) Junior,Engineering,24,3825.0,5.5,36.291666666666664,17.8,High
Marine Operations Admin (Port) / South,Customer Service,29,3500.0,4.655172413793103,41.275862068965516,17.8,Medium
Marine Personnel Administrator (Crewing / Maritime Industry),Admin / Secretarial,23,3650.0,0.043478260869565216,0.8695652173913043,25.6,Low
Marine Service Engineer,Engineering,35,4500.0,3.4,48.51428571428571,23.1,Medium
Marine Superintendent,Others,39,10500.0,3.5641025641025643,39.82051282051282,34.4,Medium
"Marine Superintendent (Coc 1, Tanker/Ship Management)",Logistics / Supply Chain,56,7500.0,0.32142857142857145,12.089285714285714,37.4,Low
Marine Superintendent (Maritime Industry),Repair and Maintenance,65,9000.0,0.07692307692307693,1.1538461538461537,42.2,Low
Marine Superintendent (Maritime Industry)/ Coc,Repair and Maintenance,62,9000.0,0.016129032258064516,1.5,42.2,Low
Marine Workshop Technician (Tuas Area/5 Days/ Marine Industry),Engineering,45,3000.0,0.06666666666666667,1.3333333333333333,28.7,Low
Maritime Safety Manager (Shipping Industry),Engineering,27,4400.0,0.07407407407407407,1.1111111111111112,27.9,Low
Marketing,Marketing / Public Relations,22,3750.0,4.409090909090909,42.09090909090909,19.0,Medium
Marketing & Communications Executive,Advertising / Media,24,3275.0,1.75,15.916666666666666,21.1,Medium
Marketing & Communications Executive,Marketing / Public Relations,31,3250.0,10.064516129032258,74.2258064516129,14.5,High
Marketing & Communications Executive / Assistant Manager,Marketing / Public Relations,22,3875.0,1.7727272727272727,10.0,20.5,Medium
Marketing Admin Assistant (Shipping Industry) No Experience Needed,Admin / Secretarial,96,2800.0,0.22916666666666666,2.40625,32.6,Low
Marketing And Communication Specialist (Hospitality Mnc),Advertising / Media,39,9000.0,0.6666666666666666,5.205128205128205,36.5,Low
Marketing Assistant,Advertising / Media,24,2775.0,1.4583333333333333,28.625,20.4,Medium
Marketing Assistant,Marketing / Public Relations,140,2700.0,4.614285714285714,43.17142857142857,27.6,Medium
Marketing Assistant (5 Days/Aws) #65673,Marketing / Public Relations,20,3150.0,0.15,4.8,25.4,Low
Marketing Assistant Manager,Admin / Secretarial,25,8000.0,1.12,12.84,31.6,Medium
Marketing Assistant Manager,F&B,24,8000.0,0.4583333333333333,5.833333333333333,32.2,Low
Marketing Assistant Manager,Marketing / Public Relations,583,8000.0,0.5711835334476844,6.775300171526586,54.5,Low
Marketing Associate,Marketing / Public Relations,48,3325.0,6.458333333333333,49.9375,19.8,High
Marketing Communication Manager,Advertising / Media,60,10500.0,0.6333333333333333,11.566666666666666,42.3,Low
Marketing Communications Executive,Advertising / Media,28,3350.0,5.964285714285714,50.607142857142854,17.0,High
Marketing Communications Executive,Marketing / Public Relations,40,3275.0,6.025,56.4,18.7,High
Marketing Coordinator,Marketing / Public Relations,37,3000.0,6.054054054054054,54.0,18.0,High
Marketing Cum Social Media Executive,Marketing / Public Relations,21,3000.0,2.0476190476190474,24.476190476190474,18.6,Medium
Marketing Director,Marketing / Public Relations,72,11000.0,13.472222222222221,86.51388888888889,33.1,High
Marketing Director (Brand Communication) Hospitality Industry,General Management,29,11000.0,1.1724137931034482,5.9655172413793105,36.9,Medium
Marketing Executive,Admin / Secretarial,47,3250.0,4.8936170212765955,46.212765957446805,21.9,Medium
Marketing Executive,Advertising / Media,435,3400.0,3.949425287356322,38.3448275862069,38.2,Medium
Marketing Executive,Banking and Finance,27,3000.0,2.6666666666666665,34.629629629629626,20.0,Medium
Marketing Executive,Customer Service,43,3300.0,2.953488372093023,38.25581395348837,23.0,Medium
Marketing Executive,Design,42,3250.0,2.857142857142857,30.404761904761905,22.2,Medium
Marketing Executive,Events / Promotions,38,3100.0,2.4210526315789473,23.5,21.8,Medium
Marketing Executive,F&B,31,3400.0,1.7096774193548387,27.612903225806452,23.2,Medium
Marketing Executive,Information Technology,42,3500.0,1.6904761904761905,18.80952380952381,24.4,Medium
Marketing Executive,Marketing / Public Relations,1344,3250.0,3.5104166666666665,33.19122023809524,45.0,Medium
Marketing Executive #65666,Marketing / Public Relations,53,3300.0,0.2641509433962264,6.056603773584905,31.6,Low
Marketing Executive (5 Days/Hybrid Working Arrangement) #65673,Marketing / Public Relations,24,3400.0,0.6666666666666666,13.708333333333334,25.0,Low
Marketing Executive (B2B Marketing / Fmcg Industry),Marketing / Public Relations,30,3400.0,0.1,3.1333333333333333,26.6,Low
"Marketing Executive (Beauty/Skincare, Up To $3,500)",Marketing / Public Relations,24,3250.0,0.041666666666666664,0.5833333333333334,25.1,Low
Marketing Executive (Data Analytics),Marketing / Public Relations,31,3250.0,0.41935483870967744,8.290322580645162,25.2,Low
"Marketing Executive (Industrial Vehicles) - West, Global Mnc",Engineering,36,3200.0,0.1111111111111111,0.7222222222222222,27.4,Low
Marketing Executive (Sgx Healthcare Industry) / North,Healthcare / Pharmaceutical,22,3150.0,0.22727272727272727,6.636363636363637,23.5,Low
Marketing Executive (Sgx Listed Medical Company),Healthcare / Pharmaceutical,25,3150.0,0.68,21.68,22.7,Low
Marketing Executive / Senior Marketing Executive,Marketing / Public Relations,20,3150.0,0.55,12.35,21.7,Low
"Marketing Executive, Digital, Near Mrt",Advertising / Media,419,3250.0,0.5274463007159904,6.5322195704057275,42.2,Low
Marketing Intern,Admin / Secretarial,134,1150.0,0.41044776119402987,5.507462686567164,33.8,Low
Marketing Intern,Marketing / Public Relations,107,1050.0,2.074766355140187,23.7196261682243,25.6,Medium
Marketing Manager,Admin / Secretarial,32,7350.0,4.875,31.78125,26.2,Medium
Marketing Manager,Advertising / Media,208,5500.0,3.0528846153846154,26.298076923076923,36.9,Medium
Marketing Manager,Building and Construction,21,6000.0,2.2857142857142856,31.238095238095237,24.2,Medium
Marketing Manager,Customer Service,37,6000.0,9.45945945945946,62.729729729729726,21.8,High
Marketing Manager,F&B,71,7500.0,1.1830985915492958,16.816901408450704,36.9,Medium
Marketing Manager,General Management,31,5000.0,1.7096774193548387,21.032258064516128,26.3,Medium
Marketing Manager,General Work,44,8125.0,3.2954545454545454,23.568181818181817,33.6,Medium
Marketing Manager,Information Technology,33,6250.0,6.121212121212121,37.90909090909091,22.7,High
Marketing Manager,Marketing / Public Relations,987,7250.0,3.132725430597771,25.627152988855116,51.1,Medium
Marketing Manager,Others,22,6000.0,0.5,5.2272727272727275,29.7,Low
Marketing Manager,Sales / Retail,26,7600.0,4.923076923076923,36.92307692307692,25.9,Medium
Marketing Manager #65603,Marketing / Public Relations,41,5750.0,0.5121951219512195,6.7073170731707314,33.5,Low
Marketing Manager #65865,Marketing / Public Relations,23,6250.0,0.6956521739130435,7.130434782608695,30.0,Low
Marketing Manager (Beauty/Skincare),Marketing / Public Relations,68,4500.0,0.029411764705882353,0.8676470588235294,34.4,Low
Marketing Manager (Copywriting & Proofreading) / Central,Marketing / Public Relations,53,6750.0,1.679245283018868,12.679245283018869,31.8,Medium
Marketing Manager (F&B/Retail) #65647,Marketing / Public Relations,56,4750.0,0.48214285714285715,6.303571428571429,33.8,Low
Marketing Program Coordinator (Education),Marketing / Public Relations,47,3850.0,0.3404255319148936,8.936170212765957,29.3,Low
Marketing Specialist,Advertising / Media,22,4125.0,2.3636363636363638,29.272727272727273,20.5,Medium
Marketing Specialist,Marketing / Public Relations,74,4000.0,3.8783783783783785,36.472972972972975,26.7,Medium
Marketing Strategist (Life Science / Biomedical),Marketing / Public Relations,31,5000.0,0.12903225806451613,0.6774193548387096,29.6,Low
Massage,Personal Care / Beauty,245,4000.0,0.036734693877551024,6.204081632653061,46.1,Low
Massage Therapist,Customer Service,108,4000.0,0.28703703703703703,9.462962962962964,37.8,Low
Massage Therapist,Healthcare / Pharmaceutical,64,4225.0,0.40625,11.984375,33.9,Low
Massage Therapist,Medical / Therapy Services,103,4000.0,0.36893203883495146,11.96116504854369,37.1,Low
Massage Therapist,Personal Care / Beauty,179,4000.0,0.3128491620111732,12.798882681564246,41.3,Low
Massage Therapist (Including Foot Reflexology),Customer Service,25,4100.0,0.44,12.44,27.9,Low
Masseur,Customer Service,24,3875.0,0.125,8.291666666666666,28.1,Low
Masseur,Medical / Therapy Services,24,3700.0,0.08333333333333333,6.166666666666667,28.6,Low
Masseur,Personal Care / Beauty,73,4000.0,0.1095890410958904,6.3561643835616435,36.4,Low
Masseur (Non-Medical),Personal Care / Beauty,90,4000.0,0.05555555555555555,5.7555555555555555,38.3,Low
Masseur(Non-Medical),Personal Care / Beauty,21,3900.0,0.047619047619047616,8.142857142857142,28.6,Low
Master Chef,F&B,84,7250.0,0.17857142857142858,8.5,42.7,Low
Master Hairstylist,Personal Care / Beauty,70,7500.0,0.08571428571428572,12.1,43.9,Low
Material Handler,Logistics / Supply Chain,48,2000.0,0.0,5.833333333333333,28.4,Low
"Material Planner (Manufacturing, Electronics, Semiconductor/ North)",Engineering,35,3500.0,0.9428571428571428,16.857142857142858,26.1,Low
"Material Planner (Manufacturing/ Oil&Gas/ Precision, West)",Engineering,36,3500.0,0.75,15.222222222222221,26.8,Low
Materials & Logistics Manager / Manufacturing Mnc (Oil & Gas) / West,Logistics / Supply Chain,24,6300.0,0.125,0.75,30.4,Low
Materials Officer #65596,Purchasing / Merchandising,29,2550.0,0.10344827586206896,2.6551724137931036,26.9,Low
Math Teacher,Education and Training,25,4750.0,2.48,46.0,24.2,Medium
Mathematics Teacher,Education and Training,47,5750.0,2.9148936170212765,33.148936170212764,29.2,Medium
Mathematics Tutor,Education and Training,20,3900.0,1.2,17.55,22.4,Medium
Maths Teacher For Secondary And Jc,Education and Training,33,5500.0,0.5757575757575758,9.93939393939394,31.3,Low
Mcf,Consulting,51,4100.0,0.0392156862745098,3.843137254901961,33.8,Low
Mechanic,Building and Construction,90,3150.0,0.2222222222222222,18.41111111111111,34.0,Low
Mechanic,Engineering,30,3350.0,0.13333333333333333,21.366666666666667,27.6,Low
Mechanic,Repair and Maintenance,55,2750.0,0.07272727272727272,14.145454545454545,30.6,Low
Mechanical & Electrical (M&E) Coordinator,Building and Construction,62,3750.0,1.1451612903225807,27.0,29.6,Medium
Mechanical & Electrical (M&E) Engineer,Building and Construction,58,4500.0,1.7241379310344827,33.724137931034484,30.0,Medium
Mechanical & Electrical (M&E) Supervisor,Building and Construction,30,4000.0,0.26666666666666666,10.433333333333334,28.5,Low
Mechanical & Electrical Engineer,Building and Construction,63,4000.0,0.30158730158730157,13.746031746031745,32.8,Low
Mechanical & Electrical Quantity Surveyor,Building and Construction,23,4500.0,0.13043478260869565,7.0,26.9,Low
Mechanical / Facilities Technician (Semiconductor) Rotating Shift,Engineering,20,2300.0,0.15,1.3,21.7,Low
Mechanical Assistant Engineer #66189,Engineering,21,2500.0,0.14285714285714285,8.857142857142858,24.5,Low
Mechanical Design Engineer,Building and Construction,20,4325.0,3.05,50.1,19.6,Medium
Mechanical Design Engineer,Design,61,3850.0,7.098360655737705,82.24590163934427,22.3,High
Mechanical Design Engineer,Engineering,133,4150.0,8.210526315789474,93.0,27.8,High
Mechanical Design Engineer #66202,Engineering,20,3250.0,0.05,6.95,26.0,Low
Mechanical Design Engineer (Automation Solution) #65648,Engineering,35,2600.0,0.14285714285714285,3.9714285714285715,28.1,Low
"Mechanical Design Engineer (Manufacturing, Electronics/ West)",Engineering,37,4250.0,2.3513513513513513,29.72972972972973,25.0,Medium
Mechanical Design Engineer (Semiconductor Equipment),Engineering,79,5500.0,0.3037974683544304,3.2025316455696204,36.0,Low
"Mechanical Design Engineer (Semiconductor, Die Sorter)",Engineering,35,5500.0,0.2,8.342857142857143,31.0,Low
Mechanical Drafter #65921,Engineering,38,2500.0,0.05263157894736842,5.315789473684211,28.8,Low
Mechanical Engineer,Building and Construction,275,3875.0,1.5236363636363637,30.236363636363638,39.4,Medium
Mechanical Engineer,Design,42,4500.0,4.119047619047619,61.857142857142854,23.9,Medium
Mechanical Engineer,Engineering,405,4300.0,3.1506172839506172,43.4641975308642,39.9,Medium
Mechanical Engineer #65877,Engineering,30,3600.0,0.43333333333333335,6.033333333333333,27.7,Low
"Mechanical Engineer (Acmv/ Hvac/ Hook Up/ M&E, Main Con)",Building and Construction,34,3500.0,0.2647058823529412,16.735294117647058,29.0,Low
Mechanical Engineer (Consultancy),Building and Construction,25,4500.0,0.04,0.6,27.7,Low
Mechanical Engineer (Project/Building) #65563,Engineering,36,4250.0,0.2222222222222222,4.416666666666667,30.9,Low
Mechanical Engineer / Water Treatment Mnc / 1 Year Contract / South,Engineering,185,5500.0,0.10810810810810811,1.027027027027027,42.6,Low
Mechanical Engineering Technician,Engineering,24,3250.0,0.9583333333333334,28.416666666666668,24.5,Low
Mechanical Service Engineer #66153,Repair and Maintenance,22,3150.0,0.13636363636363635,5.454545454545454,26.1,Low
Mechanical Supervisor,Building and Construction,38,4300.0,7.157894736842105,50.60526315789474,20.6,High
Mechanical Supervisor,Engineering,23,3750.0,2.4782608695652173,39.869565217391305,20.4,Medium
Mechanical Technician,Building and Construction,26,3525.0,0.46153846153846156,16.153846153846153,26.3,Low
Mechanical Technician,Engineering,69,3200.0,3.246376811594203,51.04347826086956,26.0,Medium
Mechanical Technician,Manufacturing,20,3100.0,1.65,55.1,19.9,Medium
Mechanical/Electrical Engineer (Consultancy) Up To S$5000,Building and Construction,70,4500.0,0.2,3.8142857142857145,33.8,Low
Mechanics (Crane/ Forklift) #65073,Repair and Maintenance,29,2150.0,0.0,6.137931034482759,26.7,Low
Mechanics (Crane/ Hooklift) #65073,Repair and Maintenance,40,2150.0,0.0,3.1,28.8,Low
Mechanics (Motor Vehicles) #65043,Repair and Maintenance,63,2650.0,0.0,3.746031746031746,32.8,Low
Media Executive,Advertising / Media,24,3300.0,2.0416666666666665,27.5,20.5,Medium
Medical Assistant,Healthcare / Pharmaceutical,44,4000.0,2.2954545454545454,39.20454545454545,26.1,Medium
Medical Device Sales Consultant (Medical Instrument),Medical / Therapy Services,27,3500.0,0.07407407407407407,0.7037037037037037,26.2,Low
Medical Doctor,Healthcare / Pharmaceutical,34,11500.0,0.11764705882352941,15.352941176470589,45.2,Low
Medical Lab Technician 12 Months )/ $20 Up ( Part Time ) #Hvn,Healthcare / Pharmaceutical,22,1500.0,0.045454545454545456,3.6818181818181817,25.8,Low
"Medical Records Officer, Data Entry, Admin, Healthcare #Hvw",Admin / Secretarial,56,2750.0,0.5357142857142857,8.25,29.1,Low
Medical Sales Consultant (Basic Salary + Commissions) Sgx Listed,Healthcare / Pharmaceutical,134,3000.0,0.13432835820895522,4.08955223880597,35.6,Low
Medical Sales Promoter (1 Year Contract) - Attractive Remuneration Package,Healthcare / Pharmaceutical,49,2050.0,0.22448979591836735,19.857142857142858,26.7,Low
Medical Sales Representative,Healthcare / Pharmaceutical,43,3850.0,3.627906976744186,40.51162790697674,23.0,Medium
Medical Sales Representative ( Trainee ) #Hvn,Advertising / Media,29,3500.0,0.13793103448275862,2.2758620689655173,29.5,Low
"Medical Sales Representative (Alt Sat,5.5 Days) / Urgent - Central (Training Provided)*",Sales / Retail,60,3150.0,0.16666666666666666,3.55,30.4,Low
Medical Sales Representative (Pharma/Medical Device) - #Hhw,Healthcare / Pharmaceutical,40,3600.0,1.2,15.55,27.3,Medium
Medical Sales Representative - Alt Sat / No Experience Required (Training Provided),Sales / Retail,24,3150.0,0.041666666666666664,0.5,25.0,Low
Medical Sales Representative / Healthcare Industry / Central,Healthcare / Pharmaceutical,24,4000.0,0.08333333333333333,1.4166666666666667,28.5,Low
Medical Social Worker,Healthcare / Pharmaceutical,45,4150.0,6.266666666666667,68.88888888888889,21.8,High
Medical Social Worker,Social Services,23,3875.0,2.9130434782608696,38.34782608695652,19.0,Medium
"Medical Social Worker (Hospital, Healthcare) #Hvw",Social Services,30,3850.0,0.26666666666666666,5.666666666666667,28.8,Low
Medical Sourcing Executive (Life Science Manufacturing Mnc),Logistics / Supply Chain,34,4000.0,0.058823529411764705,1.7647058823529411,28.7,Low
Medical Technologist,Healthcare / Pharmaceutical,36,3150.0,6.638888888888889,61.19444444444444,18.9,High
Membership Executive,General Management,21,2850.0,0.19047619047619047,11.523809523809524,22.8,Low
"Mep Coordinator (Central, 5.5 Days)",Building and Construction,33,4500.0,0.030303030303030304,1.6363636363636365,29.6,Low
Merchandiser,Purchasing / Merchandising,53,2750.0,2.150943396226415,36.867924528301884,24.1,Medium
Merchandiser,Sales / Retail,30,1750.0,0.7333333333333333,22.433333333333334,23.6,Low
Merchandising Executive,Purchasing / Merchandising,31,3250.0,1.6451612903225807,19.322580645161292,22.4,Medium
Merchandising Executive (Luxury/Sports Retail),Sales / Retail,21,3750.0,0.19047619047619047,13.0,24.5,Low
Micro Lab Technician (Life Science) / West,Sciences / Laboratory / R&D,55,3000.0,0.14545454545454545,1.5818181818181818,29.6,Low
Microbiologist (Life Science),Sciences / Laboratory / R&D,60,4250.0,0.21666666666666667,2.7,32.2,Low
Middleware Engineer,Information Technology,29,6600.0,0.3448275862068966,26.379310344827587,33.1,Low
Mindspace (Primary School) Teacher,Education and Training,20,3550.0,0.8,9.35,21.6,Low
Mindspace Administrator (Islandwide),Admin / Secretarial,32,2100.0,0.78125,11.46875,26.5,Low
Mindspace Assistant Teacher (Islandwide),Education and Training,34,1800.0,0.5294117647058824,11.352941176470589,26.6,Low
Mindspace Student Care Teacher (Islandwide),Education and Training,35,2900.0,2.2857142857142856,20.142857142857142,25.4,Medium
Mixologist,F&B,21,3150.0,0.38095238095238093,13.80952380952381,24.5,Low
Mnc Assistant Engineer / Associate Engineer X2(Production / Manufacturing ) Goodbonus/ ( 0-2 Year Experience) ( Junior / Entry Level /Senior X3 ),Engineering,34,4000.0,3.411764705882353,20.41176470588235,22.5,Medium
Mnc Electrical Engineer / Scada Systems /System Integration / Installation & Testing / Electrical/( Junior / Entry Level / Senior ) X3 Opening,Engineering,63,6500.0,0.9682539682539683,13.793650793650794,35.5,Low
Mnc Electrical Engineers / Project Engineer– Maintenance 66/22/6.6Kv Rtus ( ( Junior / Entry Level / Senior ) X3 Opening),Engineering,52,6500.0,2.1538461538461537,33.07692307692308,31.7,Medium
Mnc Electrical Testing & Commissioning Engineer /Electrical Project Engineer – Protection Systems ( Junior / Entry Level / Senior ) X3 Opening,Engineering,50,6500.0,2.38,25.9,31.1,Medium
Mnc Engineer / Electrical Projects – Protection Systems / ( Junior / Entry Level / Senior ) X3 Opening,Engineering,60,6500.0,1.7166666666666666,22.0,33.5,Medium
"Mnc Software Engineer / Evs, Pqms, Ems Project– ( Junior / Entry Level / Senior ) X3 Opening)",Engineering,49,6500.0,2.857142857142857,37.183673469387756,30.3,Medium
Mnc – Project Engineer / Scada Electrical Engineers – System Integration Engineer/ Electrical Project ( ( Junior / Entry Level / Senior ) X3 Opening),Engineering,66,6500.0,1.0606060606060606,15.272727272727273,35.6,Medium
Mobile App Developer,Information Technology,37,8250.0,1.135135135135135,29.324324324324323,35.4,Medium
Mobile Application Developer,Information Technology,24,8000.0,1.4583333333333333,35.583333333333336,31.9,Medium
Mobile Crane Operator,Building and Construction,35,2900.0,0.45714285714285713,19.571428571428573,26.2,Low
Mobile Developer,Information Technology,26,5875.0,2.6923076923076925,62.80769230769231,25.9,Medium
Molding Maintenance Engineer / Mnc,Engineering,24,5000.0,0.0,0.4583333333333333,28.6,Low
"Monitoring Associate (Cctv, 12Hr Rotating Shift, West)",Engineering,30,2400.0,0.06666666666666667,10.833333333333334,24.9,Low
"Monitoring Associate (Cctv, Shift, West)",Engineering,69,2400.0,0.057971014492753624,3.652173913043478,30.4,Low
Mortgage Loan Advisor (Bank),Banking and Finance,30,4750.0,1.2666666666666666,9.833333333333334,27.4,Medium
Motor Vehicle Mechanic,Engineering,35,3000.0,0.08571428571428572,22.771428571428572,28.7,Low
Motor Vehicle Mechanic,Repair and Maintenance,39,3000.0,0.05128205128205128,13.564102564102564,29.1,Low
Motor Vehicle Spray Painter,Repair and Maintenance,32,3250.0,0.03125,11.625,28.3,Low
Music Teacher,Education and Training,51,3450.0,1.9607843137254901,41.92156862745098,29.2,Medium
Nail Technician,Personal Care / Beauty,59,3750.0,0.01694915254237288,1.3728813559322033,36.5,Low
"Naval Architect (Tuas, Oil & Gas)",Engineering,34,6000.0,0.29411764705882354,17.0,31.4,Low
Ndt Level 3,Engineering,63,7250.0,0.1746031746031746,13.333333333333334,40.4,Low
Ndt Technician,Engineering,72,4250.0,0.25,22.98611111111111,35.7,Low
Network Administrator,Information Technology,29,5750.0,0.3793103448275862,9.793103448275861,31.5,Low
Network Engineer,Consulting,22,5800.0,2.0454545454545454,34.95454545454545,25.1,Medium
Network Engineer,Engineering,262,4500.0,0.6641221374045801,16.03053435114504,42.4,Low
Network Engineer,Information Technology,629,5750.0,1.0461049284578696,24.05723370429253,49.9,Medium
"Network Engineer (Ict, Ccna, East)",Engineering,34,4500.0,1.4705882352941178,23.647058823529413,26.5,Medium
Network Engineer (It Infrastructure / Telecommunications),Engineering,23,5500.0,0.17391304347826086,2.0869565217391304,28.4,Low
Network Engineer (Smu),Engineering,38,3150.0,0.15789473684210525,1.3157894736842106,28.2,Low
Network Engineer - Jurong East,Information Technology,40,5500.0,0.125,3.325,32.3,Low
Network Engineer - Punggol,Information Technology,42,4750.0,0.30952380952380953,3.6904761904761907,32.2,Low
Network Engineer - Voice,Information Technology,50,4000.0,0.08,2.72,31.2,Low
Network Engineer / Senior Network Consultant,Information Technology,104,6000.0,0.3173076923076923,7.701923076923077,41.4,Low
"Network Engineer | $4,000 | 12 Months Contract | Amk | Office Hours With Standby",Information Technology,24,3700.0,0.08333333333333333,0.625,25.8,Low
Network Engineer/Network Security/Cyber Security/It Auditor,Information Technology,43,8000.0,0.20930232558139536,5.023255813953488,38.6,Low
Network Engineers,Banking and Finance,21,4750.0,0.19047619047619047,5.0476190476190474,28.5,Low
Network Operation Engineer,Information Technology,37,5500.0,0.16216216216216217,3.5135135135135136,31.6,Low
Network Operations Engineer,Information Technology,32,6500.0,1.625,32.4375,30.3,Medium
Network Security Engineer,Information Technology,96,6650.0,1.4583333333333333,22.104166666666668,38.2,Medium
Network Solutions Architect,Information Technology,23,7250.0,0.9565217391304348,13.043478260869565,31.0,Low
New Product Development Assistant Manager (Fmcg Mnc),Sciences / Laboratory / R&D,31,4500.0,0.16129032258064516,3.7419354838709675,28.6,Low
Night Shift Chef,F&B,38,3850.0,0.02631578947368421,1.8421052631578947,30.7,Low
Night Shift Supervisor,F&B,25,3850.0,0.08,1.52,27.7,Low
Noc Engineer,Information Technology,37,3250.0,1.6756756756756757,44.351351351351354,24.7,Medium
Npi Engineer (Packaging Manufacturing Mnc) / West,Engineering,32,3750.0,0.0625,0.59375,27.9,Low
Nurse,Healthcare / Pharmaceutical,37,3300.0,1.027027027027027,17.56756756756757,25.6,Medium
Nurse Clinician,Healthcare / Pharmaceutical,71,6500.0,0.6338028169014085,18.901408450704224,38.0,Low
Nurse Clinician ( Care Home),Environment / Health,21,5500.0,0.047619047619047616,11.095238095238095,28.4,Low
Nurse Educator,Healthcare / Pharmaceutical,34,7500.0,1.1764705882352942,29.529411764705884,34.0,Medium
Nurse Manager,Healthcare / Pharmaceutical,61,6750.0,1.8360655737704918,38.14754098360656,34.5,Medium
"Nurse Manager (West, Nursing Home)",Healthcare / Pharmaceutical,44,6500.0,0.13636363636363635,2.772727272727273,34.7,Low
Nurse Trainer ( Office Hours | Mon To Friday),Environment / Health,20,5500.0,1.3,16.85,23.9,Medium
"Nurse Trainer (Healthcare, Up To $4,000)",Education and Training,49,3500.0,0.16326530612244897,6.816326530612245,29.7,Low
Nursing Aide,Healthcare / Pharmaceutical,60,1985.0,0.15,35.43333333333333,31.5,Low
Nursing Aide ( Home Care/ Stay Out),Environment / Health,27,1700.0,0.07407407407407407,19.814814814814813,22.9,Low
Nutritionist,Environment / Health,39,4500.0,1.3846153846153846,24.23076923076923,26.3,Medium
Occupational Therapist,Education and Training,31,4250.0,0.2903225806451613,22.225806451612904,28.3,Low
Occupational Therapist,Healthcare / Pharmaceutical,83,4360.0,0.3493975903614458,16.072289156626507,35.9,Low
Occupational Therapist,Medical / Therapy Services,128,4325.0,0.1484375,9.3828125,38.9,Low
Occupational Therapist,Professional Services,26,4825.0,0.19230769230769232,6.961538461538462,29.3,Low
Occupational Therapist (Ahpc Registered),Healthcare / Pharmaceutical,22,6000.0,0.0,2.5,29.9,Low
Ocean Freight Coordinator (Export) / 3 Months Contract / Global Mnc,Logistics / Supply Chain,30,2350.0,0.0,0.2,25.1,Low
Office Admin,Admin / Secretarial,134,2500.0,21.007462686567163,201.044776119403,20.9,High
Office Admin #65132,Admin / Secretarial,45,2100.0,0.35555555555555557,10.533333333333333,27.9,Low
Office Admin Assistant,Admin / Secretarial,20,2250.0,6.1,79.25,12.7,High
Office Admin Executive,Admin / Secretarial,20,2850.0,13.25,115.1,9.6,High
Office Administrator,Admin / Secretarial,220,2975.0,13.25,103.98181818181818,26.4,High
"Office Administrator, Mnc",Accounting / Auditing / Taxation,425,3000.0,1.2258823529411764,10.435294117647059,39.8,Medium
Office Assistant,Admin / Secretarial,41,2175.0,4.829268292682927,55.926829268292686,17.8,Medium
Office Cleaner,General Work,61,1550.0,0.4262295081967213,30.16393442622951,27.7,Low
Office Cleaner,Others,48,1650.0,1.0,33.9375,24.7,Low
Office Manager,Admin / Secretarial,124,4250.0,22.669354838709676,142.91935483870967,21.3,High
"Officer, Security",Hospitality,26,2500.0,1.4615384615384615,18.423076923076923,19.7,Medium
Online Customer Success Manager (Wfh),Banking and Finance,21,4500.0,0.9047619047619048,18.761904761904763,23.4,Low
Operation Admin,Admin / Secretarial,44,2500.0,4.136363636363637,46.34090909090909,20.0,Medium
Operation Admin Coordinator #65833,Admin / Secretarial,34,2400.0,0.11764705882352941,6.4411764705882355,27.6,Low
Operation Assistant,Admin / Secretarial,27,2500.0,0.5185185185185185,21.40740740740741,23.2,Low
Operation Director,F&B,28,10000.0,1.0,8.428571428571429,36.5,Low
Operation Executive,Admin / Secretarial,71,3000.0,4.71830985915493,46.66197183098591,23.7,Medium
Operation Executive,Building and Construction,166,4500.0,1.2409638554216869,12.210843373493976,38.7,Medium
Operation Executive,Customer Service,106,3100.0,1.7547169811320755,22.556603773584907,30.6,Medium
Operation Executive,General Management,36,3850.0,3.3333333333333335,52.888888888888886,25.1,Medium
Operation Executive,General Work,33,2850.0,1.9696969696969697,19.636363636363637,22.0,Medium
Operation Executive,Logistics / Supply Chain,85,3050.0,2.7294117647058824,31.03529411764706,27.8,Medium
Operation Executive,Others,47,2900.0,2.74468085106383,30.617021276595743,23.2,Medium
Operation Manager,Admin / Secretarial,59,5400.0,4.101694915254237,35.389830508474574,28.2,Medium
Operation Manager,Building and Construction,87,5000.0,5.666666666666667,47.0,27.8,High
Operation Manager,Customer Service,129,4750.0,7.9147286821705425,58.1937984496124,28.9,High
Operation Manager,Engineering,31,6500.0,4.67741935483871,34.0,24.4,Medium
Operation Manager,F&B,156,4875.0,3.9615384615384617,30.596153846153847,33.6,Medium
Operation Manager,General Management,156,6400.0,7.294871794871795,54.28846153846154,34.1,High
Operation Manager,Logistics / Supply Chain,32,6250.0,30.59375,150.875,16.4,High
Operation Manager,Others,32,5000.0,11.0625,73.59375,18.3,High
Operation Manager,Sales / Retail,20,6000.0,4.15,28.1,21.1,Medium
Operation Manager (F&B Industry),General Management,24,5250.0,0.08333333333333333,1.875,28.7,Low
"Operation Manager (Manufacturing/ Oil&Gas/ Precision, West)",Engineering,35,7500.0,3.742857142857143,25.514285714285716,27.5,Medium
Operation Manager - Dishwashing,General Management,25,4000.0,0.36,6.0,26.6,Low
Operation Representative #65765,Logistics / Supply Chain,30,5000.0,0.5666666666666667,6.4,29.8,Low
Operation Supervisor,Building and Construction,22,3800.0,0.9545454545454546,14.818181818181818,23.1,Low
Operation Supervisor,Customer Service,41,3900.0,1.7560975609756098,13.341463414634147,26.6,Medium
Operation Supervisor,Environment / Health,33,3450.0,0.45454545454545453,3.4545454545454546,31.4,Low
Operation Supervisor,F&B,279,3600.0,0.26881720430107525,7.279569892473118,42.9,Low
Operation Supervisor,General Management,34,4050.0,3.3823529411764706,27.41176470588235,22.9,Medium
Operation Supervisor,General Work,65,4250.0,0.6,11.876923076923077,35.1,Low
Operation Supervisor,Logistics / Supply Chain,29,4000.0,1.5517241379310345,28.137931034482758,25.2,Medium
Operation Supervisor,Manufacturing,46,4000.0,0.4782608695652174,5.065217391304348,30.4,Low
Operations & Business Development Intern (Education Business),Admin / Secretarial,133,1150.0,0.07518796992481203,3.7293233082706765,35.2,Low
Operations & Marketing Intern (Education Business),Admin / Secretarial,463,1100.0,0.06047516198704104,2.6306695464362853,43.6,Low
Operations Admin,Admin / Secretarial,42,2625.0,2.5714285714285716,38.642857142857146,21.7,Medium
Operations Admin Executive,Admin / Secretarial,61,2650.0,7.540983606557377,77.78688524590164,19.3,High
Operations Administrator,Admin / Secretarial,32,2825.0,2.5,41.3125,20.5,Medium
Operations Analyst,Banking and Finance,41,4250.0,5.219512195121951,54.609756097560975,22.0,High
Operations Assistant,Admin / Secretarial,64,2400.0,1.125,28.359375,27.0,Medium
Operations Assistant,Customer Service,22,2375.0,6.045454545454546,53.72727272727273,13.6,High
Operations Assistant,F&B,49,7550.0,0.32653061224489793,17.306122448979593,39.4,Low
Operations Assistant,General Work,20,2000.0,0.55,12.95,21.4,Low
Operations Assistant,Logistics / Supply Chain,29,2300.0,4.344827586206897,47.96551724137931,16.8,Medium
Operations Assistant,Repair and Maintenance,32,4100.0,0.5,11.4375,30.0,Low
Operations Assistant,Sales / Retail,22,7550.0,0.4090909090909091,15.363636363636363,34.0,Low
Operations Assistant #65243,F&B,32,2175.0,0.03125,3.21875,27.2,Low
Operations Assistant #65692,Logistics / Supply Chain,22,2250.0,0.0,4.2272727272727275,25.1,Low
Operations Assistant #65705,Logistics / Supply Chain,20,2500.0,0.0,3.15,24.9,Low
"Operations Assistant (Shift, Up To $3,100)",Others,109,2600.0,0.13761467889908258,6.477064220183486,36.2,Low
Operations Assistant (West),Logistics / Supply Chain,61,1900.0,0.01639344262295082,8.475409836065573,28.9,Low
Operations Assistant - Logistics / Mnc #37808A,Logistics / Supply Chain,26,2600.0,0.19230769230769232,16.384615384615383,25.9,Low
Operations Associate,Admin / Secretarial,20,2800.0,1.0,18.35,19.9,Low
"Operations Associate, Transport & Facilities (Residential Care)",Customer Service,22,2000.0,0.2727272727272727,11.727272727272727,21.2,Low
Operations Coordinator,Admin / Secretarial,35,2900.0,4.257142857142857,47.857142857142854,20.1,Medium
Operations Coordinator,Repair and Maintenance,23,4300.0,0.6956521739130435,17.47826086956522,27.2,Low
Operations Coordinator,Sales / Retail,28,7775.0,0.4642857142857143,14.392857142857142,35.7,Low
Operations Director,F&B,52,6500.0,5.153846153846154,33.90384615384615,28.1,High
Operations Director,General Management,20,8500.0,9.2,49.1,21.7,High
Operations Executive,Admin / Secretarial,230,2875.0,3.9695652173913043,45.81739130434783,32.1,Medium
Operations Executive,Building and Construction,47,3250.0,5.1063829787234045,51.808510638297875,21.0,High
Operations Executive,Consulting,20,3250.0,6.1,44.45,17.7,High
Operations Executive,Customer Service,161,3050.0,5.198757763975156,47.18633540372671,29.1,High
Operations Executive,Environment / Health,37,3250.0,4.324324324324325,52.810810810810814,21.6,Medium
Operations Executive,F&B,80,3400.0,3.2125,36.9375,28.6,Medium
Operations Executive,General Management,75,3500.0,9.733333333333333,71.78666666666666,22.7,High
Operations Executive,General Work,73,3000.0,1.9726027397260273,21.726027397260275,27.3,Medium
Operations Executive,Logistics / Supply Chain,271,3250.0,5.206642066420664,48.549815498154985,32.8,High
Operations Executive,Others,124,3450.0,4.395161290322581,41.096774193548384,29.4,Medium
Operations Executive,Security and Investigation,22,3587.5,9.954545454545455,68.86363636363636,13.1,High
Operations Executive #52077,General Management,40,2500.0,0.175,8.15,28.6,Low
Operations Executive (3Pl Logistics Mnc),Customer Service,43,3850.0,0.6046511627906976,5.4186046511627906,27.8,Low
Operations Executive (5 Days/Freight Forwarding/East) #66169,Logistics / Supply Chain,21,2350.0,0.0,5.285714285714286,24.9,Low
"Operations Executive (Bunker, Up To $6,000)",Logistics / Supply Chain,59,5750.0,1.8135593220338984,15.694915254237289,30.4,Medium
"Operations Executive (East, Airfreight, 5.5 Days)",Logistics / Supply Chain,23,3750.0,1.3478260869565217,30.26086956521739,21.5,Medium
"Operations Executive (Flexitank, Up To $5,000)",Logistics / Supply Chain,25,4000.0,0.16,3.08,26.2,Low
Operations Executive (Insurance Mnc) / Central,General Management,20,3750.0,3.0,41.1,17.7,Medium
"Operations Executive (Iso Tank, Up To $5,000)",Logistics / Supply Chain,20,4000.0,0.3,4.3,24.2,Low
Operations Executive (Shipowners/Charterers/Shipbrokers),Logistics / Supply Chain,61,3400.0,1.3114754098360655,16.885245901639344,27.3,Medium
Operations Executive (Shipping) Oil & Gas Mnc,Logistics / Supply Chain,23,4500.0,0.34782608695652173,3.5652173913043477,25.8,Low
Operations Executive F & B (Retail Hours),Marketing / Public Relations,25,3350.0,0.4,9.96,27.1,Low
Operations Liaison Assistant,Customer Service,20,2750.0,0.0,5.75,25.1,Low
Operations Manager,Admin / Secretarial,50,4000.0,2.74,30.42,25.0,Medium
Operations Manager,Banking and Finance,26,7000.0,2.1923076923076925,33.88461538461539,26.8,Medium
Operations Manager,Building and Construction,71,5500.0,7.197183098591549,52.605633802816904,26.2,High
Operations Manager,Consulting,21,6650.0,25.523809523809526,131.71428571428572,13.8,High
Operations Manager,Customer Service,90,5000.0,7.2,47.58888888888889,27.3,High
Operations Manager,Engineering,32,5875.0,3.3125,43.28125,25.7,Medium
Operations Manager,Environment / Health,26,4400.0,14.73076923076923,100.8076923076923,14.2,High
Operations Manager,F&B,127,5000.0,6.7637795275590555,52.70866141732284,30.5,High
Operations Manager,General Management,144,4450.0,11.256944444444445,77.56944444444444,26.7,High
Operations Manager,General Work,21,4600.0,15.047619047619047,73.33333333333333,13.7,High
Operations Manager,Information Technology,48,7000.0,2.2916666666666665,26.645833333333332,31.0,Medium
Operations Manager,Logistics / Supply Chain,103,6500.0,6.087378640776699,47.019417475728154,31.5,High
Operations Manager,Others,54,6000.0,9.425925925925926,74.12962962962963,24.4,High
Operations Manager,Sales / Retail,20,4200.0,11.4,77.0,13.8,High
Operations Manager (Airfreight) #65254,Logistics / Supply Chain,35,4500.0,0.22857142857142856,3.742857142857143,31.2,Low
Operations Manager (Amusement Park),Hospitality,26,6000.0,1.3846153846153846,9.038461538461538,26.4,Medium
Operations Manager (Construction),Building and Construction,31,5000.0,1.7741935483870968,15.290322580645162,25.8,Medium
"Operations Manager (Marine Supplier, Tuas)",Others,26,4350.0,0.11538461538461539,3.1923076923076925,27.4,Low
"Operations Manager (Metal Manufacturer, Up To $5,000)",Manufacturing,27,4750.0,1.2962962962962963,24.77777777777778,24.5,Medium
"Operations Officer (Marine, Up To $2,800)",Logistics / Supply Chain,25,2650.0,0.12,1.6,23.9,Low
Operations Specialist (Medical Industry),Logistics / Supply Chain,27,3600.0,0.3333333333333333,3.4074074074074074,25.3,Low
Operations Supervisor,Building and Construction,30,3775.0,1.2333333333333334,19.466666666666665,25.5,Medium
Operations Supervisor,Customer Service,86,3750.0,1.2674418604651163,16.523255813953487,32.1,Medium
Operations Supervisor,Environment / Health,96,3450.0,0.5833333333333334,10.65625,38.6,Low
Operations Supervisor,F&B,249,3800.0,0.8755020080321285,16.610441767068274,40.5,Low
Operations Supervisor,General Management,42,3750.0,4.190476190476191,35.023809523809526,23.2,Medium
Operations Supervisor,General Work,39,3750.0,1.1282051282051282,16.615384615384617,28.4,Medium
Operations Supervisor,Logistics / Supply Chain,88,4000.0,5.011363636363637,33.04545454545455,27.4,High
Operations Supervisor,Manufacturing,88,3800.0,1.3863636363636365,18.897727272727273,32.1,Medium
Operations Supervisor,Others,213,4000.0,1.0657276995305165,15.629107981220658,39.4,Medium
Operations Supervisor,Sales / Retail,22,3925.0,2.9545454545454546,27.954545454545453,20.6,Medium
Operations Supervisor,Wholesale Trade,23,4000.0,1.5217391304347827,15.478260869565217,23.3,Medium
"Operations Supervisor (Iso Tank, Up To $7,000)",Logistics / Supply Chain,24,6000.0,0.125,2.4166666666666665,29.9,Low
"Operations Supervisor (Material Handling, Workshop) / Automotive Mnc / West",Engineering,23,4500.0,0.13043478260869565,0.6956521739130435,26.8,Low
Operations Support Executive,Marketing / Public Relations,25,3250.0,1.56,17.92,25.9,Medium
Operations Team Lead (1 Year Renewable Contract) Logistics Mnc,Logistics / Supply Chain,39,3100.0,0.02564102564102564,2.2564102564102564,28.1,Low
Operator,Logistics / Supply Chain,27,1100.0,0.037037037037037035,6.62962962962963,23.0,Low
Operator,Manufacturing,23,1800.0,1.0,77.47826086956522,21.0,Low
Optician,Sales / Retail,21,4000.0,1.0,27.238095238095237,25.3,Low
"Optics Engineer (East, Up To $8,000)",Design,108,6000.0,0.07407407407407407,3.740740740740741,40.1,Low
Optometrist,Healthcare / Pharmaceutical,47,3950.0,0.19148936170212766,20.382978723404257,31.1,Low
Optometrist,Sales / Retail,21,4750.0,0.23809523809523808,22.142857142857142,29.3,Low
Optometrist #65218,Medical / Therapy Services,48,3750.0,0.0,2.1666666666666665,33.0,Low
Optometrist (Clinic Specialist),Healthcare / Pharmaceutical,91,4500.0,0.02197802197802198,6.758241758241758,36.4,Low
Optometrist (Contact Lens Retail Outlet)/ Centre,Medical / Therapy Services,100,3250.0,0.0,2.6,34.8,Low
Optometrist (Retail),Healthcare / Pharmaceutical,77,3500.0,0.0,3.3636363636363638,33.5,Low
Oracle Database Administrator,Information Technology,29,7500.0,0.4827586206896552,23.03448275862069,34.5,Low
Oracle Dba,Information Technology,27,7750.0,1.2592592592592593,30.037037037037038,32.1,Medium
"Order Processing Executive (Commonwealth, Up To $2,800)",Admin / Secretarial,33,2650.0,0.09090909090909091,2.515151515151515,25.9,Low
Outdoor Sales Engineer,Engineering,31,3250.0,0.06451612903225806,4.225806451612903,26.7,Low
Outdoor Sales Engineer,Sales / Retail,23,3250.0,0.13043478260869565,3.9130434782608696,24.4,Low
Outdoor Sales Engineer (Optics Mnc),Sales / Retail,28,3400.0,0.21428571428571427,19.535714285714285,25.6,Low
Outdoor Sales Executive,Sales / Retail,149,2300.0,0.28859060402684567,8.919463087248323,35.3,Low
Outdoor Sales Executive #65636,Sales / Retail,27,3500.0,0.07407407407407407,2.2962962962962963,28.3,Low
Outdoor Sales Executive #65828,Sales / Retail,45,2400.0,0.15555555555555556,4.066666666666666,29.3,Low
Outdoor Sales Executive (Pet Retail) #64829,Sales / Retail,20,4250.0,0.5,13.2,26.0,Low
Outdoor Sales Executive - 5 Days #64829,Sales / Retail,51,3750.0,0.3333333333333333,6.098039215686274,31.9,Low
Outdoor Sales Representative (Chemical Manufacturer),Marketing / Public Relations,26,2100.0,0.0,7.384615384615385,23.7,Low
Outlet Manager,Customer Service,59,4000.0,1.0847457627118644,10.135593220338983,29.7,Medium
Outlet Manager,F&B,270,3325.0,0.7851851851851852,10.766666666666667,40.8,Low
Outlet Manager #66113,General Management,21,3500.0,0.0,3.7142857142857144,27.1,Low
Outlet Manager/Senior Outlet Manager,F&B,46,4000.0,0.45652173913043476,8.130434782608695,30.5,Low
Outlet Staff #65812,F&B,43,1530.0,0.023255813953488372,6.488372093023256,28.0,Low
Outlet Supervisor,Customer Service,43,3000.0,0.046511627906976744,4.27906976744186,30.5,Low
Outlet Supervisor,F&B,36,3050.0,0.3055555555555556,11.916666666666666,28.1,Low
Outsourcing Accounting Manager (Gptw Certified Company) #64430,Accounting / Auditing / Taxation,34,7350.0,0.47058823529411764,7.147058823529412,35.4,Low
Outsystems Developer,Information Technology,45,7000.0,0.4888888888888889,10.266666666666667,37.4,Low
Packer,Manufacturing,27,1750.0,3.2222222222222223,143.07407407407408,17.9,Medium
"Paid Media Specialist (E-Commerce, Fashion/Apparel)",Advertising / Media,25,7000.0,0.08,1.96,32.2,Low
Panel Beater (Automotive Industry),Repair and Maintenance,32,3300.0,0.0,2.15625,27.3,Low
Paralegal,Admin / Secretarial,45,3200.0,2.6222222222222222,34.08888888888889,22.8,Medium
Paralegal,Legal,107,3400.0,3.953271028037383,45.88785046728972,27.5,Medium
Part Time Physiotherapist ( Island Wide ) #Hvn,Consulting,20,2500.0,0.0,2.0,26.2,Low
Part-Time Cleaner #65949,General Work,36,1399.5,0.027777777777777776,8.777777777777779,26.6,Low
Partner,Consulting,37,13000.0,2.4594594594594597,20.56756756756757,40.8,Medium
Parts Administrative Executive ( Parts Admin / Sales Coordinator /Raise Po ),Accounting / Auditing / Taxation,49,4000.0,8.83673469387755,59.857142857142854,20.6,High
Passionate Home Tutors Needed In Singapore!,Education and Training,26,3000.0,0.7692307692307693,12.884615384615385,31.4,Low
Pastry Assistant/Sous Chef,Customer Service,24,2500.0,0.16666666666666666,13.208333333333334,24.5,Low
Pastry Chef,F&B,225,3750.0,1.1066666666666667,27.626666666666665,38.7,Medium
Pastry Chef,General Work,53,3750.0,0.1509433962264151,4.245283018867925,32.1,Low
Pastry Cook,F&B,30,2200.0,0.4,22.2,24.6,Low
Pastry Sous Chef,F&B,44,3425.0,0.8409090909090909,19.09090909090909,28.6,Low
Patient Service Associate,Admin / Secretarial,40,2400.0,3.4,28.575,22.0,Medium
Patient Service Associate,Customer Service,33,2250.0,14.363636363636363,119.63636363636364,16.2,High
Patient Service Associate,Healthcare / Pharmaceutical,22,2475.0,11.272727272727273,79.63636363636364,11.7,High
Patient Service Associate/Healthcare/Office Hours/ Immediate,Customer Service,20,2750.0,0.8,14.05,20.1,Low
Payroll Executive,Accounting / Auditing / Taxation,57,3400.0,2.5789473684210527,29.894736842105264,25.2,Medium
Payroll Executive,Admin / Secretarial,20,3200.0,2.3,28.8,18.5,Medium
Payroll Executive,Human Resources,41,3300.0,2.8048780487804876,31.5609756097561,22.3,Medium
Payroll Executive #Hdt - West,Accounting / Auditing / Taxation,20,4000.0,0.55,7.7,25.4,Low
"Payroll Executive (F&B, Up To $3,400)",Accounting / Auditing / Taxation,34,3200.0,0.38235294117647056,15.088235294117647,25.8,Low
Payroll Manager,Accounting / Auditing / Taxation,27,5750.0,3.740740740740741,31.22222222222222,22.6,Medium
"Payroll Manager (F&B/Retail, Timesoft)",Accounting / Auditing / Taxation,22,5000.0,0.6363636363636364,10.863636363636363,25.4,Low
"Payroll Officer (Marine, Sage Easypay)",Accounting / Auditing / Taxation,34,2650.0,0.08823529411764706,10.382352941176471,26.1,Low
Payroll Specialist,Accounting / Auditing / Taxation,29,3600.0,2.793103448275862,39.3448275862069,20.7,Medium
Payroll Specialist,Human Resources,29,4750.0,1.6551724137931034,29.482758620689655,24.3,Medium
Payroll Specialist (Mnc) Maternity Cover,Human Resources,54,3850.0,0.0,0.5925925925925926,31.8,Low
Payroll Specialists,Accounting / Auditing / Taxation,23,3500.0,0.21739130434782608,7.304347826086956,25.8,Low
Pc Refresh Technician,Information Technology,36,3225.0,0.08333333333333333,3.0833333333333335,27.5,Low
Pega Application Developer | Contract,Information Technology,21,9000.0,0.09523809523809523,4.476190476190476,35.5,Low
Pega Developer,Information Technology,41,8250.0,0.14634146341463414,5.536585365853658,39.3,Low
Performance Marketing Specialist,Advertising / Media,64,2900.0,0.171875,1.78125,31.6,Low
Performance Test Lead,Information Technology,24,7250.0,0.20833333333333334,5.416666666666667,35.3,Low
Performance Tester,Information Technology,26,7000.0,0.7692307692307693,30.884615384615383,31.4,Low
Performing Artiste,Customer Service,93,3925.0,0.24731182795698925,7.774193548387097,36.0,Low
Performing Artiste,Entertainment,135,4150.0,0.4740740740740741,12.807407407407407,39.2,Low
Performing Artiste Manager,Customer Service,66,4100.0,0.7121212121212122,15.151515151515152,32.7,Low
Performing Artiste Manager,Entertainment,154,4500.0,0.33116883116883117,8.811688311688311,40.3,Low
Performing Artiste Manager– Night Clubs,Entertainment,20,8750.0,0.75,15.2,34.5,Low
Performing Artiste – Night Clubs,Entertainment,28,4500.0,0.35714285714285715,14.75,30.1,Low
Permanent Part Time Administrator,Admin / Secretarial,29,1800.0,18.75862068965517,159.3448275862069,9.3,High
Personal Assistant,Accounting / Auditing / Taxation,20,2750.0,1.65,26.3,18.4,Medium
Personal Assistant,Admin / Secretarial,634,3250.0,5.94794952681388,50.435331230283914,37.2,High
Personal Assistant (Logistics) #65579,Logistics / Supply Chain,21,2600.0,0.09523809523809523,3.0952380952380953,24.9,Low
Personal Assistant / Office (No Need Experience),Accounting / Auditing / Taxation,423,3150.0,1.198581560283688,12.66903073286052,40.1,Medium
Personal Assistant To Ceo,Admin / Secretarial,40,4250.0,12.35,76.675,17.0,High
Personal Assistant To Director,Admin / Secretarial,23,4400.0,15.869565217391305,127.47826086956522,12.9,High
Personal Banker,Banking and Finance,28,3525.0,0.2857142857142857,8.714285714285714,27.9,Low
Personal Banker (Perm)/ Banks / Up To S$3.5K Basic / Islandwide,Banking and Finance,23,3750.0,0.391304347826087,12.826086956521738,26.4,Low
"Personal Banker (Wealth Management/Salary Up To $5,200) | Code:Gl",Banking and Finance,122,4250.0,0.2540983606557377,10.655737704918034,38.1,Low
Personal Driver,Admin / Secretarial,20,3450.0,19.85,165.5,8.4,High
Personal Driver,Customer Service,27,3100.0,8.37037037037037,79.14814814814815,14.3,High
Personal Driver,General Work,95,3250.0,9.863157894736842,89.92631578947369,22.0,High
Personal Driver,Others,109,3000.0,13.770642201834862,115.1743119266055,21.0,High
"Personal Financial Consultant (Salary Up To $4,500/Bank Branch) | Code:Gl",Banking and Finance,20,4000.0,0.3,31.6,28.7,Low
Personal Financial Consultant (Salary Up To $5K + Commission) | Code:Gl,Banking and Finance,60,4000.0,0.016666666666666666,3.0833333333333335,37.2,Low
"Personal Wealth Associate (Banking/Up To $5,500) - Code: Gl",Banking and Finance,55,4400.0,0.07272727272727272,2.4363636363636365,32.6,Low
"Personal Wealth Manager (Banking/Up To $5,200) - Code: Gl",Banking and Finance,26,4250.0,0.5769230769230769,28.192307692307693,25.3,Low
Pest Control Technician,Environment / Health,40,2037.5,1.575,26.05,24.4,Medium
Pest Control Technician,Others,20,2500.0,1.3,28.85,20.0,Medium
Pest Control Technician #66127,Environment / Health,25,2400.0,0.08,4.32,25.8,Low
Pharmaceutical Sales Executive,Customer Service,20,4000.0,1.15,18.9,23.5,Medium
Pharmaceutical Sales Representative ( Entry Level ) #Hvn,Advertising / Media,24,3500.0,0.125,2.3333333333333335,28.1,Low
Pharmacist,Healthcare / Pharmaceutical,90,4500.0,0.7444444444444445,26.377777777777776,37.5,Low
Pharmacy Assistant,Healthcare / Pharmaceutical,36,2200.0,13.972222222222221,123.27777777777777,13.8,High
"Pharmacy Assistant Intern (3 Months, No Experience Needed, Healthcare) #Hvw",Healthcare / Pharmaceutical,28,1400.0,0.14285714285714285,2.5,23.6,Low
Pharmacy Technician,Healthcare / Pharmaceutical,146,2800.0,2.952054794520548,57.75342465753425,32.7,Medium
"Pharmacy Technician (Healthcare, Office Hrs, No Experience Needed) #Hvw",Healthcare / Pharmaceutical,37,3250.0,0.1891891891891892,4.1891891891891895,28.6,Low
Phlebotomist,Healthcare / Pharmaceutical,31,2650.0,6.387096774193548,85.35483870967742,17.4,High
Physician,Healthcare / Pharmaceutical,24,3750.0,0.0,5.458333333333333,27.6,Low
Physician Aide,Healthcare / Pharmaceutical,21,3500.0,0.047619047619047616,4.190476190476191,26.0,Low
Physician Assistant,Healthcare / Pharmaceutical,29,3700.0,0.034482758620689655,7.448275862068965,29.7,Low
Physics Teacher,Education and Training,20,4500.0,1.6,39.8,22.2,Medium
Physiotherapist,Environment / Health,42,9000.0,0.38095238095238093,24.0,39.5,Low
Physiotherapist,Healthcare / Pharmaceutical,154,5000.0,0.6038961038961039,21.571428571428573,39.8,Low
Physiotherapist,Medical / Therapy Services,58,4000.0,0.6206896551724138,23.20689655172414,30.9,Low
Physiotherapy Aide,Personal Care / Beauty,47,4000.0,0.10638297872340426,10.617021276595745,34.4,Low
Piano Teacher,Education and Training,54,3275.0,0.6666666666666666,23.22222222222222,29.9,Low
Pipe Fitter #64436,Repair and Maintenance,69,2100.0,0.0,10.028985507246377,32.3,Low
Piping Design Engineer,Building and Construction,31,4500.0,0.1935483870967742,8.225806451612904,29.9,Low
Piping Engineer,Engineering,49,5000.0,0.9591836734693877,28.979591836734695,30.5,Low
Piping Engineer/Water Treatment Mnc / South,Engineering,133,5250.0,0.3007518796992481,15.052631578947368,39.0,Low
Piping Engineer/Water Treatment Mnc/ South (1 Year Renewable Contract),Engineering,130,5250.0,0.11538461538461539,12.8,39.7,Low
Piping Supervisor,Building and Construction,29,4400.0,2.8620689655172415,76.0,22.9,Medium
Piping Supervisor,Engineering,32,4250.0,9.0,76.09375,17.4,High
Planner,Building and Construction,22,4250.0,2.1363636363636362,41.68181818181818,20.8,Medium
Planner,Engineering,23,4250.0,3.347826086956522,43.08695652173913,21.8,Medium
Planner,Logistics / Supply Chain,29,3150.0,1.0,16.06896551724138,23.5,Low
Planning Assistant (Production) / Manufacturing Mnc / West,Logistics / Supply Chain,37,3050.0,0.0,0.6756756756756757,27.8,Low
Planning Coordinator / Pharmaceutical Mnc (9 Months Contract),Healthcare / Pharmaceutical,32,4250.0,1.34375,18.875,24.6,Medium
Planning Engineer,Building and Construction,203,5000.0,0.8522167487684729,22.497536945812808,40.9,Low
Planning Engineer,Engineering,30,4250.0,1.4,48.9,25.2,Medium
Planning Manager,Building and Construction,23,7500.0,1.9565217391304348,24.217391304347824,28.8,Medium
Planning Manager (Lta),Building and Construction,49,7500.0,0.6326530612244898,11.959183673469388,35.4,Low
Planning Officer (Fmcg) West,Logistics / Supply Chain,55,4000.0,0.03636363636363636,0.9272727272727272,32.0,Low
Plant Technician (Aws/ Bonus/ Allowance/ Ot Pay) #65913,Repair and Maintenance,33,2350.0,0.06060606060606061,4.484848484848484,27.6,Low
Plasterer,Building and Construction,81,3900.0,0.0,7.9753086419753085,36.9,Low
Platform Engineer,Engineering,37,5000.0,0.2702702702702703,6.594594594594595,32.3,Low
Platform Engineer,Information Technology,52,8250.0,0.5192307692307693,8.634615384615385,39.4,Low
"Plating Chemist (Chemical, Manufacturing, Electronics/ West)",Engineering,34,3250.0,0.6176470588235294,17.205882352941178,27.2,Low
"Plating Engineer (Manufacturing, Electronics, Process/ West)",Engineering,35,4250.0,0.37142857142857144,13.82857142857143,29.4,Low
"Plating Process Engineer (Manufacturing, Electronics, Process/ West)",Engineering,35,4250.0,0.6285714285714286,13.942857142857143,28.4,Low
Plumber,Building and Construction,37,3800.0,0.7567567567567568,58.24324324324324,27.5,Low
Pmo Analyst,Information Technology,36,4750.0,0.6666666666666666,8.88888888888889,30.2,Low
Pmo Manager/Senior Manager (Central/5 Days) #64839,General Management,31,9250.0,3.7096774193548385,27.0,32.1,Medium
Pmo Practitioner - Contract = 12 Months,Information Technology,20,3750.0,0.1,8.15,24.6,Low
Podiatrist,Healthcare / Pharmaceutical,31,4500.0,0.06451612903225806,11.35483870967742,30.6,Low
Policy Processing Executive,Admin / Secretarial,24,2750.0,1.6666666666666667,27.375,19.2,Medium
Portfolio Manager,Banking and Finance,54,18000.0,12.75925925925926,128.24074074074073,45.4,High
"Postfix Assistant Manager (Dry Bulk, Softmar, Up To $10,000)",Others,24,8500.0,0.041666666666666664,0.7916666666666666,34.9,Low
"Pqs Engineer (Manufacturing, West)",Engineering,35,3750.0,0.2571428571428571,12.485714285714286,29.7,Low
Pr Executive,Marketing / Public Relations,24,3650.0,1.1666666666666667,17.833333333333332,22.1,Medium
Pr Manager,Marketing / Public Relations,26,3650.0,0.3076923076923077,10.115384615384615,25.4,Low
Pre-School Teacher,Education and Training,81,3300.0,0.8888888888888888,22.37037037037037,32.0,Low
Presale Engineer (Ict Infrastructure)/ It Consultant,Information Technology,31,8000.0,0.25806451612903225,4.935483870967742,36.0,Low
Presale Technical Consultant (Network & Security),Information Technology,68,9000.0,0.3235294117647059,9.308823529411764,42.8,Low
Presales Consultant,Information Technology,21,6500.0,0.8095238095238095,15.666666666666666,28.1,Low
Presales Engineer (It Network/Cybersecurity),Consulting,126,4750.0,0.4126984126984127,7.801587301587301,37.3,Low
Presales Solution Architect,Information Technology,24,6250.0,0.5,14.666666666666666,28.9,Low
Preschool / Infant Educator,Education and Training,68,3750.0,0.029411764705882353,1.5,33.7,Low
Preschool Administrator,Admin / Secretarial,34,2700.0,3.176470588235294,32.44117647058823,19.3,Medium
Preschool Assistant Teacher,Education and Training,51,2000.0,3.196078431372549,44.21568627450981,21.9,Medium
Preschool Assistant Teacher (Islandwide),Education and Training,160,1950.0,0.41875,9.1,38.2,Low
Preschool Assistant Teacher (Temp),Education and Training,35,1750.0,0.6285714285714286,15.6,26.4,Low
Preschool Centre Manager (Decce-L) - 2323,Education and Training,26,5000.0,0.0,0.9230769230769231,29.1,Low
Preschool Chinese Teacher,Education and Training,48,3200.0,0.4791666666666667,13.708333333333334,28.9,Low
Preschool Chinese Teacher (L2) #65912,Education and Training,21,3400.0,0.047619047619047616,2.0476190476190474,26.6,Low
Preschool Chinese Teacher 华文幼儿教师,Education and Training,31,4150.0,0.06451612903225806,2.903225806451613,28.4,Low
Preschool Cleaner,General Work,21,1700.0,0.5238095238095238,20.095238095238095,20.7,Low
Preschool Cleaner/ Cook (Islandwide),Education and Training,30,1550.0,0.4,14.966666666666667,26.4,Low
Preschool Educator,Education and Training,184,3600.0,0.5869565217391305,13.793478260869565,40.6,Low
Preschool English Teacher,Education and Training,130,3350.0,0.8769230769230769,23.16923076923077,34.5,Low
Preschool English Teacher #65657,Education and Training,24,2150.0,0.0,4.333333333333333,25.4,Low
Preschool English Teacher #66124,Education and Training,25,3150.0,0.08,4.84,27.2,Low
Preschool English Teacher (L2) #65656,Education and Training,21,3400.0,0.0,2.380952380952381,26.9,Low
Preschool Enrichment Teacher (Islandwide),Education and Training,142,3200.0,0.1056338028169014,5.126760563380282,41.1,Low
Preschool Language Teacher,Education and Training,70,3725.0,0.6285714285714286,9.528571428571428,36.2,Low
Preschool Language Teacher (Full Time/Part-Time/No Exp Req) #64404,Education and Training,39,1750.0,0.46153846153846156,14.717948717948717,25.9,Low
Preschool Mandarin Teacher (L2) #65729,Education and Training,27,3500.0,0.07407407407407407,2.7777777777777777,28.3,Low
Preschool Music Teacher,Education and Training,30,3200.0,0.8333333333333334,19.266666666666666,24.3,Low
Preschool Music Teacher (Islandwide),Education and Training,103,3200.0,0.3300970873786408,7.233009708737864,37.9,Low
Preschool Music Teachers (Islandwide),Education and Training,71,3200.0,0.19718309859154928,6.183098591549296,36.0,Low
Preschool Principal,Education and Training,106,5275.0,0.9811320754716981,11.349056603773585,37.0,Low
"Preschool Principal (Adecl, 5.5 Days)",Education and Training,81,6000.0,0.12345679012345678,1.7901234567901234,37.9,Low
Preschool Reading & Writing Teacher (Islandwide),Education and Training,52,3200.0,0.25,6.576923076923077,33.7,Low
Preschool Reading And Writing Teacher (Islandwide),Education and Training,123,3200.0,0.3821138211382114,7.260162601626016,38.9,Low
Preschool Relief Teacher,Education and Training,38,2600.0,0.15789473684210525,4.157894736842105,26.8,Low
Preschool Teacher,Education and Training,542,3350.0,1.2066420664206643,22.03321033210332,48.5,Medium
Preschool Teacher #64701,Education and Training,21,2500.0,0.14285714285714285,3.2857142857142856,24.5,Low
Preschool Teacher (5 Days/Pasir Panjang/Orchard) #64861,Education and Training,51,3100.0,0.11764705882352941,5.803921568627451,31.6,Low
Preschool Teacher (Chinese Language),Education and Training,61,3350.0,0.6065573770491803,19.540983606557376,34.3,Low
Preschool Teacher (Decce-T),Education and Training,42,3150.0,0.07142857142857142,5.809523809523809,28.5,Low
Preschool Teacher (English / Chinese Language),Education and Training,29,3500.0,0.13793103448275862,3.4482758620689653,26.4,Low
Preschool Teacher (English / Chinese),Education and Training,23,3300.0,0.21739130434782608,10.565217391304348,25.1,Low
Preschool Teacher (English Language),Education and Training,44,3650.0,2.1363636363636362,25.522727272727273,31.0,Medium
Preschool Teacher (English),Education and Training,39,3450.0,3.8974358974358974,43.58974358974359,22.4,Medium
Preschool Teacher (English/Chinese Language),Education and Training,58,3500.0,0.06896551724137931,3.2241379310344827,32.1,Low
Preschool Teacher (English/Chinese),Education and Training,43,3500.0,0.8372093023255814,23.976744186046513,27.2,Low
"Preschool Teacher (Fecce,Acey,Hcic,L1,L2 ) - 2323",Education and Training,64,3000.0,0.0625,1.390625,32.4,Low
Preschool Teacher (International School) #65831,Education and Training,44,2750.0,0.06818181818181818,5.068181818181818,30.2,Low
Preschool Teacher (Malay Language),Education and Training,21,3750.0,0.6190476190476191,16.095238095238095,25.2,Low
Preschool Teachers (English) #Skl,Education and Training,21,3650.0,0.23809523809523808,14.0,31.8,Low
Preschool Teachers (English/Chinese) (Islandwide),Education and Training,68,3250.0,0.23529411764705882,6.102941176470588,35.6,Low
Preschool Teachers (English/Chinese/Islandwide),Education and Training,74,3250.0,0.33783783783783783,6.675675675675675,35.7,Low
Preschool Teachers Hcic/Acey/L1/L2 #Yz,Education and Training,27,4100.0,0.0,1.1481481481481481,32.2,Low
Preschool Trainee Teacher,Education and Training,21,2550.0,1.0952380952380953,13.380952380952381,23.2,Medium
Preventive Maintenance Technician,F&B,31,3750.0,2.935483870967742,57.225806451612904,23.8,Medium
"Pri 3. English, Maths, Science, Chinese.(Tuitions)",Education and Training,41,1250.0,0.0975609756097561,4.048780487804878,24.7,Low
Pricing Analyst (Shipping Mnc),Accounting / Auditing / Taxation,22,4150.0,0.09090909090909091,1.1363636363636365,26.0,Low
Primary/ Secondary Teacher (International School) #65832,Education and Training,45,3000.0,0.28888888888888886,6.4,29.8,Low
Prime Mover Driver,Logistics / Supply Chain,359,3850.0,0.37604456824512533,20.94707520891365,45.8,Low
Prime Mover Driver #62594,Logistics / Supply Chain,39,3600.0,0.0,6.17948717948718,31.3,Low
Prime Mover Driver #65233,Logistics / Supply Chain,56,3500.0,0.0,2.4285714285714284,33.6,Low
Prime Mover Driver #65791,Logistics / Supply Chain,37,3900.0,0.02702702702702703,2.7027027027027026,31.4,Low
Prime Mover Driver #65885,Logistics / Supply Chain,40,3250.0,0.025,3.125,30.7,Low
Prime Mover Driver #66140,Logistics / Supply Chain,24,3000.0,0.041666666666666664,4.083333333333333,26.8,Low
Prime Mover Driver #66148,Logistics / Supply Chain,24,3900.0,0.041666666666666664,4.083333333333333,28.5,Low
Prime Mover Driver #66164,Logistics / Supply Chain,21,3150.0,0.0,4.142857142857143,26.4,Low
Prime Mover Driver (Class 4) #66177,Logistics / Supply Chain,21,4000.0,0.0,5.380952380952381,28.0,Low
"Prime Mover Driver - Salary Up To $5,000 #62587",Logistics / Supply Chain,74,4250.0,0.04054054054054054,6.608108108108108,36.6,Low
Principal,Consulting,38,9000.0,1.105263157894737,11.736842105263158,36.1,Medium
Principal,Education and Training,42,6150.0,1.3095238095238095,13.952380952380953,32.2,Medium
Principal Consultant,Banking and Finance,26,8500.0,1.3846153846153846,21.307692307692307,33.1,Medium
Principal Consultant,Consulting,25,9000.0,1.08,16.4,34.4,Medium
Principal Consultant,Human Resources,27,7400.0,0.48148148148148145,9.407407407407407,33.3,Low
Principal Consultant,Information Technology,85,9000.0,0.38823529411764707,9.529411764705882,45.6,Low
Principal Resident Engineer/ Water Treatment Mnc (2 Years Contract),Building and Construction,43,9500.0,0.20930232558139536,7.604651162790698,39.8,Low
Printer Technician (5 Days) #65706,Repair and Maintenance,29,2200.0,0.06896551724137931,4.655172413793103,26.4,Low
Private Banker,Banking and Finance,42,12500.0,0.6428571428571429,5.928571428571429,44.9,Low
Private Tutor,Education and Training,30,4750.0,2.5,27.4,23.9,Medium
Process Coordinator (Admin) #65149,Admin / Secretarial,32,2100.0,0.125,4.40625,26.6,Low
Process Engineer,Building and Construction,20,5250.0,1.35,22.2,25.2,Medium
Process Engineer,Engineering,257,5000.0,10.941634241245136,93.6420233463035,32.6,High
Process Engineer,Manufacturing,34,4400.0,7.588235294117647,76.05882352941177,19.0,High
Process Engineer (Based In Overseas) / Manufacturing Mnc,Engineering,23,4500.0,0.4782608695652174,5.0,25.3,Low
"Process Engineer (Electronics/ Semiconductor/ Manufacturing, East)",Engineering,35,3750.0,3.2,25.742857142857144,23.3,Medium
Process Engineer (Oil & Gas Plant),Engineering,77,7000.0,0.2727272727272727,2.4155844155844157,38.8,Low
"Process Engineer (West, Petrochemical/Chemical)",Engineering,38,5500.0,0.6052631578947368,10.0,30.0,Low
Process Engineer (Work In Vietnam/Indonesia) #65171,Engineering,24,4000.0,0.3333333333333333,5.5,27.4,Low
Process Engineer / Medical Devices (North),Engineering,46,3750.0,2.608695652173913,27.195652173913043,23.7,Medium
Process Engineer / Mnc (Molding),Engineering,177,3500.0,0.5649717514124294,4.581920903954802,36.7,Low
Process Engineer / Water Treatment Mnc / 1 Year Contract / South,Engineering,62,5500.0,0.0,0.7741935483870968,35.8,Low
Process Engineer Lead (Injection Moulding) #66199,Engineering,20,7250.0,0.4,7.95,31.9,Low
Process Operations Engineer / Environmental Mnc / West,Engineering,20,3950.0,0.25,2.9,24.3,Low
Process Safety Engineer,Engineering,21,6875.0,4.238095238095238,51.38095238095238,22.8,Medium
Process Technician,Engineering,33,3250.0,8.181818181818182,73.78787878787878,17.8,High
Process Technician,Manufacturing,73,3075.0,16.21917808219178,141.34246575342465,19.0,High
Process Technician (5 Days) #65087,Repair and Maintenance,58,1950.0,0.2413793103448276,6.672413793103448,29.8,Low
"Process Technician / Pharmaceuticals Mnc / West (Shift Hours, 1 Year Contract, Convertible)",Engineering,28,3150.0,0.14285714285714285,2.5357142857142856,25.5,Low
Processing Officers,Admin / Secretarial,31,1950.0,0.1935483870967742,8.193548387096774,26.3,Low
Procurement Admin,Admin / Secretarial,22,2925.0,2.727272727272727,43.04545454545455,18.8,Medium
Procurement Admin (Marine/Logistics),Admin / Secretarial,60,2650.0,0.45,10.7,28.3,Low
Procurement Admin - Contract Management (Global Mnc),Admin / Secretarial,94,3000.0,0.0851063829787234,0.9787234042553191,33.5,Low
Procurement Admin / Sap / 1 Year Contract / Global Mnc,Logistics / Supply Chain,42,2200.0,0.09523809523809523,2.9523809523809526,26.6,Low
Procurement Administrator,Purchasing / Merchandising,25,2850.0,0.24,3.84,24.0,Low
Procurement And Logistics Executive #65206,Logistics / Supply Chain,61,3150.0,0.3114754098360656,6.229508196721311,32.0,Low
Procurement Assistant,Admin / Secretarial,36,2500.0,0.8888888888888888,16.5,23.8,Low
Procurement Assistant,Purchasing / Merchandising,47,2500.0,1.2765957446808511,29.4468085106383,25.0,Medium
Procurement Assistant / Sap / 1 Year Contract / Global Mnc,Logistics / Supply Chain,112,2200.0,0.10714285714285714,7.330357142857143,33.1,Low
Procurement Engineer,Engineering,45,4500.0,1.2666666666666666,17.0,27.7,Medium
Procurement Engineer / 1 Year Contract / Oil & Gas Mnc / Central,Logistics / Supply Chain,164,5250.0,0.21341463414634146,1.9573170731707317,40.8,Low
Procurement Engineer / Oil & Gas Mnc / South,Logistics / Supply Chain,71,5250.0,0.16901408450704225,1.7464788732394365,35.4,Low
Procurement Executive,Admin / Secretarial,43,3000.0,5.534883720930233,51.13953488372093,19.4,High
Procurement Executive,Building and Construction,66,3500.0,3.9242424242424243,43.0,25.1,Medium
Procurement Executive,Engineering,26,4375.0,3.576923076923077,40.69230769230769,20.2,Medium
Procurement Executive,F&B,28,3175.0,3.5,29.607142857142858,18.7,Medium
Procurement Executive,Logistics / Supply Chain,92,3150.0,2.402173913043478,26.16304347826087,28.1,Medium
Procurement Executive,Others,20,3825.0,1.7,23.7,21.1,Medium
Procurement Executive,Purchasing / Merchandising,125,3150.0,6.0,56.32,26.4,High
Procurement Executive #65876,Purchasing / Merchandising,34,3750.0,0.6470588235294118,7.205882352941177,28.1,Low
Procurement Executive (Construction/Facilities Management/Building Services),Building and Construction,27,4000.0,0.5925925925925926,3.888888888888889,25.0,Low
Procurement Executive (F&B),Logistics / Supply Chain,22,3750.0,0.13636363636363635,2.409090909090909,25.1,Low
Procurement Executive (Global Manufacturing Mnc),Logistics / Supply Chain,199,4000.0,0.2562814070351759,2.527638190954774,39.6,Low
Procurement Executive (Indirect Sourcing) Manufacturing Mnc,Purchasing / Merchandising,28,5000.0,7.821428571428571,45.57142857142857,18.0,High
"Procurement Executive (Manufacturing/ Cnc/ Metals, West)",Engineering,34,3000.0,0.9705882352941176,15.294117647058824,24.9,Low
"Procurement Executive (Oil & Gas / Maritime) – Global Mnc, West (2 Year’S Contract)",Logistics / Supply Chain,21,4000.0,0.23809523809523808,2.1904761904761907,24.8,Low
"Procurement Executive (Tuas, Up To $3,000)",Engineering,21,2500.0,0.047619047619047616,4.238095238095238,22.9,Low
Procurement Manager,Building and Construction,22,5000.0,3.0,28.59090909090909,21.1,Medium
Procurement Manager,General Work,83,8000.0,2.7951807228915664,26.686746987951807,38.4,Medium
Procurement Manager,Logistics / Supply Chain,34,6625.0,12.676470588235293,97.79411764705883,20.3,High
Procurement Manager,Purchasing / Merchandising,49,5900.0,8.959183673469388,72.6734693877551,23.1,High
"Procurement Manager (F&B, B2C)",Logistics / Supply Chain,20,7000.0,7.5,62.5,19.8,High
"Procurement Manager (Manufacturing, Electronics, Semiconductor/ North)",Engineering,34,5500.0,2.764705882352941,20.029411764705884,26.1,Medium
Procurement Officer,Logistics / Supply Chain,25,3350.0,1.96,17.84,20.8,Medium
Procurement Officer,Purchasing / Merchandising,20,2900.0,9.1,83.65,11.4,High
Procurement Officer (Healthcare Sgx),Environment / Health,58,2750.0,0.10344827586206896,1.3103448275862069,29.7,Low
Procurement Officer (Ship Management),Purchasing / Merchandising,27,3500.0,0.037037037037037035,1.4814814814814814,26.4,Low
Procurement Officer / Sap / 1 Year Contract / Global Mnc,Logistics / Supply Chain,43,2200.0,0.3488372093023256,23.72093023255814,25.6,Low
Procurement Specialist (Global Manufacturing Mnc),Logistics / Supply Chain,98,4000.0,2.0714285714285716,15.255102040816327,30.1,Medium
Procurement Specialist (Power Bi) Global Oil & Gas Mnc,Logistics / Supply Chain,22,4750.0,0.5454545454545454,4.2727272727272725,25.3,Low
Procurement Specialist (Semiconductor Mnc),Purchasing / Merchandising,38,4100.0,0.07894736842105263,0.868421052631579,29.6,Low
"Procurement/Sourcing Executive - Engineering Mnc, West",Engineering,43,4000.0,0.2558139534883721,2.302325581395349,29.4,Low
Producer,Advertising / Media,43,3500.0,5.604651162790698,51.627906976744185,20.0,High
Product & Application Engineer (Hardware/ System Design),Engineering,62,7000.0,0.12903225806451613,1.0,37.9,Low
Product & Field Support Engineer,Engineering,24,4500.0,0.875,10.5,24.3,Low
Product Admin / East / E-Commerce / 6 Months Contract,Admin / Secretarial,80,2650.0,0.1125,4.3375,31.6,Low
Product Designer,Design,44,4325.0,10.136363636363637,64.54545454545455,19.3,High
Product Designer #65252,Design,47,3000.0,0.10638297872340426,5.0212765957446805,30.9,Low
Product Development Engineer,Engineering,96,3950.0,1.0416666666666667,17.635416666666668,32.6,Medium
Product Development Manager,Engineering,24,7000.0,1.4583333333333333,9.708333333333334,27.6,Medium
Product Development Manager (Pharmaceutical Equipment),Sales / Retail,59,4250.0,0.03389830508474576,0.288135593220339,33.0,Low
Product Engineer,Engineering,94,4250.0,2.648936170212766,28.69148936170213,30.7,Medium
"Product Engineer (Ic Products, Cmos Device)",Engineering,67,6500.0,0.22388059701492538,1.9253731343283582,37.1,Low
"Product Engineer (Semiconductor, East, Up To $4,000)",Engineering,28,3500.0,0.03571428571428571,0.32142857142857145,26.6,Low
Product Manager,Banking and Finance,53,8000.0,9.716981132075471,72.45283018867924,27.4,High
Product Manager,Consulting,27,9000.0,9.444444444444445,76.5925925925926,25.0,High
Product Manager,Design,24,6400.0,10.083333333333334,77.375,19.0,High
Product Manager,Engineering,48,7750.0,11.104166666666666,90.5625,25.8,High
Product Manager,Information Technology,190,7500.0,12.078947368421053,78.22631578947369,34.6,High
Product Manager,Marketing / Public Relations,27,5900.0,6.592592592592593,60.0,20.7,High
Product Manager,Others,31,5500.0,4.516129032258065,45.806451612903224,22.6,Medium
Product Manager (It Security/Network),Engineering,39,4000.0,0.28205128205128205,5.3076923076923075,28.6,Low
"Product Manager (Shipping, Jira/Confluence/Slack/Miro)",Logistics / Supply Chain,38,4250.0,0.05263157894736842,2.0789473684210527,30.0,Low
Product Marketing Manager,Marketing / Public Relations,45,6500.0,6.333333333333333,58.13333333333333,25.1,High
Product Marketing Specialist (Insurance Mnc) / Town,Marketing / Public Relations,28,4000.0,1.0714285714285714,31.321428571428573,23.9,Medium
Product Sales Specialist (Life-Science Mnc) No Experience Needed,Healthcare / Pharmaceutical,69,3500.0,0.10144927536231885,2.2028985507246377,32.3,Low
Product Specialist,Healthcare / Pharmaceutical,21,4000.0,4.714285714285714,42.095238095238095,17.4,Medium
Product Specialist (Life-Science Mnc) No Experience Needed,Healthcare / Pharmaceutical,55,3500.0,0.07272727272727272,0.8909090909090909,30.9,Low
Product Specialist (Medical Instrument),Medical / Therapy Services,120,4500.0,0.06666666666666667,1.175,38.0,Low
Product Specialist (No Experience Needed) Medical Instrument,Medical / Therapy Services,35,4000.0,0.14285714285714285,0.8,28.5,Low
Production Admin (1 Year Contract) Mnc,Admin / Secretarial,34,2750.0,0.058823529411764705,1.0294117647058822,26.4,Low
Production Admin / F&B Mnc / North / 1 Year Contract,Admin / Secretarial,112,2750.0,0.07142857142857142,1.0982142857142858,34.3,Low
Production Assistant,Manufacturing,24,2075.0,1.125,35.875,20.7,Medium
Production Coordinator #65635,Manufacturing,24,2750.0,0.125,2.9583333333333335,25.9,Low
Production Engineer,Building and Construction,30,4000.0,0.8,20.266666666666666,26.5,Low
Production Engineer,Engineering,114,3975.0,4.078947368421052,47.05263157894737,29.3,Medium
Production Engineer,Manufacturing,26,3800.0,1.1538461538461537,23.76923076923077,24.1,Medium
Production Executive,Manufacturing,25,3250.0,1.2,53.92,22.4,Medium
Production Head,F&B,33,3500.0,0.24242424242424243,5.333333333333333,30.4,Low
Production Head #66186,Manufacturing,21,5750.0,0.42857142857142855,6.666666666666667,29.4,Low
Production Lead,Logistics / Supply Chain,27,1700.0,0.0,4.444444444444445,23.2,Low
Production Maintenance Technician #65941,Repair and Maintenance,22,2250.0,0.045454545454545456,3.5454545454545454,24.8,Low
Production Manager,Building and Construction,30,4500.0,0.6,10.5,27.0,Low
Production Manager,Engineering,30,5250.0,7.2,67.83333333333333,19.7,High
Production Manager,F&B,25,4250.0,0.84,15.72,25.0,Low
Production Manager,Manufacturing,112,3300.0,2.8482142857142856,28.6875,28.9,Medium
Production Manager (Biomedical Manufacturing),Engineering,26,5000.0,0.15384615384615385,1.4615384615384615,28.4,Low
"Production Manager (Cnc, Oil & Gas) / Global Mnc / West",Engineering,20,7400.0,0.05,2.85,31.6,Low
Production Operator,Engineering,22,1450.0,0.2727272727272727,41.04545454545455,22.3,Low
Production Operator,General Work,56,2200.0,1.6785714285714286,92.57142857142857,27.2,Medium
Production Operator,Manufacturing,90,1800.0,2.2,167.63333333333333,28.5,Medium
Production Operator #65075,Manufacturing,48,2250.0,0.041666666666666664,13.041666666666666,30.0,Low
Production Operator #65086,Manufacturing,27,1450.0,0.037037037037037035,14.444444444444445,24.7,Low
Production Operator #65155,Manufacturing,37,1600.0,0.0,7.54054054054054,27.3,Low
Production Operator #65770,Manufacturing,42,1787.5,0.0,5.761904761904762,28.5,Low
Production Operator #65803,Manufacturing,22,1600.0,0.13636363636363635,5.863636363636363,23.2,Low
Production Operator #66045,Manufacturing,24,2250.0,0.0,5.416666666666667,25.6,Low
Production Operator (5-Days Or 4-Days Work Week/12 Hrs Shift) #65160,Manufacturing,23,2000.0,0.08695652173913043,27.73913043478261,24.4,Low
"Production Operator (Manufacturing, Shift, North)",F&B,28,1700.0,0.0,12.035714285714286,23.5,Low
Production Operator (Shifts/5 Days/F&B) #65809,Manufacturing,36,1600.0,0.0,4.222222222222222,27.1,Low
Production Operator / 6 Months Contract / West,Logistics / Supply Chain,29,1300.0,0.0,3.6551724137931036,23.0,Low
Production Operator / Manufacturing Industry / No Experience Required / West / Shift Hours,Sciences / Laboratory / R&D,35,1700.0,0.0,1.3714285714285714,24.9,Low
Production Planner,Engineering,47,3750.0,3.0,38.361702127659576,23.8,Medium
Production Planner,Logistics / Supply Chain,44,3925.0,4.431818181818182,57.34090909090909,22.1,Medium
Production Planner,Manufacturing,46,3300.0,2.630434782608696,40.28260869565217,23.2,Medium
Production Planner #65137,Manufacturing,21,3900.0,0.5714285714285714,6.666666666666667,25.4,Low
Production Planner #65258,Manufacturing,64,3650.0,0.4375,5.359375,32.8,Low
Production Planner (Coding Languages) / Oil & Gas Mnc,Logistics / Supply Chain,43,5000.0,0.09302325581395349,6.604651162790698,32.0,Low
Production Planner (Coding Languages)/ Oil & Gas Mnc,Logistics / Supply Chain,26,5000.0,0.8461538461538461,24.192307692307693,25.9,Low
"Production Planner (Manufacturing, Electronics, Semiconductor/ North)",Engineering,35,3500.0,0.8857142857142857,17.771428571428572,26.3,Low
"Production Planner (Manufacturing/ Oil&Gas/ Precision, West)",Engineering,35,3250.0,0.42857142857142855,12.885714285714286,27.3,Low
Production Planner / Manufacturing Industry,Logistics / Supply Chain,41,4500.0,2.2195121951219514,28.097560975609756,25.0,Medium
Production Planning Coordinator (Manufacturing Mnc) West,Logistics / Supply Chain,47,3150.0,0.02127659574468085,0.2553191489361702,29.5,Low
"Production Planning Coordinator (West, Manufacturing Mnc)",Logistics / Supply Chain,45,3050.0,0.022222222222222223,0.4888888888888889,29.0,Low
Production Scheduler (Pharmaceutical Mnc) / Maternity Cover,Healthcare / Pharmaceutical,24,4250.0,0.9166666666666666,9.541666666666666,23.8,Low
Production Specialist / F&B Manufacturing Mnc / West,Manufacturing,54,4150.0,0.05555555555555555,0.8333333333333334,32.1,Low
Production Supervisor,Building and Construction,31,3750.0,0.967741935483871,24.193548387096776,26.2,Low
Production Supervisor,Engineering,60,3450.0,1.3,24.4,28.3,Medium
Production Supervisor,Manufacturing,162,3725.0,2.419753086419753,35.635802469135804,33.6,Medium
Production Supervisor,Others,36,3450.0,1.25,17.75,25.7,Medium
Production Supervisor #65659,Manufacturing,26,2850.0,0.23076923076923078,3.6153846153846154,26.2,Low
Production Supervisor (Day And Night Shift) / Medical Mnc,Engineering,131,3650.0,0.0916030534351145,0.9618320610687023,36.9,Low
"Production Supervisor (Manufacturing, Precision, Cnc, Oil&Gas/ West)",Engineering,35,4250.0,0.7428571428571429,14.742857142857142,28.9,Low
Production Supervisor (Night Shift) / Pharma Mnc,Engineering,37,5500.0,0.16216216216216217,3.4054054054054053,31.6,Low
Production Supervisor (Rotating Shift) Mnc,Engineering,20,3650.0,0.2,2.9,24.0,Low
Production Supervisor (Rotating Shift) Molding Mnc,Engineering,69,3650.0,0.014492753623188406,0.6811594202898551,33.0,Low
Production Supervisor / Manager,Engineering,23,6000.0,5.608695652173913,35.78260869565217,21.5,High
Production Supervisor / Production Superintendent / Manufacturing Supervisor / Plant Supervisor (Injection Molding ) Shift Work,Engineering,20,4000.0,2.6,31.45,20.1,Medium
Production Support,Information Technology,37,6000.0,0.4864864864864865,12.08108108108108,32.8,Low
Production Support Analyst,Information Technology,63,8000.0,2.4285714285714284,28.444444444444443,35.4,Medium
Production Support Engineer,Information Technology,35,6000.0,0.7714285714285715,14.4,31.4,Low
Production Technician,Engineering,88,2525.0,3.0568181818181817,47.5,27.1,Medium
Production Technician,Manufacturing,86,2500.0,3.686046511627907,68.37209302325581,26.0,Medium
Production Technician #65732,Manufacturing,38,2700.0,0.3157894736842105,6.7368421052631575,28.0,Low
Production Technician #65936,Manufacturing,22,2350.0,0.13636363636363635,3.272727272727273,24.6,Low
Production Technician (5 Days) #65911,Manufacturing,27,1500.0,0.037037037037037035,3.740740740740741,24.8,Low
"Production Technician (Cnc Manufacturing, Aerospace/ Oil&Gas)",Engineering,36,2400.0,0.5555555555555556,17.416666666666668,28.6,Low
Production Technician (Day & Night Shifts Rotation) F&B Mnc / 1 Year Contract / North,Manufacturing,37,2250.0,0.16216216216216217,20.35135135135135,25.5,Low
"Production Technician - Pharmaceuticals Mnc, West (Shift Hours, 1 Year Contract, Convertible)",Engineering,41,3050.0,0.07317073170731707,1.0,28.1,Low
Production Technician / Biomedical Manufacturing Mnc (Contract),Manufacturing,107,2250.0,0.27102803738317754,11.19626168224299,32.1,Low
Production Technician / Iso13485 (1 Year Contract),Manufacturing,59,2250.0,0.1016949152542373,13.932203389830509,28.9,Low
"Production Test Engineer (Ate Test Program, C++/Vb)",Information Technology,163,6000.0,0.17791411042944785,6.0184049079754605,42.3,Low
Production Worker #65834,Manufacturing,42,1750.0,0.023809523809523808,5.071428571428571,28.3,Low
Production Worker #65910,Manufacturing,38,2250.0,0.05263157894736842,5.447368421052632,28.4,Low
Production Worker #66117,Manufacturing,25,1350.0,0.0,4.4,24.2,Low
Production Worker #66193,Manufacturing,21,1350.0,0.0,5.142857142857143,23.1,Low
Production/Materials Planner,Logistics / Supply Chain,24,3050.0,0.4583333333333333,7.0,24.3,Low
Professional Services Consultant #65117,Information Technology,63,4250.0,0.06349206349206349,3.9682539682539684,35.4,Low
Program Coordinator #65808,General Management,22,2750.0,0.13636363636363635,3.6818181818181817,25.3,Low
Program Management Engineer #65135,Engineering,23,4250.0,0.8695652173913043,6.173913043478261,25.7,Low
Program Manager,Engineering,22,7000.0,7.363636363636363,82.36363636363636,21.5,High
Program Manager,Information Technology,29,13000.0,8.310344827586206,61.10344827586207,34.1,High
Program Manager (Education),Education and Training,31,9000.0,0.7419354838709677,7.032258064516129,34.8,Low
"Program Manager (Manufacturing, Semiconductor, Electronics/ North)",Engineering,36,5750.0,1.3611111111111112,18.166666666666668,30.2,Medium
Programme Associate/ Executive (Student Care Centre),Education and Training,21,2600.0,2.619047619047619,27.095238095238095,18.6,Medium
Programme Executive,Admin / Secretarial,47,2750.0,1.5957446808510638,26.74468085106383,24.5,Medium
Programme Executive,General Management,26,2750.0,0.2692307692307692,10.73076923076923,23.7,Low
Programme Executive,Social Services,38,3050.0,3.6052631578947367,51.973684210526315,20.4,Medium
Programme Executive Or Senior Executive (Youth Development - Yd) - 1 Year Contract Or Permanent,Education and Training,21,2950.0,0.7619047619047619,10.428571428571429,20.9,Low
Programme Executive Or Senior Executive (Youth Entrepreneurship - Ye) - 1 Year Contract Or Permanent,Education and Training,21,2950.0,0.8571428571428571,10.714285714285714,22.0,Low
Project & Program Manager (Semiconductor),Engineering,47,7500.0,0.2978723404255319,4.0212765957446805,36.3,Low
Project / Site Engineer,Building and Construction,31,4250.0,0.8709677419354839,32.03225806451613,28.3,Low
Project Accountant,Accounting / Auditing / Taxation,25,5000.0,1.8,38.64,23.8,Medium
Project Accountant (Construction),Accounting / Auditing / Taxation,30,5500.0,0.26666666666666666,2.8666666666666667,29.7,Low
Project Admin,Admin / Secretarial,113,2700.0,1.6017699115044248,28.56637168141593,30.4,Medium
Project Admin,Building and Construction,32,2950.0,2.15625,27.09375,21.1,Medium
Project Admin (Construction),Admin / Secretarial,23,2500.0,0.30434782608695654,3.782608695652174,22.9,Low
Project Admin / Oil & Gas Mnc / West / 1 Year Contract,Admin / Secretarial,97,2650.0,0.41237113402061853,14.082474226804123,31.7,Low
Project Admin / Oil & Gas Mnc / West / 6 Months Contract,Admin / Secretarial,179,2650.0,0.0893854748603352,1.7094972067039107,37.1,Low
Project Admin Executive,Admin / Secretarial,23,2750.0,0.8260869565217391,13.608695652173912,22.5,Low
Project Admin Executive,Building and Construction,21,2750.0,1.7142857142857142,19.238095238095237,18.5,Medium
Project Administrator,Admin / Secretarial,126,3000.0,3.1984126984126986,38.214285714285715,29.3,Medium
Project Administrator,Building and Construction,36,2750.0,2.6944444444444446,44.72222222222222,21.1,Medium
Project Architect,Architecture / Interior Design,27,5500.0,0.8518518518518519,39.18518518518518,28.1,Low
Project Architect - Rail/Infra Projects (Airport) Up To S$6000,Architecture / Interior Design,33,5500.0,0.0,1.4242424242424243,31.6,Low
Project Co-Ordinator,Building and Construction,32,3500.0,0.96875,16.3125,25.1,Low
Project Coordinator,Admin / Secretarial,150,3100.0,1.74,31.773333333333333,32.9,Medium
Project Coordinator,Architecture / Interior Design,155,3750.0,2.1870967741935483,31.10322580645161,34.0,Medium
Project Coordinator,Building and Construction,665,3500.0,1.5744360902255639,25.603007518796993,44.4,Medium
Project Coordinator,Customer Service,26,3500.0,7.076923076923077,60.19230769230769,15.8,High
Project Coordinator,Engineering,88,3075.0,1.5568181818181819,31.068181818181817,29.5,Medium
Project Coordinator,General Management,37,7000.0,0.6486486486486487,13.72972972972973,35.2,Low
Project Coordinator,Information Technology,27,3350.0,2.740740740740741,36.074074074074076,20.0,Medium
Project Coordinator,Logistics / Supply Chain,22,2950.0,1.0,19.227272727272727,21.9,Low
Project Coordinator,Others,38,3000.0,4.2368421052631575,56.921052631578945,20.0,Medium
Project Coordinator #65215,Architecture / Interior Design,28,3000.0,0.10714285714285714,3.25,27.5,Low
"Project Coordinator (Up To $3,800) / Oil & Gas Mnc / West / 1 Year Contract",Admin / Secretarial,37,3650.0,0.21621621621621623,2.1621621621621623,27.9,Low
Project Coordinator/Admin,Admin / Secretarial,34,2500.0,0.7058823529411765,16.11764705882353,23.4,Low
Project Director,Architecture / Interior Design,31,7500.0,3.6129032258064515,33.70967741935484,27.4,Medium
Project Director,Building and Construction,68,11750.0,5.9411764705882355,45.661764705882355,38.2,High
Project Director /Water Treatment Mnc (2 Years Contract),Engineering,56,11500.0,0.9642857142857143,10.339285714285714,42.7,Low
Project Engineer,Architecture / Interior Design,42,4125.0,1.6904761904761905,20.928571428571427,26.3,Medium
Project Engineer,Building and Construction,2056,4000.0,1.3492217898832686,27.380836575875488,53.9,Medium
Project Engineer,Consulting,28,3750.0,1.0714285714285714,17.607142857142858,24.1,Medium
Project Engineer,Engineering,1012,3900.0,2.1600790513833994,34.948616600790515,46.7,Medium
Project Engineer,Information Technology,50,4750.0,0.58,12.2,31.6,Low
Project Engineer #64697,Engineering,20,3150.0,0.25,12.85,24.9,Low
Project Engineer ( Plastic Injection ) Junior /Senior X2,Engineering,36,4500.0,2.4722222222222223,32.69444444444444,25.0,Medium
Project Engineer (5 Days) #65196,Engineering,33,2600.0,0.09090909090909091,3.0303030303030303,27.9,Low
Project Engineer (Acmv),Building and Construction,43,3750.0,1.5813953488372092,55.093023255813954,26.9,Medium
Project Engineer (Bms / Mechanical / Mechatronic / Electrical Engineering / Training Provided),Building and Construction,22,3500.0,2.3181818181818183,30.636363636363637,19.2,Medium
Project Engineer (C&S),Building and Construction,25,4150.0,0.28,9.32,27.4,Low
Project Engineer (Civil & Structural),Building and Construction,29,4500.0,0.06896551724137931,4.689655172413793,29.8,Low
Project Engineer (Civil Engineering),Building and Construction,44,4000.0,1.1590909090909092,58.90909090909091,28.8,Medium
Project Engineer (Construction),Building and Construction,33,4000.0,0.7575757575757576,23.78787878787879,27.0,Low
Project Engineer (Electrical),Building and Construction,51,3750.0,0.7450980392156863,23.705882352941178,30.2,Low
Project Engineer (Electrical),Engineering,52,4000.0,0.8461538461538461,18.73076923076923,29.1,Low
"Project Engineer (Electrical, Must Own A Car)",Engineering,22,4250.0,0.09090909090909091,4.181818181818182,26.2,Low
Project Engineer (Electrical/Electronic) #65664,Engineering,25,2850.0,0.16,5.08,26.2,Low
Project Engineer (Electrical/Electronic/Mechatronic) #65889,Engineering,41,3150.0,0.2926829268292683,6.536585365853658,29.5,Low
Project Engineer (Lta),Engineering,21,4250.0,0.23809523809523808,2.9047619047619047,25.2,Low
Project Engineer (M&E / Autocad),Building and Construction,28,3400.0,0.03571428571428571,4.357142857142857,26.5,Low
Project Engineer (M&E / Building Management),Building and Construction,29,4750.0,0.034482758620689655,0.7931034482758621,29.2,Low
Project Engineer (M&E),Building and Construction,46,4250.0,2.391304347826087,45.608695652173914,27.4,Medium
Project Engineer (M&E/Air Conditioning) #66147,Engineering,24,3000.0,0.0,5.875,27.0,Low
Project Engineer (Manufacturing Mnc),Manufacturing,60,3250.0,0.06666666666666667,0.6833333333333333,31.1,Low
Project Engineer (Mechanical),Engineering,23,4000.0,0.782608695652174,16.52173913043478,25.8,Low
Project Engineer (Oil & Gas / Petroleum / Chemical) #65593,Engineering,31,4000.0,0.3548387096774194,6.096774193548387,28.9,Low
"Project Engineer (Oil & Gas, West, Up To $4,000)",Engineering,62,3650.0,0.1774193548387097,5.870967741935484,31.5,Low
Project Engineer (Quality) Manufacturing Mnc,Engineering,20,6500.0,8.45,55.25,18.3,High
"Project Engineer (West, Cctv, Class 3)",Engineering,67,3400.0,0.2537313432835821,14.432835820895523,31.2,Low
Project Engineer / Electrical Engineer –Mnc ( ( Junior / Entry Level / Senior ) X3 Opening,Engineering,52,6500.0,2.0961538461538463,27.76923076923077,31.8,Medium
Project Executive,Admin / Secretarial,47,3000.0,1.425531914893617,22.21276595744681,25.2,Medium
Project Executive,Advertising / Media,24,3200.0,1.0416666666666667,20.916666666666668,22.6,Medium
Project Executive,Architecture / Interior Design,58,3225.0,1.4655172413793103,25.79310344827586,27.3,Medium
Project Executive,Building and Construction,150,3500.0,1.3933333333333333,23.733333333333334,34.4,Medium
Project Executive,Engineering,28,3250.0,3.2857142857142856,36.964285714285715,19.4,Medium
Project Executive,Information Technology,47,3750.0,4.425531914893617,49.829787234042556,22.2,Medium
Project Executive (Infrastructure),Information Technology,21,5250.0,0.38095238095238093,5.095238095238095,26.5,Low
Project Management Manager,Building and Construction,51,7250.0,0.35294117647058826,5.098039215686274,37.1,Low
Project Management Officer,Information Technology,22,7250.0,3.227272727272727,26.363636363636363,25.8,Medium
Project Manager,Admin / Secretarial,46,4875.0,5.826086956521739,43.108695652173914,24.3,High
Project Manager,Advertising / Media,109,10500.0,1.5412844036697249,17.357798165137616,44.2,Medium
Project Manager,Architecture / Interior Design,244,5250.0,2.7008196721311477,27.454918032786885,38.9,Medium
Project Manager,Banking and Finance,79,9500.0,8.379746835443038,55.0126582278481,33.7,High
Project Manager,Building and Construction,1534,6000.0,3.4778357235984356,28.847457627118644,51.4,Medium
Project Manager,Consulting,115,7000.0,7.182608695652174,56.834782608695654,32.7,High
Project Manager,Customer Service,30,5750.0,4.6,45.1,23.1,Medium
Project Manager,Engineering,342,6000.0,4.385964912280702,42.84795321637427,40.0,Medium
Project Manager,General Management,163,5750.0,3.8650306748466257,33.67484662576687,35.7,Medium
Project Manager,Information Technology,496,7750.0,6.19758064516129,50.14717741935484,45.1,High
Project Manager,Manufacturing,23,6750.0,9.26086956521739,49.34782608695652,19.6,High
Project Manager,Others,73,4750.0,4.260273972602739,39.75342465753425,27.4,Medium
Project Manager,Professional Services,24,7195.75,1.9583333333333333,16.25,27.2,Medium
Project Manager #65920,General Management,38,4500.0,0.23684210526315788,6.842105263157895,31.7,Low
Project Manager (Acmv),Building and Construction,28,6500.0,0.9285714285714286,11.857142857142858,30.3,Low
Project Manager (Capm/Pmp/Scrum),Information Technology,29,4250.0,0.4482758620689655,3.4827586206896552,26.5,Low
Project Manager (Civil Engineering),Building and Construction,27,6500.0,2.2222222222222223,22.0,27.5,Medium
Project Manager (Construction / Electrical),Building and Construction,44,6500.0,0.06818181818181818,3.0,35.0,Low
Project Manager (Construction),Building and Construction,65,7900.0,3.769230769230769,30.23076923076923,33.1,Medium
"Project Manager (Construction, Civil, Pe Board)",Building and Construction,55,10500.0,1.981818181818182,17.10909090909091,38.5,Medium
Project Manager (Electrical),Building and Construction,34,6500.0,1.411764705882353,13.441176470588236,30.1,Medium
Project Manager (Healthcare Industry),Engineering,51,5000.0,0.09803921568627451,0.6666666666666666,33.1,Low
Project Manager (It),Information Technology,24,5500.0,5.375,56.291666666666664,20.9,High
Project Manager (M&E),Building and Construction,25,6000.0,0.8,9.92,28.5,Low
Project Manager (Professional Engineer)/ Water Treatment,Engineering,72,9500.0,0.1111111111111111,0.9861111111111112,43.7,Low
"Project Manager (Software, Application)",Information Technology,33,7000.0,0.696969696969697,6.878787878787879,32.9,Low
"Project Manager (Sustainable Energy, Up To $7,000)",Engineering,33,6500.0,0.8484848484848485,17.848484848484848,30.2,Low
Project Manager - Global Logistics Company,Logistics / Supply Chain,26,8000.0,1.2692307692307692,11.923076923076923,30.4,Medium
Project Manager /Water Treatment Mnc (2 Years Contract),Engineering,59,9000.0,0.4915254237288136,10.338983050847459,39.9,Low
Project Manager(Mobility Payment Solutions),Banking and Finance,24,7350.0,0.6666666666666666,5.833333333333333,31.6,Low
Project Manager/ It Enterprise Manager,Information Technology,76,9000.0,4.855263157894737,27.263157894736842,35.6,Medium
Project Officer / Environmental Mnc / West,Engineering,20,3150.0,0.05,1.5,23.7,Low
Project Operation Specialist (Shipping Mnc),Accounting / Auditing / Taxation,76,3250.0,0.07894736842105263,1.1842105263157894,32.6,Low
Project Planner,Building and Construction,26,4400.0,0.6923076923076923,8.576923076923077,25.5,Low
Project Planner / Manufacturing Mnc (Oil & Gas) / West,Engineering,23,4500.0,0.2608695652173913,8.695652173913043,26.2,Low
Project Quantity Surveyor,Building and Construction,30,3950.0,1.7333333333333334,51.6,23.9,Medium
Project Sales Executive (B2B Sales) Fmcg,Building and Construction,85,3750.0,0.011764705882352941,0.32941176470588235,34.6,Low
Project Sales Executive (B2B Sales) Fmcg Mnc,Building and Construction,56,3750.0,0.017857142857142856,1.3571428571428572,31.8,Low
"Project Sales, Assistant Manager (B2B Sales) Fmcg Mnc",Building and Construction,32,4250.0,0.0625,1.09375,28.8,Low
Project Secretary,Admin / Secretarial,32,3550.0,5.3125,49.5,18.4,High
Project Supervisor,Building and Construction,198,3825.0,0.4898989898989899,11.595959595959595,39.8,Low
Project Supervisor,Others,31,3450.0,0.8709677419354839,12.419354838709678,24.2,Low
Project Technical Assistant #65891,Engineering,22,2800.0,0.09090909090909091,4.0,25.6,Low
Project Technician #65965,Environment / Health,33,2250.0,0.0,3.757575757575758,27.7,Low
Project/ Site Engineer (Construction),Engineering,53,4750.0,0.018867924528301886,3.3962264150943398,33.3,Low
Project/Design Architect (Up To S$6000),Architecture / Interior Design,105,5500.0,0.06666666666666667,1.8952380952380952,39.0,Low
Project/Design Architect (Up To S$6500),Architecture / Interior Design,67,5750.0,0.014925373134328358,3.3134328358208953,36.7,Low
Project/Site Engineer,Building and Construction,50,3500.0,0.6,32.8,29.8,Low
Projects Engineers – Maintenance ( Diploma / Degree In E&E ) Entry Level /Junior,Engineering,33,7000.0,0.3333333333333333,3.606060606060606,34.2,Low
Promoter,Sales / Retail,42,2068.75,0.5476190476190477,15.904761904761905,27.3,Low
Property Executive,Building and Construction,50,3475.0,7.8,53.54,20.2,High
Property Executive,Real Estate / Property Management,168,3100.0,3.2738095238095237,27.946428571428573,32.2,Medium
Property Manager,Real Estate / Property Management,38,4250.0,7.7105263157894735,63.89473684210526,19.5,High
Property Officer,Building and Construction,23,2750.0,5.565217391304348,46.34782608695652,16.7,High
Property Officer,Real Estate / Property Management,149,2750.0,3.4496644295302015,27.322147651006713,30.9,Medium
Property Portfolio Executive (Building And Facilities),Building and Construction,25,3500.0,0.12,1.52,25.5,Low
Proposal Engineer,Engineering,23,6000.0,1.608695652173913,26.17391304347826,25.9,Medium
Proposal Manager #65694,Marketing / Public Relations,26,6000.0,0.19230769230769232,4.269230769230769,32.2,Low
Psychologist,Healthcare / Pharmaceutical,20,4725.0,4.65,80.75,18.8,Medium
Psychologist,Professional Services,30,5500.0,0.6,17.9,29.5,Low
Public Area Attendant,General Work,88,2000.0,0.11363636363636363,11.875,31.1,Low
Public Area Attendant,Hospitality,24,1900.0,0.20833333333333334,15.375,23.9,Low
Public Area Cleaner,Hospitality,32,1700.0,0.0,2.8125,26.4,Low
Public Relations Executive,Marketing / Public Relations,24,3650.0,3.5833333333333335,35.416666666666664,19.5,Medium
Public Relations Manager,Marketing / Public Relations,23,5750.0,3.130434782608696,32.52173913043478,23.8,Medium
Public Relations Manager (Corporate Affairs),Marketing / Public Relations,47,8600.0,0.2127659574468085,3.8085106382978724,38.7,Low
Public Relations Manager – Night Clubs,Entertainment,36,7500.0,1.1944444444444444,17.194444444444443,34.9,Medium
Public Relations Officer,Admin / Secretarial,47,3150.0,2.1702127659574466,25.340425531914892,24.6,Medium
Public Relations Officer,Building and Construction,103,3600.0,4.135922330097087,37.24271844660194,28.3,Medium
Public Relations Officer,Marketing / Public Relations,21,3750.0,2.5714285714285716,28.952380952380953,20.0,Medium
"Public Relations Officer (Lta, 5 Days)",Building and Construction,76,4000.0,2.263157894736842,16.592105263157894,28.1,Medium
Purchaser,Admin / Secretarial,26,2750.0,1.1153846153846154,14.307692307692308,21.8,Medium
Purchaser,Building and Construction,153,3250.0,4.026143790849673,40.99346405228758,30.7,Medium
Purchaser,Purchasing / Merchandising,143,3250.0,4.020979020979021,41.81818181818182,29.9,Medium
Purchaser / Manufacturing Mnc,Admin / Secretarial,38,3250.0,0.18421052631578946,7.473684210526316,27.5,Low
Purchaser / Manufacturing Mnc (Entry Level Welcome),Logistics / Supply Chain,40,4000.0,0.175,1.225,29.2,Low
Purchasing Assistant,Admin / Secretarial,34,2500.0,1.3823529411764706,24.794117647058822,22.1,Medium
Purchasing Assistant,Purchasing / Merchandising,87,2400.0,1.6781609195402298,33.48275862068966,27.5,Medium
"Purchasing Assistant (Marine/Offshore, Up To $2,600)",Admin / Secretarial,26,2450.0,0.038461538461538464,4.576923076923077,24.2,Low
Purchasing Assistant (Part-Time/West/3 Days) #66069,Purchasing / Merchandising,22,1350.0,0.4090909090909091,10.181818181818182,21.6,Low
"Purchasing Assistant (West / Pioneer / Up To 3,500 / 5 Days Work)",Manufacturing,31,3250.0,0.16129032258064516,1.6774193548387097,26.2,Low
"Purchasing Assistant/Buyer/Procurement Engineer (Oil And Gas/5 Days Work/Up To $3,500/West/Pioneer)",Manufacturing,32,3250.0,0.21875,2.75,26.2,Low
Purchasing Clerk #65667,Purchasing / Merchandising,36,2300.0,0.1111111111111111,4.027777777777778,27.8,Low
Purchasing Engineer (Pcba),Logistics / Supply Chain,43,5000.0,0.16279069767441862,2.7674418604651163,31.6,Low
Purchasing Executive,Admin / Secretarial,62,2850.0,2.8225806451612905,26.0,25.0,Medium
Purchasing Executive,Building and Construction,24,3350.0,12.75,106.875,12.0,High
Purchasing Executive,Logistics / Supply Chain,54,3200.0,1.2777777777777777,17.74074074074074,26.3,Medium
Purchasing Executive,Purchasing / Merchandising,237,3000.0,3.5991561181434597,40.118143459915615,32.5,Medium
Purchasing Executive (Acmv/Construction),Building and Construction,21,3750.0,0.14285714285714285,0.9523809523809523,24.7,Low
Purchasing Executive (Marine/Shipping),General Management,113,3500.0,0.6460176991150443,9.646017699115044,33.4,Low
"Purchasing Executive - West, Engineering Mnc",Engineering,37,3850.0,0.24324324324324326,1.054054054054054,28.2,Low
Purchasing Executive / Engineering Mnc / West,Engineering,36,3850.0,0.1388888888888889,1.4444444444444444,28.4,Low
Purchasing Executive / Hospitality Mnc - Central,Purchasing / Merchandising,21,3150.0,0.3333333333333333,3.0952380952380953,22.8,Low
Purchasing Manager,Purchasing / Merchandising,62,6000.0,4.096774193548387,33.66129032258065,28.5,Medium
Purchasing Manager (Marine/Shipping),Logistics / Supply Chain,93,6500.0,1.7849462365591398,11.924731182795698,34.9,Medium
Purchasing Officer,Purchasing / Merchandising,43,2650.0,4.186046511627907,53.58139534883721,19.6,Medium
Python Developer,Information Technology,78,7500.0,1.4615384615384615,18.102564102564102,38.1,Medium
Python/Sql Backend Developer,Information Technology,30,7000.0,1.3,19.5,31.6,Medium
Qa / Ra Specialist (Life Science) No Experience Needed,Sciences / Laboratory / R&D,32,2850.0,0.09375,1.75,26.0,Low
"Qa Assistant (Manufacturing Mnc, West)",Manufacturing,22,3050.0,0.0,0.22727272727272727,24.4,Low
Qa Document Controller (F&B Manufacturing Mnc),Engineering,39,3400.0,0.358974358974359,7.435897435897436,27.2,Low
Qa Engineer,Building and Construction,20,4750.0,2.15,40.25,21.0,Medium
Qa Engineer,Engineering,109,3750.0,2.4862385321100917,41.77981651376147,30.3,Medium
Qa Engineer,Information Technology,54,6325.0,2.388888888888889,46.592592592592595,32.0,Medium
Qa Engineer,Manufacturing,27,3750.0,3.4074074074074074,59.2962962962963,19.8,Medium
Qa Engineer #65191,Engineering,67,4350.0,0.1791044776119403,5.343283582089552,35.5,Low
Qa Engineer #65696,Engineering,41,3150.0,0.0975609756097561,3.4390243902439024,30.3,Low
"Qa Engineer (Manufacturing, Precision, Cnc, Oil&Gas/ West)",Engineering,40,4250.0,1.175,19.55,27.8,Medium
"Qa Engineer (Manufacturing, Semiconductor, Electronics/ North)",Engineering,37,3750.0,1.3783783783783783,19.945945945945947,25.9,Medium
Qa Executive,Manufacturing,27,3100.0,1.8518518518518519,37.48148148148148,21.5,Medium
"Qa Inspector (Ndt, Aerospace, East)",Engineering,26,2500.0,1.1538461538461537,27.076923076923077,20.4,Medium
"Qa Inspector (Wms/Sap, West)",Engineering,40,2400.0,0.0,5.4,27.1,Low
Qa Manager (Iso 13485) / North,Engineering,51,6500.0,0.0392156862745098,0.43137254901960786,36.2,Low
Qa Senior,Engineering,33,6500.0,1.5454545454545454,10.090909090909092,29.9,Medium
Qa Technician,Manufacturing,22,2750.0,3.1363636363636362,40.90909090909091,17.2,Medium
Qa Technician #65849,Engineering,35,2550.0,0.0,2.742857142857143,28.7,Low
Qa Technician/ Quality Controller (5 Days) #64793,Manufacturing,34,2900.0,0.7647058823529411,12.617647058823529,26.1,Low
Qa/Qc Cum Lab Technician #65115,Sciences / Laboratory / R&D,28,3050.0,0.4642857142857143,9.285714285714286,26.1,Low
Qa/Qc Cum Lab Technician #66163,Sciences / Laboratory / R&D,21,3050.0,0.42857142857142855,7.238095238095238,24.3,Low
Qa/Qc Engineer,Building and Construction,101,4500.0,0.6831683168316832,22.792079207920793,35.5,Low
Qa/Qc Engineer,Engineering,34,4100.0,0.6764705882352942,26.852941176470587,28.0,Low
"Qa/Qc Executive (North, Food)",Engineering,70,3250.0,0.5,12.271428571428572,30.3,Low
Qaqc Engineer,Building and Construction,99,4200.0,1.2727272727272727,24.696969696969695,34.3,Medium
Qaqc Manager,Building and Construction,27,7500.0,1.4444444444444444,14.222222222222221,30.4,Medium
Qc Assistant #64835,Manufacturing,24,1900.0,0.25,11.916666666666666,23.8,Low
Qc Assistant #65768,Manufacturing,49,2550.0,0.24489795918367346,4.73469387755102,29.7,Low
Qc Coordinator Engineer / Water Treatment Mnc / 1 Year Contract / South,Engineering,94,5500.0,0.0851063829787234,2.0531914893617023,38.1,Low
Qc Engineer,Engineering,39,4350.0,2.0,29.153846153846153,24.9,Medium
Qc Engineer #65192,Engineering,67,4350.0,0.4626865671641791,6.746268656716418,34.3,Low
Qc Engineer #65939,Manufacturing,22,3100.0,0.09090909090909091,5.409090909090909,26.2,Low
"Qc Engineer (Electronics Product Manufacturing, Up To $4,500)",Engineering,48,3750.0,0.3541666666666667,8.4375,29.2,Low
Qc Inspector,Engineering,50,2600.0,1.54,44.36,25.1,Medium
Qc Inspector,Manufacturing,48,2250.0,1.5625,60.604166666666664,24.3,Medium
Qc Lab Analyst (Rotating Shift)/ Entry Level,Healthcare / Pharmaceutical,31,2200.0,0.03225806451612903,0.4838709677419355,24.9,Low
Qc Lab Technician / Biomedical Manufacturing,Healthcare / Pharmaceutical,43,2500.0,0.16279069767441862,3.2325581395348837,27.0,Low
Qc Lab Technician / Biomedical Manufacturing (1 Year Contract),Healthcare / Pharmaceutical,33,2200.0,0.5454545454545454,26.515151515151516,23.2,Low
Qc Technician,Manufacturing,21,2250.0,3.5714285714285716,60.95238095238095,16.3,Medium
Qc Technician #65938,Manufacturing,36,2250.0,0.08333333333333333,4.305555555555555,27.9,Low
"Qc Technician (Oil & Gas, Up To $3,000)",Engineering,85,2500.0,0.1411764705882353,6.4941176470588236,31.6,Low
Quality & Compliance Senior Executive / Assistant Manager,Logistics / Supply Chain,20,3900.0,0.15,1.95,24.7,Low
Quality Assurance & Quality Control Engineer,Building and Construction,22,3600.0,0.36363636363636365,9.681818181818182,25.2,Low
Quality Assurance & Quality Control Inspector,Engineering,56,4325.0,0.75,25.482142857142858,32.1,Low
Quality Assurance & Quality Control Inspector,Manufacturing,41,3650.0,3.8292682926829267,59.853658536585364,24.4,Medium
Quality Assurance Engineer,Engineering,49,4350.0,2.142857142857143,34.6530612244898,26.8,Medium
Quality Assurance Engineer (Chemical Manufacturing Mnc),Engineering,42,3400.0,0.11904761904761904,1.7380952380952381,28.7,Low
"Quality Assurance Engineer (West / Pioneer / Up To 3,500 / 5 Days Work)",Manufacturing,27,3250.0,0.1111111111111111,2.037037037037037,26.9,Low
Quality Assurance Engineer / Manufacturing Mnc / West,Engineering,22,4000.0,0.13636363636363635,0.5454545454545454,25.5,Low
Quality Assurance Executive,Manufacturing,25,3050.0,2.96,48.08,18.5,Medium
Quality Assurance Lab Technician (Fmcg),Engineering,66,2500.0,0.09090909090909091,0.5606060606060606,30.2,Low
Quality Assurance Support Specialist (Fmcg) No Experienced Needed,Engineering,22,3000.0,0.045454545454545456,0.9090909090909091,24.1,Low
Quality Control Engineer,Engineering,48,4250.0,0.7291666666666666,14.770833333333334,30.3,Low
Quality Engineer,Engineering,135,4250.0,4.888888888888889,53.2962962962963,30.2,Medium
Quality Engineer,Manufacturing,25,3750.0,2.24,31.44,20.8,Medium
Quality Engineer (Based Vietnam) / Manufacturing Mnc,Engineering,31,4500.0,0.4838709677419355,8.903225806451612,27.3,Low
Quality Engineer (Expat Package/Based In Vietnam) #65169,Engineering,23,4000.0,0.13043478260869565,4.565217391304348,28.0,Low
"Quality Engineer (Manufacturing, Precision, Cnc, Oil&Gas/ West)",Engineering,42,4250.0,1.1666666666666667,19.38095238095238,28.1,Medium
"Quality Engineer (Manufacturing, Semiconductor, Electronics/ North)",Engineering,37,3750.0,1.7837837837837838,21.08108108108108,25.0,Medium
"Quality Engineer (Woodlands, Up $4500)",Engineering,20,3750.0,0.3,3.25,23.7,Low
Quality Management & Product Development Executive #66054,Manufacturing,21,3250.0,0.14285714285714285,2.761904761904762,25.9,Low
Quality Manager #65022,Manufacturing,20,4400.0,0.95,11.9,24.9,Low
"Quality Operations Specialist, Central Kitchen",F&B,31,3750.0,0.8064516129032258,11.548387096774194,28.0,Low
Quality Specialist (F&B Manufacturing Mnc),Engineering,25,5750.0,3.52,37.56,22.3,Medium
Quality System Engineer (Iso 9001/14001/45001/27001/17025),Engineering,28,4250.0,0.2857142857142857,5.214285714285714,26.9,Low
Quality Technician,Engineering,23,2700.0,0.08695652173913043,3.6956521739130435,26.9,Low
"Quality Technician (Nc/Rma, Semiconductor)",Engineering,22,2250.0,0.045454545454545456,3.909090909090909,22.7,Low
Quantitative Developer,Banking and Finance,30,18125.0,2.6666666666666665,41.86666666666667,49.1,Medium
Quantitative Researcher,Banking and Finance,34,15000.0,6.617647058823529,85.44117647058823,39.9,High
Quantity Surveyor,Accounting / Auditing / Taxation,28,3350.0,0.17857142857142858,26.035714285714285,26.2,Low
Quantity Surveyor,Admin / Secretarial,64,3550.0,0.53125,44.453125,32.0,Low
Quantity Surveyor,Architecture / Interior Design,328,3750.0,0.39634146341463417,37.478658536585364,43.1,Low
Quantity Surveyor,Building and Construction,3230,3750.0,0.5130030959752322,38.65603715170278,58.4,Low
Quantity Surveyor,Engineering,142,3650.0,0.43661971830985913,36.063380281690144,37.1,Low
Quantity Surveyor,Others,77,3600.0,0.7142857142857143,39.48051948051948,32.1,Low
Quantity Surveyor #66058,Engineering,30,2850.0,0.06666666666666667,6.266666666666667,27.9,Low
Quantity Surveyor #66134,Building and Construction,20,5000.0,0.15,10.45,28.8,Low
Quantity Surveyor (Building Construction),Building and Construction,22,4250.0,0.045454545454545456,8.045454545454545,26.4,Low
Quantity Surveyor (Construction),Building and Construction,27,3500.0,0.25925925925925924,33.18518518518518,26.8,Low
Quantity Surveyor (Construction/Security Systems),Building and Construction,20,3000.0,0.05,9.65,23.5,Low
"Quantity Surveyor (East, M&E/Acmv)",Engineering,34,3250.0,0.058823529411764705,14.588235294117647,27.3,Low
"Quantity Surveyor (East, Up To $3,000)",Building and Construction,32,2750.0,0.0,3.21875,26.3,Low
Quantity Surveyor (Electrical),Building and Construction,24,3800.0,0.375,27.333333333333332,26.1,Low
Quantity Surveyor (Landed Housing Project),Building and Construction,26,4000.0,0.07692307692307693,10.576923076923077,26.9,Low
Quantity Surveyor (Lta),Building and Construction,46,4000.0,0.10869565217391304,22.47826086956522,30.5,Low
Quantity Surveyor (M&E),Building and Construction,65,3750.0,0.5692307692307692,48.215384615384615,31.7,Low
Quantity Surveyor (Maincon),Building and Construction,40,4000.0,0.0,4.45,30.1,Low
Quantity Surveyor (Mep),Building and Construction,24,4150.0,0.375,19.958333333333332,27.0,Low
Quantity Surveyor (Residential/Commercial),Building and Construction,23,4000.0,0.0,2.9565217391304346,26.5,Low
Quantity Surveyor Cum Drafter,Building and Construction,70,3375.0,0.15714285714285714,39.55714285714286,33.1,Low
Quantity Surveyors,Engineering,51,2650.0,0.058823529411764705,17.137254901960784,28.9,Low
Quantity Surveyors (Mechanical & Electrical),General Work,29,2800.0,0.034482758620689655,9.793103448275861,25.6,Low
Quotation Coordinator / Oil & Gas Industry / West,Others,29,2900.0,0.034482758620689655,1.5862068965517242,25.8,Low
R&D Assistant #65758,Sciences / Laboratory / R&D,44,2650.0,0.18181818181818182,4.25,29.5,Low
R&D Chemist (Iso13485),Medical / Therapy Services,73,5500.0,0.2054794520547945,2.767123287671233,35.9,Low
R&D Engineer,Engineering,30,4575.0,1.2333333333333334,19.4,26.0,Medium
"R&D Engineer (Cctv, West)",Engineering,20,3250.0,0.15,11.25,23.4,Low
R&D Engineer (Electronics Engrg/Mfg Industry/Entry Level Welcome),Engineering,34,3350.0,0.47058823529411764,8.088235294117647,27.1,Low
"R&D Engineer (Jurong, Petrochemical/Pharmaceutical/Flavor & Fragrance)",Engineering,23,5250.0,0.30434782608695654,2.782608695652174,27.4,Low
R&D Executive #65601,Sciences / Laboratory / R&D,33,2750.0,0.24242424242424243,2.606060606060606,27.5,Low
R&D Mechanical Engineer (Associate To Senior),Engineering,21,5500.0,2.380952380952381,20.571428571428573,25.6,Medium
Ra Manager (Pharmaceutical Mnc),Healthcare / Pharmaceutical,25,8000.0,0.08,15.16,34.1,Low
Rad Instructors - Part Time,Customer Service,21,1500.0,0.14285714285714285,9.80952380952381,25.0,Low
Radiographer,Healthcare / Pharmaceutical,119,4750.0,0.23529411764705882,25.42016806722689,40.5,Low
Radiographer ( 5 Days Office Hours ) – Immediate Role #Hvy,Consulting,22,4500.0,0.045454545454545456,1.5454545454545454,29.8,Low
"Radiographer ( 5 Days Week, Alternate Saturday ) #Hvn",Consulting,34,4500.0,0.058823529411764705,1.7941176470588236,32.4,Low
Radiographer - Office Hour,Environment / Health,21,4000.0,0.0,11.285714285714286,25.9,Low
Receptionist,Admin / Secretarial,325,2400.0,8.473846153846154,79.37846153846154,29.8,High
Receptionist,Consulting,39,2700.0,0.8461538461538461,22.102564102564102,27.2,Low
Receptionist,Customer Service,133,2150.0,1.9548872180451127,23.646616541353385,30.3,Medium
Receptionist Cum Admin,Admin / Secretarial,50,2400.0,4.64,52.4,19.8,Medium
Receptionist Cum Admin Assistant,Admin / Secretarial,98,2400.0,5.010204081632653,44.234693877551024,23.8,High
Receptionist 接待员,Customer Service,24,2000.0,0.16666666666666666,5.166666666666667,25.3,Low
Reclamation Worker,Building and Construction,24,6050.0,0.08333333333333333,5.291666666666667,32.1,Low
Recruiter,Human Resources,62,3500.0,1.2096774193548387,18.93548387096774,29.5,Medium
Recruiter (Home-Base) - Remote Support,Human Resources,97,3500.0,5.587628865979381,46.175257731958766,26.4,High
Recruitment Assistant | Hr | Immediate | Training Provided,Human Resources,20,2900.0,0.65,8.35,20.9,Low
Recruitment Consultant,Admin / Secretarial,34,3025.0,1.3235294117647058,15.5,24.0,Medium
Recruitment Consultant,Advertising / Media,24,3000.0,0.041666666666666664,1.0833333333333333,24.7,Low
Recruitment Consultant,Banking and Finance,36,4975.0,1.6666666666666667,18.416666666666668,29.1,Medium
Recruitment Consultant,Consulting,152,3500.0,1.6513157894736843,17.61842105263158,34.9,Medium
Recruitment Consultant,Customer Service,33,3150.0,1.696969696969697,20.90909090909091,24.7,Medium
Recruitment Consultant,Human Resources,270,3700.0,2.0592592592592593,22.096296296296295,38.9,Medium
Recruitment Consultant,Marketing / Public Relations,110,2750.0,0.06363636363636363,5.236363636363636,34.2,Low
Recruitment Consultant,Others,20,3250.0,1.25,14.8,21.9,Medium
Recruitment Consultant ( Jurong East ) - Singaporeans Only,Human Resources,20,5000.0,1.65,13.1,22.3,Medium
Recruitment Consultant (Banking & Finance/Tai Seng/Salary Up To $4K),Human Resources,32,3250.0,0.09375,3.03125,26.8,Low
Recruitment Consultant (Freelance/Wfh),Customer Service,72,3750.0,1.7638888888888888,21.73611111111111,28.1,Medium
Recruitment Consultant (No Experience Welcome/5Days)060,Consulting,22,4250.0,0.18181818181818182,2.727272727272727,27.9,Low
"Recruitment Consultant (Wfh, Remote Support)",Human Resources,76,4500.0,3.8157894736842106,38.10526315789474,28.3,Medium
Recruitment Consultant / Specialist - Perm Position,Human Resources,33,3750.0,0.24242424242424243,1.7272727272727273,30.4,Low
Recruitment Consultant @ East / No Exp Req / Office Hours,Admin / Secretarial,42,3750.0,0.21428571428571427,2.857142857142857,33.4,Low
"Recruitment Consultants(Cei, Commission-Based, Work Fr Home)",Advertising / Media,30,5000.0,0.3,6.933333333333334,30.8,Low
Recruitment Executive,Human Resources,161,6250.0,1.062111801242236,12.658385093167702,40.1,Medium
Recruitment Executive ( Healthcare ) #Hvn,Consulting,23,3500.0,0.17391304347826086,4.913043478260869,27.8,Low
Recruitment Manager (Start-Up Expansion),Human Resources,411,6500.0,0.4793187347931874,6.997566909975669,48.3,Low
Recruitment Manager / Senior Recruitment Consultant ( Jurong East ) - Singaporeans Only,Human Resources,20,9000.0,1.4,13.35,30.2,Medium
"Recruitment Managers (Cei, Commission-Based, Work Fr Home)",Advertising / Media,23,5000.0,0.17391304347826086,3.5652173913043477,29.6,Low
Recruitment Officer,Admin / Secretarial,103,1640.0,0.8737864077669902,16.70873786407767,28.7,Low
Recruitment Officers(Many Vacancies),Admin / Secretarial,34,2550.0,0.3235294117647059,4.205882352941177,24.8,Low
Recruitment Specialist,Human Resources,37,3250.0,1.027027027027027,13.08108108108108,25.1,Medium
Recruitment Specialist ( Healthcare) #Hdt,Human Resources,24,2750.0,0.125,7.291666666666667,25.9,Low
Recruitment Specialist [ No Exp Req / Office Hours / Basic + Comms ],Admin / Secretarial,23,3750.0,0.08695652173913043,1.9565217391304348,30.1,Low
Recruitment Specialist X 2,Customer Service,100,3500.0,0.23,9.77,35.5,Low
"Recruitment Team Lead, Temp & Contract Division",Admin / Secretarial,21,5250.0,0.2857142857142857,2.9047619047619047,30.0,Low
Ref Onsite Technician,Engineering,31,2300.0,0.0,1.6451612903225807,25.3,Low
Regional Business Development Manager,Banking and Finance,26,8750.0,1.0384615384615385,14.5,32.3,Medium
Regional Deputy General Manager ( Hr & Admin ),Human Resources,23,7750.0,1.608695652173913,11.826086956521738,28.4,Medium
Regional Finance Manager,Accounting / Auditing / Taxation,21,8500.0,10.857142857142858,91.71428571428571,21.2,High
Regional Finance Manager (Manufacturing Mnc),Accounting / Auditing / Taxation,36,9750.0,0.8333333333333334,8.833333333333334,36.9,Low
Regional Fp&A Manager (Education Industry),Accounting / Auditing / Taxation,72,9250.0,0.20833333333333334,1.5277777777777777,42.8,Low
Regional Hr Manager / Manufacturing Mnc (East),Human Resources,21,8500.0,5.857142857142857,34.23809523809524,24.0,High
Regional Manufacturing Manager (Apac) #66079,General Management,28,9000.0,1.0714285714285714,9.357142857142858,35.3,Medium
Regional Manufacturing Manager / Manufacturing Mnc / East,Engineering,21,9000.0,0.14285714285714285,0.6190476190476191,34.5,Low
"Regional Network Engineer (Ccnp) - Global Mnc, West",Information Technology,25,7000.0,0.92,26.36,29.1,Low
Regional Procurement Manager (Water Treatment Mnc) South,Logistics / Supply Chain,73,9000.0,2.2054794520547945,16.794520547945204,37.2,Medium
Regional Sales Engineer (Semiconductor),Customer Service,36,3500.0,0.027777777777777776,0.6666666666666666,28.3,Low
"Regional Sales Executive (B2B, Jewellery Instruments)",Sales / Retail,50,3400.0,0.06,1.7,30.2,Low
Regional Sales Executive (Scientific/Analytical Instruments),Engineering,45,4000.0,0.1111111111111111,10.422222222222222,30.3,Low
Regional Sales Executive / Beauty And Health / Central,Sales / Retail,34,4250.0,0.08823529411764706,0.6764705882352942,29.1,Low
Regional Sales Manager,Customer Service,22,5250.0,2.590909090909091,22.454545454545453,22.5,Medium
Regional Sales Manager,Engineering,21,7500.0,17.80952380952381,107.9047619047619,17.6,High
Regional Sales Manager,Sales / Retail,50,8000.0,5.88,53.56,29.5,High
Regional Sales Manager #65189,Sales / Retail,42,5100.0,0.42857142857142855,6.119047619047619,32.7,Low
Regional Sales Manager #65901,Sales / Retail,39,4500.0,0.41025641025641024,6.435897435897436,31.2,Low
Regional Sales Manager (Semiconductor),Customer Service,74,5500.0,0.2702702702702703,6.648648648648648,35.7,Low
Regional Sales Manager (Vsat/Rf),Engineering,35,5000.0,0.2571428571428571,2.3142857142857145,29.9,Low
Regional Sales Manager / Logistics Industry / East,Logistics / Supply Chain,26,6000.0,0.15384615384615385,2.576923076923077,30.2,Low
Regional Tender Executive,Logistics / Supply Chain,47,3500.0,0.02127659574468085,1.7659574468085106,30.1,Low
Registered Nurse,Healthcare / Pharmaceutical,60,3387.5,0.4666666666666667,18.85,35.9,Low
Regulatory Officer / West / No Experience Required - Training Provided / 1 Year Contract (Convertible) / Global Mnc,Sciences / Laboratory / R&D,184,1950.0,0.266304347826087,15.809782608695652,35.2,Low
Reinforcing Iron Worker,Building and Construction,23,3750.0,0.043478260869565216,1.6521739130434783,29.0,Low
"Relationship Banker (Salary Up To $5,500) - Code: Gl",Banking and Finance,24,4500.0,0.16666666666666666,3.9166666666666665,26.9,Low
Relationship Manager,Banking and Finance,151,7000.0,3.5298013245033113,43.83443708609271,38.5,Medium
Relationship Manager (Banking/Corporate Loans) - Code: Gl,Banking and Finance,51,3500.0,0.37254901960784315,16.88235294117647,29.1,Low
Relationship Manager (Business Banking/Hnw) - Code: Gl,Banking and Finance,36,5250.0,1.0833333333333333,20.27777777777778,27.8,Medium
Relationship Manager (Business Banking/Onshore) - Code: Gl,Banking and Finance,20,5250.0,0.25,6.55,26.7,Low
Relationship Manager (Cash & Deposit Services) - Code: Gl,Banking and Finance,80,4000.0,0.2,6.6375,33.7,Low
Relationship Manager (Corporate Banking) - Gl,Banking and Finance,54,4000.0,0.1111111111111111,2.6296296296296298,31.5,Low
Relationship Manager (Offshore Banking),Banking and Finance,39,7000.0,0.3076923076923077,4.871794871794871,35.4,Low
Relationship Manager (Premier / Priority Banking),Banking and Finance,47,5750.0,0.6595744680851063,6.9361702127659575,33.9,Low
"Relationship Manager (Reserved Credit Cards/Salary Up To $5,5K) - Code: Gl",Banking and Finance,38,4750.0,0.10526315789473684,1.868421052631579,30.6,Low
Release Manager,Information Technology,31,7750.0,1.4193548387096775,18.612903225806452,32.8,Medium
Relief Teacher Assistant,Education and Training,35,1800.0,1.9142857142857144,19.97142857142857,20.2,Medium
Renal / Dialysis Nurse [Island Wide / Up $5000 + Aws + Vb] C.L,Healthcare / Pharmaceutical,20,3750.0,0.1,4.15,27.7,Low
Renewal Sales Representative Cum Admin,Admin / Secretarial,28,2600.0,0.14285714285714285,2.1785714285714284,24.5,Low
Research Analyst Executive (Remote),Banking and Finance,22,4500.0,0.9545454545454546,17.727272727272727,23.6,Low
Research Assistant,Sciences / Laboratory / R&D,59,4700.0,3.389830508474576,63.54237288135593,26.6,Medium
Research Assistant (Biological Sciences),Sciences / Laboratory / R&D,23,5500.0,2.4347826086956523,35.21739130434783,22.8,Medium
Research Assistant (Nie - Oer),Education and Training,36,3250.0,2.5277777777777777,54.638888888888886,21.4,Medium
Research Associate,Sciences / Laboratory / R&D,33,5500.0,1.9696969696969697,59.878787878787875,26.3,Medium
"Research Engineer (1-Year Contract), Scis",Others,22,4100.0,0.45454545454545453,8.318181818181818,24.4,Low
Research Fellow,Sciences / Laboratory / R&D,107,6400.0,0.27102803738317754,15.299065420560748,40.7,Low
Research Fellow (Biological Sciences),Sciences / Laboratory / R&D,31,7500.0,0.1935483870967742,23.096774193548388,34.3,Low
Research Fellow (Chemistry),Sciences / Laboratory / R&D,60,7500.0,0.15,8.65,38.6,Low
Research Fellow (Mathematics),Sciences / Laboratory / R&D,24,8375.0,0.125,6.125,34.3,Low
Research Fellow (Mechanobiology Institute),Sciences / Laboratory / R&D,23,6375.0,0.17391304347826086,5.913043478260869,30.0,Low
"Research Fellow, School Of Computing",Sciences / Laboratory / R&D,23,7500.0,0.043478260869565216,2.608695652173913,33.3,Low
Research Officer,Sciences / Laboratory / R&D,22,4025.0,13.090909090909092,128.13636363636363,12.4,High
Reservations Agent,Admin / Secretarial,46,2200.0,0.3695652173913043,9.847826086956522,26.2,Low
Reservations And Sales Executive,Hospitality,30,3500.0,0.13333333333333333,2.7333333333333334,28.8,Low
Reservations Officer,Customer Service,26,2100.0,1.7307692307692308,28.26923076923077,18.5,Medium
Resident Engineer,Building and Construction,268,6250.0,2.3582089552238807,28.970149253731343,42.3,Medium
Resident Engineer,Engineering,37,7000.0,4.054054054054054,54.32432432432432,29.1,Medium
Resident Engineer (C&S),Building and Construction,23,6400.0,3.8260869565217392,43.130434782608695,24.4,Medium
Resident Engineer (Geo),Building and Construction,27,6150.0,0.25925925925925924,9.88888888888889,31.0,Low
Resident Engineer (Tunnel),Building and Construction,45,10000.0,0.37777777777777777,14.0,41.7,Low
Resident Physician,Healthcare / Pharmaceutical,54,10200.0,0.4074074074074074,21.38888888888889,45.0,Low
Resident Surveyor,Building and Construction,24,6125.0,0.3333333333333333,10.75,29.8,Low
Resident Technical Officer,Architecture / Interior Design,45,4750.0,2.488888888888889,34.666666666666664,27.0,Medium
Resident Technical Officer,Building and Construction,466,4900.0,2.163090128755365,32.512875536480685,44.2,Medium
Resident Technical Officer,Engineering,46,5000.0,4.739130434782608,58.58695652173913,26.0,Medium
Resident Technical Officer (Airport),Building and Construction,27,4400.0,0.3333333333333333,14.74074074074074,31.2,Low
Resident Technical Officer (C&S),Building and Construction,41,4750.0,1.6097560975609757,30.75609756097561,28.8,Medium
Resident Technical Officer (M&E),Building and Construction,44,4875.0,1.4772727272727273,14.431818181818182,29.5,Medium
Resident Technical Officer (Rto),Building and Construction,33,5000.0,1.696969696969697,24.181818181818183,26.3,Medium
Resident Technical Officer (Tunnel),Building and Construction,44,9500.0,0.29545454545454547,9.477272727272727,43.2,Low
Restaurant Assistant Manager,Customer Service,42,3900.0,0.3333333333333333,7.738095238095238,29.0,Low
Restaurant Assistant Manager,F&B,46,3425.0,1.1521739130434783,15.391304347826088,26.7,Medium
"Restaurant Assistant Manager ($3,000-$5,000)",F&B,119,4000.0,0.3025210084033613,17.19327731092437,36.0,Low
Restaurant Captain,Customer Service,30,3350.0,0.1,5.333333333333333,28.4,Low
Restaurant Captain,F&B,239,4000.0,0.2594142259414226,7.2092050209205025,43.7,Low
Restaurant Chef,F&B,40,4750.0,0.525,10.9,30.9,Low
Restaurant Cook,F&B,197,4250.0,0.07614213197969544,4.659898477157361,44.6,Low
Restaurant Executive,F&B,25,3050.0,0.36,7.56,25.8,Low
Restaurant Management Trainee,F&B,30,3325.0,0.13333333333333333,6.866666666666666,28.7,Low
Restaurant Manager,Customer Service,187,4250.0,1.9946524064171123,17.711229946524064,36.8,Medium
Restaurant Manager,F&B,1366,4350.0,1.9487554904831625,16.266471449487554,51.2,Medium
Restaurant Manager,General Management,40,5950.0,1.075,8.825,30.6,Medium
Restaurant Manager,Others,48,4500.0,1.0416666666666667,10.666666666666666,30.1,Medium
Restaurant Manager #Sgunitedjobs,F&B,34,4925.0,2.0,20.058823529411764,29.9,Medium
Restaurant Manager/ Assistant Manager,F&B,20,3300.0,0.05,1.2,24.0,Low
Restaurant Operations Manager,F&B,61,4950.0,1.6885245901639345,13.262295081967213,30.6,Medium
Restaurant Server,F&B,30,2950.0,0.1,21.666666666666668,27.1,Low
Restaurant Supervisor,Customer Service,84,3250.0,0.2857142857142857,12.75,35.2,Low
Restaurant Supervisor,F&B,566,3050.0,0.22438162544169613,10.736749116607774,46.6,Low
Retail Assistant,Customer Service,75,2187.5,0.72,20.706666666666667,29.8,Low
Retail Assistant,Sales / Retail,196,2150.0,1.3418367346938775,41.6530612244898,35.7,Medium
Retail Assistant #65750,Sales / Retail,35,1700.0,0.05714285714285714,3.657142857142857,26.8,Low
Retail Assistant / Islandwide / $11 Per Hour,Sales / Retail,81,1900.0,0.012345679012345678,1.4197530864197532,35.4,Low
Retail Assistant Manager,Sales / Retail,83,4000.0,0.4457831325301205,7.27710843373494,36.0,Low
Retail Associate,Customer Service,49,2100.0,0.2653061224489796,11.204081632653061,29.1,Low
Retail Associate,Sales / Retail,150,2300.0,0.9533333333333334,26.54,35.8,Low
Retail Associate (School Backpack),Sales / Retail,25,2100.0,0.0,3.48,23.5,Low
Retail Coffee Specialist / Supervisor(Full-Time),F&B,31,2100.0,0.06451612903225806,2.4193548387096775,24.6,Low
Retail Executive,Customer Service,26,3275.0,0.23076923076923078,8.26923076923077,28.0,Low
Retail Executive,Sales / Retail,98,3025.0,0.6836734693877551,20.622448979591837,34.0,Low
Retail Manager,Customer Service,26,3675.0,2.423076923076923,21.96153846153846,22.0,Medium
Retail Manager,Sales / Retail,251,4150.0,0.6334661354581673,10.936254980079681,42.8,Low
Retail Merchandiser #66136,Sales / Retail,20,2550.0,0.1,6.3,24.5,Low
Retail Operations Executive / Central / 6 Months (Renewable),Admin / Secretarial,38,2650.0,0.02631578947368421,0.3684210526315789,27.1,Low
Retail Operations Manager,Sales / Retail,26,5500.0,0.5384615384615384,8.23076923076923,29.3,Low
Retail Sales,Sales / Retail,29,2950.0,0.6206896551724138,23.24137931034483,25.1,Low
Retail Sales Assistant,Customer Service,27,2200.0,0.3333333333333333,19.14814814814815,25.2,Low
Retail Sales Assistant,Sales / Retail,67,2250.0,1.462686567164179,40.44776119402985,32.4,Medium
Retail Sales Assistant #65033,Sales / Retail,73,2250.0,0.1232876712328767,7.205479452054795,32.4,Low
Retail Sales Assistant (Fashion Accessories Whatsapp 81820736),Customer Service,44,3150.0,0.045454545454545456,4.363636363636363,31.1,Low
Retail Sales Assistant (Fashion Accessories),Customer Service,76,3150.0,0.7894736842105263,20.592105263157894,31.8,Low
Retail Sales Associate,Customer Service,72,2650.0,0.6666666666666666,19.430555555555557,32.5,Low
Retail Sales Associate,Sales / Retail,169,2400.0,0.9171597633136095,25.420118343195266,35.9,Low
"Retail Sales Associate X 10 (Changi Airport, Up To $3,000)",Sales / Retail,42,2500.0,0.09523809523809523,4.142857142857143,31.7,Low
Retail Sales Executive,Sales / Retail,111,3000.0,0.6306306306306306,23.1981981981982,35.5,Low
Retail Sales Specialist (Multiple Locations/Up To 4K) - 2323,Sales / Retail,37,2600.0,0.0,1.5945945945945945,27.0,Low
Retail Store Manager,Sales / Retail,20,4375.0,2.65,25.8,20.5,Medium
Retail Supervisor,Customer Service,29,2900.0,0.7931034482758621,20.620689655172413,25.6,Low
Retail Supervisor,Sales / Retail,167,2700.0,0.9640718562874252,24.65868263473054,36.4,Low
Risk Analyst,Risk Management,26,5500.0,12.461538461538462,139.34615384615384,16.4,High
Risk Management Facilitator,Building and Construction,21,8500.0,0.19047619047619047,7.190476190476191,33.4,Low
Risk Management Facilitator (Rmf),Building and Construction,20,8625.0,0.65,20.05,31.8,Low
Risk Technology Engineer,Information Technology,20,5800.0,0.4,3.8,30.2,Low
Roadshow Customer Acquisition Executive (Roadshow Islandwide/ Gross Up To 5K/ Direct Hire),Banking and Finance,56,3750.0,0.0,7.535714285714286,36.4,Low
"Roadshow Sales (Banking/Salary $3,100 + Bonus) | Code:Gl",Banking and Finance,20,3099.5,0.1,13.75,23.4,Low
Room Attendant,Customer Service,32,2000.0,0.125,15.21875,28.1,Low
Room Attendant,Hospitality,74,1950.0,0.33783783783783783,51.17567567567568,32.9,Low
Roti Prata Chef,F&B,20,3750.0,0.0,1.25,28.3,Low
"Safeguarding Manager (Education, Up To $7,000)",Education and Training,22,5750.0,0.7727272727272727,15.136363636363637,26.4,Low
Safety Coordinator,Building and Construction,479,3500.0,23.684759916492695,128.5073068893528,30.1,High
Safety Coordinator,Engineering,22,3150.0,33.95454545454545,198.0909090909091,6.7,High
Safety Coordinator,Environment / Health,31,3150.0,28.322580645161292,154.67741935483872,9.8,High
Safety Coordinator,Others,21,3000.0,24.523809523809526,135.61904761904762,7.1,High
Safety Coordinator #65747,Environment / Health,24,3300.0,0.875,14.666666666666666,24.2,Low
Safety Manager,Building and Construction,44,7000.0,15.977272727272727,93.93181818181819,21.8,High
Safety Manager (Maritime / Lead Auditor),Engineering,76,8500.0,0.15789473684210525,1.5526315789473684,42.0,Low
Safety Manager (Risk & Compliance) Hospitality Mnc,General Management,28,7850.0,0.4642857142857143,1.9642857142857142,32.9,Low
Safety Manager (Shipping / Maritime),Engineering,36,4400.0,0.1388888888888889,1.4444444444444444,29.5,Low
Safety Officer,Building and Construction,180,5250.0,10.63888888888889,68.2611111111111,30.8,High
Safety Officer,Environment / Health,23,4750.0,14.08695652173913,108.26086956521739,14.0,High
"Safety Officer (Wsho, Eco/Ecmo, 6 Days)",Building and Construction,31,6000.0,0.7096774193548387,9.870967741935484,29.3,Low
Safety Officer / Manufacturing Mnc / West,Engineering,31,5000.0,1.903225806451613,11.612903225806452,24.6,Medium
Safety Officer – Lta/Mrt,Building and Construction,20,5500.0,0.5,3.7,27.5,Low
Safety Supervisor,Building and Construction,26,3575.0,9.153846153846153,74.34615384615384,15.8,High
Sales,Sales / Retail,38,3175.0,0.631578947368421,21.36842105263158,27.3,Low
Sales & Application Engineer #66161,Sales / Retail,21,3750.0,0.19047619047619047,4.761904761904762,26.6,Low
Sales & Application Engineer (Electrical/North/Up To 6K/Own Car),Engineering,38,5500.0,0.34210526315789475,3.5526315789473686,31.9,Low
Sales & Business Development Specialist (Logistics) #65274,Sales / Retail,29,3750.0,0.1724137931034483,2.5172413793103448,28.8,Low
Sales & Marketing Executive,Admin / Secretarial,29,3000.0,0.6206896551724138,15.03448275862069,24.5,Low
Sales & Marketing Executive,Advertising / Media,35,3250.0,1.2,19.285714285714285,24.6,Medium
Sales & Marketing Executive,Customer Service,66,3500.0,0.5909090909090909,16.62121212121212,32.3,Low
Sales & Marketing Executive,Marketing / Public Relations,109,3250.0,1.1192660550458715,20.192660550458715,32.5,Medium
Sales & Marketing Executive,Sales / Retail,77,3500.0,2.4935064935064934,36.701298701298704,28.2,Medium
"Sales & Marketing Executive (Oil & Gas, Up To $8,000)",Logistics / Supply Chain,105,6000.0,1.2952380952380953,13.40952380952381,35.8,Medium
Sales & Marketing Manager,Customer Service,32,7500.0,3.53125,28.71875,28.4,Medium
Sales & Marketing Manager,Marketing / Public Relations,49,6600.0,1.8571428571428572,24.653061224489797,31.7,Medium
Sales & Marketing Manager,Sales / Retail,39,5750.0,1.8461538461538463,20.58974358974359,29.4,Medium
Sales & Marketing Manager #65774,Sales / Retail,31,6000.0,0.3548387096774194,5.161290322580645,32.7,Low
Sales Account Executive,Sales / Retail,23,3500.0,1.3478260869565217,25.17391304347826,22.7,Medium
Sales Account Executive #65683,Sales / Retail,53,2650.0,0.03773584905660377,4.660377358490566,31.4,Low
"Sales Account Executive (Electronics, B2B)",Marketing / Public Relations,25,3250.0,0.36,13.64,24.0,Low
Sales Account Manager,Consulting,30,7000.0,4.1,32.7,26.4,Medium
Sales Account Manager,Sales / Retail,43,4000.0,2.883720930232558,32.76744186046512,24.4,Medium
Sales Account Manager #65735,Sales / Retail,40,4800.0,0.25,4.725,32.6,Low
Sales Admin,Admin / Secretarial,174,2575.0,2.045977011494253,37.2816091954023,32.2,Medium
Sales Admin (5 Days/Central) #65605,Admin / Secretarial,23,3000.0,0.2608695652173913,5.739130434782608,25.5,Low
Sales Admin Assistant,Admin / Secretarial,76,2400.0,1.9605263157894737,35.828947368421055,26.2,Medium
Sales Admin Assistant (2 Months Contract) #65950,Admin / Secretarial,22,2250.0,0.22727272727272727,4.863636363636363,24.0,Low
Sales Admin Coordinator,Admin / Secretarial,66,2400.0,1.0757575757575757,22.5,27.1,Medium
Sales Admin Executive,Admin / Secretarial,75,2900.0,1.88,36.86666666666667,27.1,Medium
Sales Admin Executive #65621,Admin / Secretarial,56,3000.0,0.30357142857142855,10.196428571428571,31.2,Low
"Sales Admin Executive (Senoko, Up To $2,200)",Admin / Secretarial,73,2100.0,0.0958904109589041,5.054794520547945,31.4,Low
Sales Admin Support,Admin / Secretarial,21,3250.0,1.1904761904761905,21.571428571428573,20.9,Medium
Sales Administrative Executive (Fmcg) / 5.5 Days,Accounting / Auditing / Taxation,22,2600.0,0.045454545454545456,0.5,23.4,Low
Sales Administrator,Admin / Secretarial,126,2750.0,2.0238095238095237,32.357142857142854,30.1,Medium
Sales Administrator / Fmcg Mnc,Admin / Secretarial,49,2650.0,0.061224489795918366,3.0816326530612246,28.6,Low
Sales Administrator / Fmcg Mnc (1 Year Contract),Admin / Secretarial,23,2650.0,0.30434782608695654,12.91304347826087,22.6,Low
Sales And Marketing,Advertising / Media,115,3750.0,0.23478260869565218,6.173913043478261,35.6,Low
Sales And Marketing Executive,Advertising / Media,21,3300.0,2.5238095238095237,24.238095238095237,18.7,Medium
Sales And Marketing Executive,Customer Service,42,3750.0,0.30952380952380953,8.119047619047619,30.4,Low
Sales And Marketing Executive,Marketing / Public Relations,100,2750.0,1.69,25.66,29.4,Medium
Sales And Marketing Executive,Professional Services,55,4250.0,0.2,2.690909090909091,31.7,Low
Sales And Marketing Executive,Sales / Retail,35,3200.0,1.3142857142857143,26.085714285714285,24.3,Medium
Sales And Marketing Manager,Marketing / Public Relations,39,5250.0,0.717948717948718,11.35897435897436,30.0,Low
Sales And Marketing Manager,Sales / Retail,83,8000.0,2.2409638554216866,35.87951807228916,37.5,Medium
Sales Application Engineer ( Valve Industry ) Junior / Senior X2 ( Good Bonus + Good Pay ) 5 Days,Engineering,40,7000.0,0.275,3.25,35.7,Low
Sales Assistant,Admin / Secretarial,45,3600.0,0.5111111111111111,23.533333333333335,29.3,Low
Sales Assistant,Customer Service,26,2475.0,0.23076923076923078,19.26923076923077,24.9,Low
Sales Assistant,Sales / Retail,234,2550.0,0.3247863247863248,16.72222222222222,40.1,Low
Sales Assistant Manager,Admin / Secretarial,21,7200.0,0.7142857142857143,9.142857142857142,30.3,Low
Sales Assistant Manager,Customer Service,31,4300.0,0.0967741935483871,3.2580645161290325,29.6,Low
Sales Assistant Manager,F&B,40,7500.0,0.3,6.35,37.1,Low
Sales Assistant Manager,General Work,23,4000.0,0.4782608695652174,8.956521739130435,27.3,Low
Sales Assistant Manager,Sales / Retail,372,8000.0,0.25268817204301075,5.129032258064516,53.7,Low
Sales Assistant Supervisor,Sales / Retail,75,3050.0,0.02666666666666667,4.773333333333333,32.4,Low
Sales Associate,Customer Service,46,2500.0,0.717391304347826,13.76086956521739,28.4,Low
Sales Associate,Sales / Retail,191,2850.0,0.8691099476439791,21.356020942408378,37.6,Low
Sales Associate #65568,Sales / Retail,28,1999.5,0.0,2.2142857142857144,26.2,Low
"Sales Associate (Home Audio, Retail)",Customer Service,51,3250.0,0.21568627450980393,7.9411764705882355,30.6,Low
Sales Co-Ordinator,Admin / Secretarial,20,2750.0,0.75,23.2,20.6,Low
Sales Consultant,Consulting,48,3700.0,1.9375,29.0625,27.1,Medium
Sales Consultant,Customer Service,61,3750.0,1.0163934426229508,20.59016393442623,30.7,Medium
Sales Consultant,Sales / Retail,128,3550.0,1.4609375,24.6875,35.2,Medium
Sales Consultant (Fmcg Industry / No Experience Needed),Sales / Retail,29,3750.0,0.20689655172413793,3.5517241379310347,26.5,Low
"Sales Consultant (Healthcare/Medical, Retail)",Sales / Retail,24,3500.0,0.08333333333333333,2.4583333333333335,27.3,Low
"Sales Consultants(Cei, Commission-Based, Work From Home)",Advertising / Media,31,5000.0,0.25806451612903225,6.032258064516129,31.2,Low
"Sales Consultants(Payroll/Hr Services, Work Fr Home, Commission-Based)",Advertising / Media,29,5000.0,0.20689655172413793,6.655172413793103,31.0,Low
Sales Coordinator,Admin / Secretarial,418,2750.0,1.3421052631578947,25.1555023923445,39.7,Medium
Sales Coordinator,Building and Construction,30,2875.0,0.7666666666666667,15.566666666666666,23.9,Low
Sales Coordinator,Customer Service,140,2750.0,1.5071428571428571,28.5,31.8,Medium
Sales Coordinator,General Management,80,2300.0,0.5375,11.6375,30.1,Low
Sales Coordinator,Logistics / Supply Chain,37,3000.0,1.7837837837837838,31.054054054054053,23.0,Medium
Sales Coordinator,Sales / Retail,165,2900.0,1.503030303030303,28.278787878787877,33.3,Medium
Sales Coordinator #65210,Sales / Retail,33,2150.0,0.030303030303030304,2.4242424242424243,27.4,Low
"Sales Coordinator (Commonwealth, Up To $2,700)",Admin / Secretarial,83,2550.0,0.060240963855421686,2.9036144578313254,32.0,Low
"Sales Coordinator (Fmcg, Up To $3,300)",Admin / Secretarial,36,3150.0,0.1388888888888889,4.777777777777778,27.1,Low
"Sales Coordinator (Freight Forwarding, Changi)",Accounting / Auditing / Taxation,24,2325.0,0.0,4.041666666666667,23.6,Low
Sales Coordinator (It Solutions),Admin / Secretarial,49,2750.0,0.3877551020408163,10.612244897959183,27.4,Low
Sales Coordinator (Logistics) #65242,Logistics / Supply Chain,61,3000.0,0.2786885245901639,5.19672131147541,31.9,Low
Sales Coordinator (Maritime Industry),Admin / Secretarial,26,2850.0,0.07692307692307693,0.9615384615384616,24.7,Low
Sales Coordinator (Medical Industry),Admin / Secretarial,24,3500.0,0.25,3.7083333333333335,24.6,Low
Sales Coordinator (S$2500-S$3500),Information Technology,27,3000.0,0.37037037037037035,7.666666666666667,24.0,Low
"Sales Coordinator (Semiconductor, Up To $3,200)",Admin / Secretarial,40,2850.0,0.375,9.5,26.3,Low
"Sales Coordinator (Semiconductor, Up To $3,400)",Admin / Secretarial,22,2950.0,0.7272727272727273,7.590909090909091,21.3,Low
"Sales Coordinator (West, Chemical/Mechanical/Mechatronics)",Admin / Secretarial,26,2850.0,0.038461538461538464,3.269230769230769,24.9,Low
"Sales Coordinator - (West, Manufacturing Mnc)",Customer Service,23,2550.0,0.0,0.2608695652173913,23.8,Low
Sales Coordinator - Manufacturing Mnc - West,Customer Service,35,2550.0,0.0,0.2,26.5,Low
Sales Coordinator / Sales Support Executive #65788,Sales / Retail,37,3000.0,0.24324324324324326,5.72972972972973,28.7,Low
Sales Coordinator / West / Manufacturing Mnc,Customer Service,31,2550.0,0.0,1.096774193548387,25.7,Low
Sales Coordinator Cum Assist Purchaser,Engineering,23,1750.0,0.391304347826087,8.73913043478261,22.7,Low
Sales Designer,Architecture / Interior Design,54,4000.0,1.1296296296296295,30.555555555555557,30.1,Medium
Sales Development Representative,Sales / Retail,22,4950.0,3.1363636363636362,18.727272727272727,21.1,Medium
Sales Director,Information Technology,42,8900.0,9.738095238095237,56.42857142857143,27.6,High
Sales Director,Sales / Retail,65,10500.0,7.7846153846153845,54.01538461538462,34.1,High
Sales Director (Global Oil & Gas Mnc),Customer Service,33,11000.0,2.5454545454545454,15.727272727272727,35.1,Medium
Sales Engineer,Building and Construction,78,3750.0,1.2307692307692308,25.192307692307693,30.5,Medium
Sales Engineer,Consulting,20,4125.0,2.1,25.2,20.5,Medium
Sales Engineer,Customer Service,130,3650.0,1.3615384615384616,21.16923076923077,33.2,Medium
Sales Engineer,Engineering,382,3900.0,1.4240837696335078,21.48952879581152,41.5,Medium
Sales Engineer,Manufacturing,47,3750.0,2.4468085106382977,28.25531914893617,24.4,Medium
Sales Engineer,Sales / Retail,166,3900.0,1.680722891566265,22.240963855421686,35.2,Medium
Sales Engineer #65723,Sales / Retail,44,4000.0,0.2727272727272727,3.159090909090909,31.6,Low
Sales Engineer #65744,Sales / Retail,32,3500.0,0.03125,1.59375,29.7,Low
Sales Engineer #65785,Sales / Retail,22,4000.0,0.09090909090909091,2.8181818181818183,27.9,Low
Sales Engineer #65792,Sales / Retail,40,2750.0,0.0,3.475,29.9,Low
Sales Engineer #65835,Sales / Retail,25,5000.0,0.24,3.2,29.9,Low
Sales Engineer #65869,Sales / Retail,25,4400.0,0.08,2.84,29.5,Low
Sales Engineer #65886,Sales / Retail,40,3250.0,0.05,3.6,30.6,Low
Sales Engineer #65922,Sales / Retail,38,3250.0,0.13157894736842105,4.552631578947368,29.9,Low
"Sales Engineer (5 Days, Electronics) #65655",Sales / Retail,33,3150.0,0.06060606060606061,1.7272727272727273,29.1,Low
"Sales Engineer (B2B, Automotive Battery, Class 3)",Sales / Retail,76,3475.0,0.013157894736842105,1.736842105263158,33.3,Low
"Sales Engineer (Construction, Industrial Equipment)",Building and Construction,44,4500.0,0.045454545454545456,0.8636363636363636,31.4,Low
Sales Engineer (Control System/5 Days/Good Benefits) #65863,Sales / Retail,33,4250.0,0.18181818181818182,2.393939393939394,30.6,Low
Sales Engineer (Door System),Architecture / Interior Design,23,3500.0,0.043478260869565216,1.2173913043478262,25.3,Low
"Sales Engineer (Electronic Components, Up To $5,000)",Engineering,36,4250.0,0.16666666666666666,3.9166666666666665,29.1,Low
"Sales Engineer (Industrial Equipment, Up To $4,000)",Consulting,83,3250.0,0.08433734939759036,3.746987951807229,33.1,Low
Sales Engineer (Industrial Measurement Equipment)/ East,Sales / Retail,78,3550.0,0.01282051282051282,0.16666666666666666,33.6,Low
"Sales Engineer (Oil & Gas, Tuas, Up To $4,000)",Engineering,22,3750.0,0.09090909090909091,1.3181818181818181,25.3,Low
Sales Engineer (Security System) #65662,Sales / Retail,35,2700.0,0.0,2.3714285714285714,28.9,Low
"Sales Engineer (Semiconductor, Gas Control/Analysis Equipment)",Engineering,43,3400.0,0.16279069767441862,4.209302325581396,28.7,Low
Sales Engineer (Semiconductor/ Electronics) #65655,Sales / Retail,21,3200.0,0.047619047619047616,4.523809523809524,26.3,Low
Sales Engineer - Fiber And Digital Tv,Engineering,24,3250.0,0.20833333333333334,3.625,24.4,Low
Sales Engineer / Proposal Engineer / Tender/Rfp/Rfq – Sustainable Energy Solutions,Engineering,57,7000.0,0.2807017543859649,3.3859649122807016,38.1,Low
Sales Engineer – Sustainable Energy Solutions,Engineering,23,6000.0,0.17391304347826086,4.0,30.7,Low
Sales Executive,Admin / Secretarial,94,3000.0,1.127659574468085,20.659574468085108,31.4,Medium
Sales Executive,Advertising / Media,100,4750.0,1.04,17.65,34.6,Medium
Sales Executive,Architecture / Interior Design,58,3500.0,1.0344827586206897,19.06896551724138,29.1,Medium
Sales Executive,Banking and Finance,37,3000.0,1.5405405405405406,31.2972972972973,24.6,Medium
Sales Executive,Building and Construction,155,3500.0,1.070967741935484,18.98709677419355,35.3,Medium
Sales Executive,Consulting,54,3750.0,1.9444444444444444,30.796296296296298,27.6,Medium
Sales Executive,Customer Service,413,3400.0,1.3631961259079903,21.716707021791766,41.5,Medium
Sales Executive,Engineering,64,3250.0,1.1875,21.140625,28.1,Medium
Sales Executive,F&B,84,3750.0,1.7261904761904763,27.61904761904762,30.5,Medium
Sales Executive,General Management,89,2250.0,0.19101123595505617,8.348314606741573,31.4,Low
Sales Executive,Healthcare / Pharmaceutical,33,3500.0,2.3333333333333335,24.636363636363637,22.1,Medium
Sales Executive,Information Technology,72,3500.0,1.6111111111111112,24.13888888888889,29.0,Medium
Sales Executive,Logistics / Supply Chain,85,3250.0,1.611764705882353,28.988235294117647,29.8,Medium
Sales Executive,Manufacturing,64,3500.0,0.9375,19.890625,30.0,Low
Sales Executive,Marketing / Public Relations,101,3600.0,1.5445544554455446,23.84158415841584,31.7,Medium
Sales Executive,Others,51,3250.0,0.7843137254901961,14.07843137254902,29.1,Low
Sales Executive,Personal Care / Beauty,77,4000.0,0.8181818181818182,12.35064935064935,32.6,Low
Sales Executive,Professional Services,20,4000.0,0.95,23.05,22.9,Low
Sales Executive,Sales / Retail,1356,3300.0,1.2153392330383481,21.400442477876105,49.9,Medium
Sales Executive,Wholesale Trade,112,3500.0,2.107142857142857,34.17857142857143,31.1,Medium
Sales Executive #64844,Sales / Retail,70,3250.0,0.11428571428571428,6.9714285714285715,34.0,Low
Sales Executive #65613,Sales / Retail,58,3000.0,0.10344827586206896,4.448275862068965,32.3,Low
Sales Executive #65712,Sales / Retail,33,2500.0,0.030303030303030304,3.272727272727273,28.0,Low
Sales Executive #65924,Sales / Retail,34,2750.0,0.058823529411764705,3.9411764705882355,28.5,Low
"Sales Executive (3Pl, Freight Forwarding)",Logistics / Supply Chain,20,5500.0,0.25,12.25,27.2,Low
"Sales Executive (Automotive Parts) - Global Mnc, West",Engineering,34,3050.0,0.0,0.14705882352941177,27.3,Low
"Sales Executive (Automotive/Lubricant, Class 3, West)",Advertising / Media,71,4000.0,0.11267605633802817,3.619718309859155,33.3,Low
Sales Executive (Cctv),Sales / Retail,25,3750.0,0.12,3.12,26.0,Low
Sales Executive (Commission Based/Aws/5 Days) #65113,Sales / Retail,27,3000.0,0.0,4.074074074074074,27.8,Low
"Sales Executive (Design, East)",Architecture / Interior Design,23,3000.0,0.0,0.4782608695652174,26.0,Low
Sales Executive (Education) Central,Sales / Retail,21,3350.0,0.047619047619047616,1.0,24.4,Low
Sales Executive (General Trade / Modern Trade),Sales / Retail,69,3000.0,0.014492753623188406,1.1884057971014492,31.8,Low
"Sales Executive (Heavy Equipment) - East, Global Mnc",Engineering,32,3500.0,0.03125,2.875,27.5,Low
"Sales Executive (Industrial Equipment) - Global Mnc, West",Engineering,43,2900.0,0.0,0.6046511627906976,28.5,Low
Sales Executive (Industrial Hardware) #65247,Sales / Retail,26,3000.0,0.038461538461538464,1.3846153846153846,27.3,Low
Sales Executive (It / Electronic) No Experience Required,Sales / Retail,44,3150.0,0.20454545454545456,3.727272727272727,28.2,Low
Sales Executive (It Technology/ Software),Information Technology,29,3750.0,0.20689655172413793,3.4827586206896552,26.5,Low
Sales Executive (It),Sales / Retail,27,2850.0,0.18518518518518517,3.2962962962962963,24.5,Low
Sales Executive (Japanese Speaking) #64762,Sales / Retail,28,3000.0,0.03571428571428571,6.821428571428571,27.8,Low
Sales Executive (Laboratory Supplies) / Chemicals Mnc / West,Sales / Retail,36,3800.0,0.08333333333333333,0.3333333333333333,28.6,Low
Sales Executive (Logistics),Customer Service,26,3000.0,0.3076923076923077,3.1538461538461537,24.0,Low
"Sales Executive (Manufacturing Mnc, West)",Engineering,36,2900.0,0.05555555555555555,0.4722222222222222,27.1,Low
"Sales Executive - Environmental Mnc, West",Environment / Health,44,3400.0,0.06818181818181818,0.9772727272727273,29.3,Low
Sales Executive - Training Provided #52864,Sales / Retail,35,3000.0,0.2857142857142857,8.8,28.2,Low
Sales Executive - Unified Communications Solutions,Sales / Retail,46,4000.0,0.17391304347826086,2.260869565217391,30.2,Low
Sales Executive / Chemicals Mnc / West (Laboratory Supplies),Sales / Retail,30,3800.0,0.03333333333333333,0.23333333333333334,27.7,Low
Sales Executive / Fmcg (West),Marketing / Public Relations,44,3250.0,0.022727272727272728,0.8863636363636364,29.2,Low
Sales Executive / Fmcg Mnc,Marketing / Public Relations,21,3750.0,0.3333333333333333,21.476190476190474,23.9,Low
Sales Executive / No Experience Required / One Year Contract / West,Marketing / Public Relations,20,3500.0,0.0,0.7,26.0,Low
Sales Executive / West / Environmental Mnc,Environment / Health,34,3400.0,0.029411764705882353,2.676470588235294,27.8,Low
Sales Executive / West / Global Mnc (Industrial Equipment),Engineering,48,2900.0,0.08333333333333333,1.625,28.8,Low
Sales Executive / West / Manufacturing Mnc,Engineering,28,2900.0,0.07142857142857142,0.6785714285714286,25.4,Low
Sales Executive Air-Conditioning Company (Indoor Sales),Professional Services,158,2150.0,0.06329113924050633,3.7278481012658227,35.5,Low
Sales Executive With Cei (Maid Agency),Consulting,31,3000.0,0.16129032258064516,8.67741935483871,26.3,Low
Sales Executive/ Sales Officer #56925,Sales / Retail,35,3000.0,0.2,7.371428571428571,28.5,Low
Sales Interior Designer,Architecture / Interior Design,160,4250.0,1.01875,17.18125,39.2,Medium
Sales Interior Designer,Building and Construction,46,6250.0,0.2391304347826087,7.304347826086956,35.5,Low
Sales Interior Designer #65904,Design,35,4000.0,0.08571428571428572,3.914285714285714,30.9,Low
Sales Manager,Admin / Secretarial,82,4000.0,1.5609756097560976,18.365853658536587,31.3,Medium
Sales Manager,Advertising / Media,118,10500.0,0.5,8.601694915254237,47.4,Low
Sales Manager,Architecture / Interior Design,26,4000.0,1.4230769230769231,18.03846153846154,23.3,Medium
Sales Manager,Banking and Finance,47,5250.0,4.085106382978723,48.680851063829785,25.8,Medium
Sales Manager,Building and Construction,80,5500.0,2.525,24.0375,31.4,Medium
Sales Manager,Consulting,61,7750.0,3.19672131147541,32.295081967213115,33.4,Medium
Sales Manager,Customer Service,255,5000.0,1.411764705882353,18.68235294117647,40.7,Medium
Sales Manager,Engineering,108,6000.0,3.0277777777777777,26.50925925925926,33.9,Medium
Sales Manager,F&B,112,7500.0,0.6428571428571429,8.348214285714286,42.4,Low
Sales Manager,General Management,149,6000.0,2.0805369127516777,23.093959731543624,38.0,Medium
Sales Manager,General Work,124,7500.0,1.467741935483871,12.89516129032258,42.3,Medium
Sales Manager,Hospitality,59,4600.0,3.406779661016949,39.71186440677966,26.6,Medium
Sales Manager,Information Technology,60,6500.0,5.283333333333333,47.0,28.6,High
Sales Manager,Logistics / Supply Chain,43,5500.0,2.0,26.162790697674417,28.9,Medium
Sales Manager,Manufacturing,51,4800.0,1.0784313725490196,12.92156862745098,30.3,Medium
Sales Manager,Marketing / Public Relations,59,5400.0,2.610169491525424,22.796610169491526,29.6,Medium
Sales Manager,Others,48,4500.0,2.0,25.5625,28.0,Medium
Sales Manager,Personal Care / Beauty,61,4000.0,0.3442622950819672,9.80327868852459,32.2,Low
Sales Manager,Sales / Retail,1230,8000.0,1.4479674796747968,16.691056910569106,57.3,Medium
Sales Manager,Wholesale Trade,60,8000.0,3.7666666666666666,28.783333333333335,33.1,Medium
Sales Manager #65915,Sales / Retail,38,7500.0,0.42105263157894735,7.7105263157894735,36.6,Low
Sales Manager #65962,Sales / Retail,30,8000.0,0.3,7.566666666666666,36.4,Low
Sales Manager (Electron/Light Microscopy),Education and Training,28,4750.0,0.03571428571428571,1.9642857142857142,29.0,Low
Sales Manager (Export) #65757,Sales / Retail,49,7350.0,0.5918367346938775,8.020408163265307,37.4,Low
Sales Manager (F&B) #64869,Sales / Retail,41,4800.0,0.1951219512195122,7.365853658536586,33.0,Low
"Sales Manager (Govt Projects, It/Si Sector)",Information Technology,20,6500.0,0.1,0.7,29.7,Low
Sales Manager (Infra),Information Technology,27,5750.0,0.037037037037037035,0.8518518518518519,34.5,Low
"Sales Manager (Iso Tank/Flexitank, Dg Goods)",Logistics / Supply Chain,49,5000.0,0.10204081632653061,6.3061224489795915,32.8,Low
Sales Manager (It) / East / Global Mnc,Information Technology,22,5000.0,0.09090909090909091,1.2727272727272727,27.6,Low
"Sales Manager (It, Security Solutions) / Global Mnc / East",Information Technology,22,5000.0,0.045454545454545456,0.6363636363636364,27.8,Low
Sales Manager (Japanese Speaking),Customer Service,23,3700.0,0.21739130434782608,13.08695652173913,26.2,Low
Sales Manager (Logistics & Warehousing) #65959,Sales / Retail,35,5750.0,0.2571428571428571,5.714285714285714,33.4,Low
Sales Manager (Logistics/ Freight Forwarding) #65009,Sales / Retail,25,6500.0,0.28,4.0,32.5,Low
Sales Manager (Machining) / Manufacturing Mnc / West,Sales / Retail,23,7500.0,0.4782608695652174,3.9130434782608696,30.9,Low
Sales Manager (Proav Industry) - East,Information Technology,37,6500.0,0.13513513513513514,1.1081081081081081,33.6,Low
Sales Manager (Semiconductor),Sales / Retail,27,5500.0,0.037037037037037035,1.2222222222222223,30.1,Low
Sales Manager (Upstream Oil & Gas Projects),Engineering,35,8000.0,1.9142857142857144,14.17142857142857,31.0,Medium
Sales Manager (Wine),Sales / Retail,28,3500.0,0.0,2.142857142857143,26.8,Low
Sales Manager Graduate Program (Industrial Equipment),Building and Construction,30,4500.0,0.1,1.8333333333333333,28.6,Low
Sales Merchandiser,Purchasing / Merchandising,25,2400.0,4.04,60.0,16.8,Medium
Sales Merchandiser,Sales / Retail,48,2325.0,1.3333333333333333,18.25,25.7,Medium
Sales Operations Manager,Sales / Retail,20,5500.0,0.9,12.2,25.0,Low
Sales Operations Manager #65940,Sales / Retail,20,4750.0,0.35,4.55,27.5,Low
Sales Project Assistant Manager (B2B Sales) Fmcg,Building and Construction,84,4250.0,0.0,0.36904761904761907,35.5,Low
Sales Promoter,Sales / Retail,95,1900.0,0.17894736842105263,7.652631578947369,32.2,Low
Sales Promoter (Multiple Locations) - 2323,Sales / Retail,23,1900.0,0.0,0.5652173913043478,22.6,Low
Sales Representative,Customer Service,70,3500.0,1.2714285714285714,21.485714285714284,30.6,Medium
Sales Representative,Sales / Retail,129,3300.0,1.5426356589147288,25.186046511627907,33.8,Medium
Sales Representative #65237,Sales / Retail,28,2300.0,0.03571428571428571,1.9285714285714286,26.5,Low
"Sales Representative (Education Industry, Near Mrt) #65847",Sales / Retail,31,3250.0,0.03225806451612903,2.0,29.0,Low
Sales Representative (Medical Device),Healthcare / Pharmaceutical,41,3250.0,0.24390243902439024,6.2439024390243905,27.7,Low
Sales Representative 路演销售代表,Marketing / Public Relations,32,4000.0,0.0625,2.0,31.5,Low
Sales Specialist,Sales / Retail,25,3500.0,1.84,27.16,21.2,Medium
Sales Specialist (Security Systems) #65902,Sales / Retail,39,2750.0,0.02564102564102564,3.230769230769231,29.6,Low
Sales Supervisor,Admin / Secretarial,265,4000.0,0.07169811320754717,3.3056603773584907,44.5,Low
Sales Supervisor,Customer Service,95,4100.0,0.1368421052631579,2.5473684210526315,36.8,Low
Sales Supervisor,F&B,60,4075.0,0.15,6.083333333333333,34.5,Low
Sales Supervisor,General Work,302,4000.0,0.06291390728476821,2.1490066225165565,46.5,Low
Sales Supervisor,Manufacturing,26,4075.0,0.038461538461538464,5.730769230769231,29.4,Low
Sales Supervisor,Others,55,4000.0,0.16363636363636364,4.5636363636363635,33.6,Low
Sales Supervisor,Personal Care / Beauty,39,4150.0,0.07692307692307693,2.4615384615384617,31.9,Low
Sales Supervisor,Sales / Retail,992,4000.0,0.06451612903225806,3.594758064516129,53.5,Low
Sales Supervisor / Manager,Consulting,32,8400.0,0.15625,2.3125,36.1,Low
Sales Support,Admin / Secretarial,61,2500.0,1.098360655737705,23.721311475409838,26.9,Medium
Sales Support (Korean Speaking) #64706,Sales / Retail,73,2750.0,0.0410958904109589,5.986301369863014,33.7,Low
Sales Support Admin #65622,Admin / Secretarial,47,2750.0,0.1702127659574468,5.914893617021277,30.2,Low
Sales Support Admin (General Insurance),Admin / Secretarial,33,2400.0,0.2727272727272727,8.303030303030303,24.6,Low
Sales Support Admin / Central / 1 Year Contract (Convertible) / Manufacturing,Admin / Secretarial,32,2750.0,0.375,3.03125,24.6,Low
Sales Support Coordinator,Admin / Secretarial,40,2750.0,1.65,33.625,23.2,Medium
Sales Support Coordinator,Sales / Retail,20,2425.0,1.35,26.5,18.4,Medium
Sales Support Coordinator #66073,Sales / Retail,20,2600.0,0.0,3.45,25.1,Low
Sales Support Engineer,Engineering,29,3500.0,0.8620689655172413,12.586206896551724,24.6,Low
Sales Support Executive,Admin / Secretarial,135,3000.0,1.5777777777777777,24.185185185185187,31.8,Medium
Sales Support Executive,Customer Service,53,3200.0,2.8679245283018866,40.20754716981132,24.0,Medium
Sales Support Executive,Sales / Retail,23,3000.0,1.0869565217391304,23.47826086956522,21.0,Medium
Sales Support Executive (Metals/ Cnc/ Precision),Customer Service,36,3000.0,0.7222222222222222,15.944444444444445,26.0,Low
Sales Support Executive (Uhnw Insurance Broker),Banking and Finance,23,3600.0,0.17391304347826086,5.782608695652174,26.2,Low
"Sales Support Officer (East, Freight Forwarding)",Admin / Secretarial,133,2750.0,0.24060150375939848,5.819548872180451,34.6,Low
Salesforce Architect,Information Technology,28,11250.0,0.32142857142857145,8.857142857142858,41.4,Low
Salesforce Developer,Information Technology,71,7800.0,0.22535211267605634,8.28169014084507,41.9,Low
Salon Manager,Consulting,37,3750.0,0.21621621621621623,13.81081081081081,30.2,Low
Salon Manager,Personal Care / Beauty,30,7500.0,0.1,7.133333333333334,36.2,Low
Salon Supervisor,Customer Service,47,4250.0,0.0425531914893617,10.72340425531915,35.9,Low
Sap Abap Consultant,Information Technology,27,7600.0,1.7407407407407407,51.48148148148148,30.8,Medium
Sap Abap Developer,Information Technology,22,7500.0,1.6818181818181819,41.40909090909091,28.8,Medium
Sap Basis Consultant,Information Technology,36,6050.0,0.8611111111111112,32.5,31.6,Low
Sap Consultant,Information Technology,114,7000.0,1.0614035087719298,20.087719298245613,41.1,Medium
Sap Fico Consultant,Consulting,33,9000.0,2.515151515151515,35.21212121212121,33.2,Medium
Sap Fico Consultant,Information Technology,53,8750.0,2.0,30.358490566037737,36.5,Medium
Sap Project Manager,Information Technology,29,10750.0,5.896551724137931,43.724137931034484,31.5,High
Sap Sd Consultant,Information Technology,23,8750.0,1.3043478260869565,21.17391304347826,32.3,Medium
Sap Test Manager,Information Technology,26,8200.0,0.46153846153846156,5.846153846153846,33.9,Low
Sas Developer,Information Technology,34,8750.0,0.029411764705882353,3.5294117647058822,39.0,Low
"Scaffold Coordinator (Salary Up To $5,000) #65017",Building and Construction,43,4000.0,0.32558139534883723,7.069767441860465,31.2,Low
"Scaffold Project Manager (Gross Salary Up To $5,000 With Commission) #65916",General Management,20,7500.0,0.2,4.1,33.2,Low
Scaffolding Supervisor,Building and Construction,20,3650.0,0.15,12.85,25.0,Low
School Affairs Executive,Customer Service,53,2900.0,0.6226415094339622,22.0188679245283,28.5,Low
Science Teacher,Education and Training,23,4750.0,1.6521739130434783,21.695652173913043,25.0,Medium
Scrub Nurse,Healthcare / Pharmaceutical,23,3900.0,0.43478260869565216,16.08695652173913,25.8,Low
Scrum Master,Information Technology,122,8125.0,5.909836065573771,45.14754098360656,36.8,High
Sea Freight Coordinator / East / Export / 3 Months Contract / Global Mnc,Logistics / Supply Chain,69,2350.0,0.0,1.565217391304348,30.7,Low
Seafreight Executive (Mnc / East),Customer Service,24,3300.0,0.6666666666666666,8.041666666666666,22.7,Low
Secretary,Admin / Secretarial,195,3500.0,5.682051282051282,47.47179487179487,30.3,High
"Secretary (Jlpt N2 To N1, East)",Admin / Secretarial,25,5500.0,0.08,0.72,29.4,Low
"Secretary (Manufacturing, West)",Admin / Secretarial,34,3000.0,0.8823529411764706,16.529411764705884,25.2,Low
Secretary / Executive Assistant (Manufacturing Mnc),Admin / Secretarial,21,4400.0,0.047619047619047616,1.380952380952381,26.4,Low
Secretary / Executive Assistant To Director,Accounting / Auditing / Taxation,426,3250.0,0.38497652582159625,6.227699530516432,42.8,Low
Secretary To Ceo (Shipping Mnc) / 1 Year Contract,Admin / Secretarial,33,4750.0,0.06060606060606061,0.5151515151515151,29.9,Low
Security Analyst,Information Technology,29,5500.0,2.586206896551724,26.620689655172413,25.2,Medium
Security Analyst (L2),Information Technology,21,6000.0,0.5714285714285714,10.619047619047619,29.8,Low
Security And Safety Officer (Warehouse/ Distribution Centre),Logistics / Supply Chain,20,2700.0,0.25,4.0,22.0,Low
Security Architect,Information Technology,28,10500.0,0.25,3.5357142857142856,39.6,Low
Security Concierge (Chinatown Mrt) - 2323,Security and Investigation,21,2150.0,0.0,0.7619047619047619,22.5,Low
Security Cum Facility Assistant (Fmcg Distribution Centre),Logistics / Supply Chain,28,2400.0,0.0,1.3214285714285714,24.8,Low
Security Engineer,Information Technology,76,7000.0,1.355263157894737,17.88157894736842,36.9,Medium
"Security Engineer (It Solutions, Up To $4,200)",Information Technology,66,3850.0,0.18181818181818182,3.742424242424242,32.3,Low
"Security Engineer (Shift, Class 3, West)",Customer Service,129,2500.0,0.10077519379844961,6.062015503875969,34.6,Low
Security Executive,Security and Investigation,23,2850.0,2.869565217391304,35.130434782608695,17.8,Medium
Security Guard (Night Shift/3 Hours Daily/Tuas) #66122,Security and Investigation,24,1500.0,0.625,11.333333333333334,21.6,Low
Security Officer,Building and Construction,28,2750.0,2.0714285714285716,40.392857142857146,21.8,Medium
Security Officer,Customer Service,70,2100.0,0.6428571428571429,19.985714285714284,31.2,Low
Security Officer,Hospitality,64,2100.0,1.5625,40.390625,25.8,Medium
Security Officer,Security and Investigation,254,2450.0,1.5905511811023623,40.38582677165354,37.8,Medium
Security Officer At Marina Bay Office (Day/Night),Security and Investigation,40,2600.0,0.2,13.3,33.2,Low
Security Officers In Office (Marina Bay/Shenton Way/Downtown Mrt),Security and Investigation,69,2575.0,0.043478260869565216,0.9565217391304348,35.4,Low
Security Operation Engineer,Information Technology,33,5250.0,1.8484848484848484,18.636363636363637,27.3,Medium
Security Solutions Engineer,Information Technology,28,6000.0,0.75,14.142857142857142,31.2,Low
Security Supervisor,Hospitality,23,2450.0,1.1304347826086956,13.956521739130435,19.7,Medium
Security Supervisor,Security and Investigation,35,3125.0,5.9714285714285715,65.54285714285714,20.5,High
Senior .Net Developer,Information Technology,29,8750.0,1.5172413793103448,24.310344827586206,34.4,Medium
Senior / Deltav System Programmer - Lsmg,Engineering,24,10250.0,0.125,1.5833333333333333,40.9,Low
Senior / Enrolled Nurse,Healthcare / Pharmaceutical,29,2550.0,1.103448275862069,16.275862068965516,26.3,Medium
Senior / Hr Executive,Human Resources,30,4000.0,3.2,29.233333333333334,20.6,Medium
"Senior / Mes Engineer, Siemens Mes (Camstar / Opcenter / Simatic It) - Lsmg",Engineering,27,7750.0,0.3333333333333333,8.148148148148149,36.1,Low
Senior / Pharmacist,Healthcare / Pharmaceutical,20,4975.0,0.2,8.7,29.6,Low
Senior / Phlebotomist / Office Hours / Attractive Salary Package,Customer Service,21,2900.0,0.09523809523809523,6.285714285714286,23.4,Low
Senior / Radiographer,Healthcare / Pharmaceutical,35,6000.0,0.14285714285714285,16.34285714285714,36.2,Low
Senior / Software Engineer (Mncs) Good Pay + Good Bonus,Engineering,69,7500.0,0.9855072463768116,25.89855072463768,37.9,Low
Senior / Software Engineer / . Net / C# /Mncs,Engineering,48,7500.0,1.0833333333333333,19.979166666666668,35.3,Medium
Senior / Sonographer,Healthcare / Pharmaceutical,20,3900.0,0.05,6.85,26.8,Low
Senior / Staff Nurse,Healthcare / Pharmaceutical,52,3750.0,1.0769230769230769,19.576923076923077,31.1,Medium
Senior Account Executive,Accounting / Auditing / Taxation,213,3600.0,2.9107981220657275,51.33802816901409,34.1,Medium
Senior Account Executive,Advertising / Media,28,3900.0,2.4285714285714284,37.535714285714285,22.0,Medium
Senior Account Manager,Advertising / Media,30,6000.0,5.0,48.46666666666667,23.2,Medium
Senior Accountant,Accounting / Auditing / Taxation,324,5250.0,7.87962962962963,86.5679012345679,35.1,High
Senior Accountant (Costing) / Manufacturing Mnc / Central,Accounting / Auditing / Taxation,27,5500.0,0.2222222222222222,2.2222222222222223,29.2,Low
Senior Accounting Officer,Accounting / Auditing / Taxation,26,4000.0,6.8076923076923075,49.19230769230769,17.2,High
Senior Accounts Assistant,Accounting / Auditing / Taxation,36,3050.0,2.4166666666666665,58.361111111111114,21.5,Medium
Senior Accounts Associate,Accounting / Auditing / Taxation,22,3700.0,2.5,40.54545454545455,19.7,Medium
Senior Accounts Executive,Accounting / Auditing / Taxation,483,3750.0,3.229813664596273,49.19461697722567,39.1,Medium
Senior Accounts Executive #65186,Accounting / Auditing / Taxation,26,3250.0,0.19230769230769232,5.423076923076923,27.1,Low
Senior Accounts Executive (Full Sets),Accounting / Auditing / Taxation,54,3750.0,0.14814814814814814,4.814814814814815,30.9,Low
Senior Admin Executive,Admin / Secretarial,28,3450.0,14.357142857142858,140.25,12.7,High
Senior Administrative Executive,Admin / Secretarial,26,3100.0,3.5384615384615383,47.30769230769231,18.4,Medium
Senior Advanced Software Engineer,Design,24,5500.0,0.041666666666666664,1.8333333333333333,30.0,Low
Senior Aircon Technician,Building and Construction,31,2400.0,0.06451612903225806,1.6451612903225807,25.2,Low
Senior And Junior Dance Instructor,Education and Training,36,2300.0,0.027777777777777776,5.111111111111111,29.2,Low
Senior Application Developer,Information Technology,30,8625.0,0.43333333333333335,14.733333333333333,36.8,Low
Senior Application Engineer,Engineering,31,5700.0,0.8709677419354839,14.0,28.3,Low
Senior Application Engineer,Information Technology,22,4500.0,1.4545454545454546,25.727272727272727,24.0,Medium
Senior Architect,Architecture / Interior Design,64,6500.0,0.71875,21.234375,36.1,Low
Senior Architect,Building and Construction,23,6250.0,0.7391304347826086,14.652173913043478,28.8,Low
Senior Architect (Up To S$7500),Architecture / Interior Design,92,7000.0,0.021739130434782608,1.3804347826086956,41.1,Low
Senior Architect (Up To S$8000),Architecture / Interior Design,55,7400.0,0.10909090909090909,3.2,38.0,Low
Senior Architect - Mrt Project (S$7000-8500 Negotiable),Architecture / Interior Design,35,7750.0,0.02857142857142857,1.9428571428571428,36.1,Low
Senior Architect Associate (Up To S$8000),Architecture / Interior Design,24,7400.0,0.0,3.25,33.1,Low
Senior Architectural Associate,Architecture / Interior Design,24,7500.0,0.16666666666666666,10.583333333333334,33.7,Low
Senior Architectural Coordinator,Architecture / Interior Design,25,5000.0,0.36,11.76,28.9,Low
Senior Architectural Coordinator,Building and Construction,63,6000.0,1.6507936507936507,22.873015873015873,35.4,Medium
Senior Architectural Designer,Architecture / Interior Design,63,7000.0,1.4444444444444444,34.65079365079365,35.2,Medium
Senior Architectural Executive,Architecture / Interior Design,20,5250.0,0.45,18.9,27.7,Low
Senior Area Manager,F&B,41,4500.0,0.7804878048780488,9.682926829268293,28.1,Low
Senior Assistant Engineer,Engineering,31,3600.0,1.6451612903225807,14.741935483870968,27.3,Medium
Senior Associate,Legal,31,13200.0,0.7096774193548387,23.096774193548388,44.5,Low
Senior Audit Associate,Accounting / Auditing / Taxation,120,3750.0,0.225,10.05,39.0,Low
Senior Automation Engineer - Lsmg,Engineering,28,8500.0,0.32142857142857145,11.071428571428571,37.8,Low
Senior Backend Developer,Information Technology,21,9500.0,0.9523809523809523,16.142857142857142,34.7,Low
Senior Beauty Consultant,Customer Service,45,7000.0,0.1111111111111111,3.8,36.1,Low
Senior Beauty Consultant ( Retail ),Personal Care / Beauty,54,8000.0,0.1111111111111111,7.166666666666667,42.7,Low
Senior Brand Marketing Executive #65584,Marketing / Public Relations,39,4150.0,0.358974358974359,4.615384615384615,30.7,Low
Senior Business Analyst,Banking and Finance,50,9000.0,6.96,63.06,30.7,High
Senior Business Analyst,Information Technology,184,9000.0,5.423913043478261,44.42391304347826,42.4,High
Senior Business Development Manager,Sales / Retail,23,10000.0,11.565217391304348,68.43478260869566,24.4,High
Senior Buyer (It/Electronics/Home Appliances),Purchasing / Merchandising,26,7000.0,3.1538461538461537,24.346153846153847,25.3,Medium
Senior Buyer (Oil & Gas Manufacturing Mnc),Logistics / Supply Chain,24,5650.0,2.5,17.333333333333332,23.2,Medium
Senior Buyer / Oil & Gas Mnc / South,Logistics / Supply Chain,100,5250.0,0.21,1.57,37.5,Low
Senior Captain,F&B,20,3350.0,0.25,8.25,26.2,Low
Senior Ceramics Studio Technician,Design,47,6250.0,0.3191489361702128,16.5531914893617,38.4,Low
Senior Charterer (Oil & Gas Mnc),Logistics / Supply Chain,80,10000.0,0.6875,10.0625,43.1,Low
Senior Chef,F&B,64,4050.0,0.59375,11.75,32.8,Low
Senior Civil & Structural Engineer,Building and Construction,28,6250.0,1.1428571428571428,33.964285714285715,28.8,Medium
Senior Civil Engineer,Building and Construction,28,6375.0,0.75,32.892857142857146,30.6,Low
Senior Cloud Engineer,Information Technology,27,7250.0,0.6296296296296297,17.48148148148148,32.4,Low
Senior Concierge (Shift Hours)/ East,Customer Service,21,2400.0,0.6666666666666666,20.19047619047619,20.2,Low
Senior Construction Supervisor,Building and Construction,28,4250.0,1.2142857142857142,24.821428571428573,25.0,Medium
Senior Consultant,Consulting,107,6500.0,2.0093457943925235,22.33644859813084,37.4,Medium
Senior Consultant,Healthcare / Pharmaceutical,25,22500.0,1.0,32.28,61.2,Low
Senior Consultant,Human Resources,23,6500.0,1.434782608695652,18.52173913043478,27.8,Medium
Senior Consultant,Information Technology,70,9375.0,0.9285714285714286,18.857142857142858,42.5,Low
"Senior Consultant, Infrastructure",Information Technology,27,7000.0,0.18518518518518517,7.851851851851852,33.5,Low
Senior Cook,Customer Service,29,4850.0,0.034482758620689655,5.827586206896552,31.0,Low
Senior Cook,F&B,950,4000.0,0.024210526315789474,3.4926315789473685,54.2,Low
Senior Cooking Studio Instructor,Customer Service,36,6850.0,0.8333333333333334,16.333333333333332,36.0,Low
Senior Copywriter,Advertising / Media,35,7000.0,3.7142857142857144,38.08571428571429,27.0,Medium
Senior Cost Accountant / Global Mnc / Central,Accounting / Auditing / Taxation,31,6850.0,1.064516129032258,12.451612903225806,29.9,Medium
Senior Customer Service Officer,Customer Service,54,6750.0,11.444444444444445,102.88888888888889,27.9,High
Senior Customer Success Manager (Hybrid Work),Building and Construction,26,6750.0,3.769230769230769,31.115384615384617,24.1,Medium
Senior Cyber Security Engineer,Information Technology,24,7500.0,1.7083333333333333,34.125,30.5,Medium
Senior Data Analyst,Information Technology,46,8125.0,8.08695652173913,94.19565217391305,27.8,High
Senior Data Engineer,Information Technology,113,9500.0,2.8849557522123894,37.38053097345133,41.9,Medium
Senior Data Scientist,Information Technology,26,10125.0,12.5,102.96153846153847,26.3,High
Senior Database Administrator,Information Technology,27,8750.0,0.5925925925925926,11.74074074074074,35.2,Low
Senior Deltav System Programmer - Lsmg,Engineering,22,8500.0,0.13636363636363635,5.2727272727272725,37.0,Low
Senior Design Engineer,Building and Construction,37,5900.0,0.4864864864864865,11.837837837837839,31.9,Low
Senior Design Engineer #65782,Engineering,32,6500.0,0.21875,3.59375,34.4,Low
Senior Designer,Architecture / Interior Design,41,4500.0,0.8292682926829268,21.390243902439025,28.6,Low
Senior Designer,Design,32,6000.0,7.28125,64.28125,21.3,High
Senior Designer (Subsurface Tools) Oil & Gas Mnc,Engineering,41,8500.0,0.12195121951219512,5.780487804878049,41.2,Low
Senior Developer,Information Technology,28,8500.0,0.75,22.928571428571427,34.0,Low
Senior Devops Engineer,Information Technology,102,10000.0,1.2058823529411764,17.274509803921568,45.0,Medium
Senior Devsecops Engineer,Information Technology,22,7500.0,0.2727272727272727,9.727272727272727,32.5,Low
Senior Digital Designer (E&E Mnc) - Overseas Opportunity,Engineering,22,7000.0,0.36363636363636365,23.136363636363637,30.1,Low
Senior Digital Marketing Executive,Marketing / Public Relations,29,3850.0,3.1724137931034484,38.51724137931034,20.4,Medium
Senior Dot Net Software Developer/ Senior Software Engineer / .Net ( Good Bonus),Engineering,23,7500.0,0.8695652173913043,22.217391304347824,31.0,Low
Senior Electrical Engineer,Building and Construction,99,6000.0,1.9191919191919191,37.26262626262626,35.3,Medium
Senior Electrical Engineer,Engineering,60,6900.0,2.433333333333333,34.15,32.6,Medium
Senior Embedded Software Engineer,Engineering,20,7875.0,1.45,18.2,30.2,Medium
"Senior Energy Engineer (Scem) - West, Global Mnc",Engineering,21,7250.0,0.23809523809523808,1.7142857142857142,30.8,Low
Senior Engineer,Building and Construction,124,6250.0,1.4112903225806452,27.870967741935484,38.7,Medium
Senior Engineer,Engineering,118,6250.0,1.6271186440677967,33.92372881355932,38.0,Medium
Senior Engineer,Information Technology,22,9000.0,1.0454545454545454,28.0,33.8,Medium
Senior Engineer (Civil & Structural),Engineering,29,6400.0,0.5862068965517241,17.724137931034484,31.6,Low
Senior Engineer / Assistant Manager (Precision Engineering) Mnc,Precision Engineering,34,5750.0,0.0,0.38235294117647056,32.3,Low
Senior Enrolled Nurse,Healthcare / Pharmaceutical,71,3320.0,0.5211267605633803,9.633802816901408,36.8,Low
Senior Enterprise Sales Executive,Building and Construction,20,7000.0,0.2,3.9,30.2,Low
Senior Executive Chef,F&B,61,5500.0,0.29508196721311475,7.360655737704918,34.9,Low
Senior Executive Pastry Chef,F&B,29,6250.0,0.13793103448275862,4.448275862068965,33.3,Low
"Senior Executive, Finance",Accounting / Auditing / Taxation,29,4400.0,7.724137931034483,96.79310344827586,17.3,High
"Senior Executive, Risk, Legal & Compliance (Manufacturing)",Manufacturing,36,6000.0,0.6944444444444444,9.333333333333334,30.3,Low
"Senior Facility Executive (Pre-School, Up To $4,800)",Education and Training,21,4400.0,0.5238095238095238,8.80952380952381,24.4,Low
Senior Finance Executive,Accounting / Auditing / Taxation,140,4150.0,4.385714285714286,53.74285714285714,30.0,Medium
Senior Finance Manager,Accounting / Auditing / Taxation,83,8250.0,19.63855421686747,147.6024096385542,26.9,High
Senior Finance Manager (Sea / Finance Business Partnering),Accounting / Auditing / Taxation,42,10000.0,0.8333333333333334,7.833333333333333,38.4,Low
Senior Financial Analyst,Accounting / Auditing / Taxation,49,6500.0,4.081632653061225,45.16326530612245,27.6,Medium
Senior Firmware Engineer,Engineering,27,7250.0,1.037037037037037,19.555555555555557,30.5,Medium
"Senior Forex Trader Manager (Urgent/Investment/Sme/S$18,000 Higher)",Banking and Finance,56,14000.0,0.6964285714285714,7.357142857142857,52.3,Low
Senior Full Stack Developer,Information Technology,57,8500.0,0.8947368421052632,18.017543859649123,38.7,Low
Senior Fund Accountant,Accounting / Auditing / Taxation,30,5750.0,2.066666666666667,32.5,25.7,Medium
Senior Geotechnical Engineer,Building and Construction,40,6250.0,0.4,15.2,33.4,Low
Senior Google Ads (Ppc) Account Manager,Advertising / Media,53,3900.0,0.05660377358490566,1.2264150943396226,32.8,Low
Senior Graphic Designer,Design,35,4150.0,7.257142857142857,77.42857142857143,18.9,High
Senior Hair Stylist,Personal Care / Beauty,37,4750.0,0.10810810810810811,16.864864864864863,32.0,Low
Senior Hairstylist,Consulting,22,4100.0,0.045454545454545456,7.045454545454546,28.8,Low
Senior Hairstylist,Customer Service,37,4400.0,0.08108108108108109,6.891891891891892,30.7,Low
Senior Hairstylist,Personal Care / Beauty,86,5000.0,0.03488372093023256,9.813953488372093,40.6,Low
Senior Hr Executive,Admin / Secretarial,22,3625.0,3.8636363636363638,33.13636363636363,17.3,Medium
Senior Hr Executive,Human Resources,174,4075.0,8.655172413793103,65.12068965517241,28.4,High
Senior Hr Executive #66191,Human Resources,21,4250.0,0.8571428571428571,11.952380952380953,25.2,Low
Senior Hr Executive (Talent Acquisition & Training),Accounting / Auditing / Taxation,436,4400.0,0.4610091743119266,5.525229357798165,44.8,Low
Senior Hr Manager,Human Resources,41,5750.0,6.7073170731707314,41.609756097560975,22.7,High
Senior Hr Manager (Entertainment Industry),Human Resources,20,8250.0,0.35,3.8,31.9,Low
Senior Hr Recruitment Consultant,Consulting,362,4500.0,0.08287292817679558,0.994475138121547,54.5,Low
Senior Hr Recruitment Consultant (Basic + High Commission),Consulting,113,4500.0,0.3274336283185841,12.371681415929203,45.5,Low
"Senior Hse Executive (West, Gas/Welding/Safety)",Environment / Health,68,5000.0,0.29411764705882354,2.4705882352941178,34.1,Low
Senior Human Resource And Admin Executive,Accounting / Auditing / Taxation,414,3650.0,0.6473429951690821,6.550724637681159,42.5,Low
Senior Human Resource Executive,Human Resources,43,4050.0,13.930232558139535,106.6046511627907,16.5,High
Senior Infant Educarer,Education and Training,22,3900.0,0.0,0.7727272727272727,29.0,Low
Senior Infrastructure Engineer,Information Technology,34,7100.0,0.4117647058823529,20.323529411764707,34.9,Low
Senior Interior Designer,Architecture / Interior Design,192,5000.0,1.1510416666666667,22.666666666666668,40.2,Medium
Senior Interior Designer,Building and Construction,28,6250.0,0.0,2.642857142857143,33.2,Low
"Senior Investment Fund Manager (Urgent/Investment/Sme/S$18,000 Higher)",Banking and Finance,94,14000.0,1.2446808510638299,9.840425531914894,54.0,Medium
Senior Ios Developer,Information Technology,30,9000.0,0.43333333333333335,10.566666666666666,37.5,Low
Senior It Executive,Information Technology,24,4175.0,3.5416666666666665,49.375,19.9,Medium
Senior Java Developer,Information Technology,175,8750.0,0.9257142857142857,19.611428571428572,47.8,Low
Senior Key Account Executive (Logistics Industry),Logistics / Supply Chain,24,4500.0,0.041666666666666664,0.7916666666666666,27.5,Low
Senior Kitchen Chef ($4000-$7000),F&B,134,5500.0,0.26119402985074625,12.649253731343284,39.7,Low
Senior Laboratory Manager / Healthcare Mnc,Healthcare / Pharmaceutical,82,6500.0,0.7682926829268293,17.097560975609756,36.5,Low
Senior Language School Teacher (Chinese Language) / Various Location In Singapore,Education and Training,24,5500.0,0.4166666666666667,12.125,33.1,Low
Senior Legal Counsel,Legal,37,12500.0,4.27027027027027,51.13513513513514,36.8,Medium
Senior M&E Coordinator,Building and Construction,59,5500.0,0.6949152542372882,9.694915254237289,36.5,Low
Senior M&E Engineer,Building and Construction,73,5250.0,2.3013698630136985,25.904109589041095,31.4,Medium
Senior Manager / Food Outlet Manager,F&B,21,9500.0,0.42857142857142855,3.4761904761904763,36.3,Low
"Senior Manager, Sales & Operations (Smart Meter/Iot)",Sales / Retail,29,11500.0,1.6896551724137931,13.551724137931034,36.7,Medium
Senior Marketing Executive,Advertising / Media,35,4000.0,3.5142857142857142,37.68571428571428,21.8,Medium
Senior Marketing Executive,Marketing / Public Relations,110,4000.0,4.872727272727273,41.654545454545456,28.5,Medium
Senior Marketing Executive ( Luxury Retail / Mnc ),Marketing / Public Relations,61,4650.0,0.6721311475409836,7.278688524590164,31.4,Low
Senior Marketing Executive (Digital) / Beauty And Health Mnc / Central,Marketing / Public Relations,25,4000.0,0.0,0.76,27.0,Low
Senior Marketing Executive (Fmcg) / East,Marketing / Public Relations,60,4500.0,0.06666666666666667,1.0666666666666667,33.4,Low
Senior Marketing Manager,Marketing / Public Relations,58,8000.0,16.79310344827586,99.20689655172414,24.8,High
"Senior Marketing Specialist (B2B) - It Mnc, East",Information Technology,26,4400.0,0.11538461538461539,1.0,27.4,Low
Senior Material Handler,Logistics / Supply Chain,57,2400.0,0.10526315789473684,3.5964912280701755,29.0,Low
Senior Materials Engineer (Molding) / Global Mnc / West,Engineering,24,7150.0,0.08333333333333333,0.9583333333333334,32.2,Low
Senior Mechanical Design Engineer (Molding) / Manufacturing Mnc / West,Engineering,24,7150.0,0.125,1.125,32.0,Low
Senior Mechanical Engineer,Building and Construction,73,6000.0,1.6986301369863013,24.34246575342466,33.3,Medium
Senior Mechanical Engineer,Engineering,73,6100.0,2.1232876712328768,31.863013698630137,32.7,Medium
Senior Mechanical Engineer (Design) / Marine & Offshore Mnc / West,Design,23,6500.0,0.0,0.043478260869565216,31.1,Low
Senior Mechanical Engineer / Energy Mnc / West,Engineering,98,6500.0,0.14285714285714285,1.010204081632653,40.0,Low
Senior Mechanical Engineer / Global Mnc / West,Engineering,43,7000.0,0.8604651162790697,8.837209302325581,32.9,Low
Senior Media Executive,Marketing / Public Relations,34,3250.0,0.7058823529411765,10.647058823529411,24.8,Low
Senior Medical Technologist - Many Locations Available! #Hdt,Healthcare / Pharmaceutical,21,5000.0,1.4761904761904763,17.047619047619047,25.9,Medium
Senior Network Analyst,Information Technology,33,4100.0,0.06060606060606061,3.0,30.5,Low
Senior Network Analyst (Network),Information Technology,131,4850.0,0.1297709923664122,3.7786259541984735,41.3,Low
Senior Network Engineer,Engineering,46,6425.0,1.5,36.93478260869565,31.5,Medium
Senior Network Engineer,Information Technology,137,7500.0,1.0583941605839415,29.751824817518248,42.7,Medium
"Senior Network Engineer (Ict, Ccna, East)",Engineering,34,4500.0,0.47058823529411764,15.0,30.1,Low
Senior Network Engineers,Banking and Finance,38,4650.0,0.02631578947368421,2.6315789473684212,33.0,Low
Senior Network Operations Engineer,Information Technology,21,8500.0,0.7142857142857143,12.285714285714286,34.1,Low
Senior Network Specialist,Information Technology,27,6850.0,0.2222222222222222,20.88888888888889,33.0,Low
Senior Occupational Therapist,Healthcare / Pharmaceutical,32,6000.0,0.1875,10.34375,33.7,Low
Senior Occupational Therapist,Medical / Therapy Services,20,5850.0,0.05,13.3,30.7,Low
Senior Operation Executive / East / Logistics Industry,Logistics / Supply Chain,24,3500.0,1.0833333333333333,13.458333333333334,21.9,Medium
Senior Operation Manager,F&B,56,5300.0,7.142857142857143,37.785714285714285,24.1,High
"Senior Operation Manager (Manufacturing/ Oil&Gas/ Precision, West)",Engineering,36,7500.0,2.138888888888889,17.72222222222222,29.8,Medium
Senior Operations Executive,Customer Service,50,3750.0,0.92,17.4,29.7,Low
Senior Operations Executive/ Assistant Manager (Claim) Iso Tank,Logistics / Supply Chain,32,4500.0,0.125,2.5,28.9,Low
Senior Pastry Chef,F&B,30,3900.0,0.4666666666666667,11.333333333333334,27.9,Low
Senior Payroll Executive,Human Resources,421,4250.0,0.5486935866983373,6.38479809976247,44.0,Low
Senior Performance Marketing Specialist,Advertising / Media,53,3900.0,0.20754716981132076,3.3207547169811322,32.1,Low
Senior Physiotherapist,Healthcare / Pharmaceutical,53,5500.0,0.3018867924528302,16.50943396226415,34.3,Low
Senior Planner (Demand & Supply) #65262,Logistics / Supply Chain,21,4400.0,0.38095238095238093,4.238095238095238,27.0,Low
Senior Planning Engineer,Building and Construction,27,6250.0,1.037037037037037,17.925925925925927,30.3,Medium
Senior Plc Engineer (Oil & Gas Plant),Engineering,27,6000.0,0.1111111111111111,0.8888888888888888,30.7,Low
"Senior Portfolio Manager (Urgent/Investment/Sme/S$18,000 Higher)",Banking and Finance,99,14000.0,1.3232323232323233,9.575757575757576,54.2,Medium
Senior Preschool Educator,Education and Training,34,4400.0,0.20588235294117646,6.176470588235294,31.3,Low
Senior Preschool Teacher,Education and Training,44,3900.0,1.0681818181818181,10.931818181818182,35.1,Medium
Senior Principal Engineer,Engineering,20,9000.0,3.0,48.95,28.9,Medium
Senior Process Engineer,Engineering,77,6500.0,5.025974025974026,69.83116883116882,30.2,High
"Senior Process Engineer (Electronics/ Semiconductor/ Manufacturing, East)",Engineering,33,3750.0,0.7575757575757576,14.878787878787879,27.5,Low
Senior Process Engineer (Process Design) / Oil & Gas Mnc / West,Engineering,25,6000.0,0.04,0.72,30.5,Low
Senior Process Engineer / Global Mnc / West /,Engineering,25,5250.0,0.24,2.12,28.2,Low
Senior Process Engineer / Water Treatment Mnc,Building and Construction,66,9500.0,0.3484848484848485,5.2272727272727275,42.1,Low
Senior Procurement Engineer (Oil & Gas Mnc) Sap,Engineering,37,6000.0,0.10810810810810811,0.6216216216216216,32.8,Low
Senior Product Designer,Design,25,8750.0,14.08,105.8,22.9,High
Senior Product Manager,Information Technology,57,11000.0,9.982456140350877,62.43859649122807,34.7,High
Senior Product Specialist (Laboratory Instruments),Healthcare / Pharmaceutical,68,5000.0,1.3235294117647058,19.691176470588236,31.0,Medium
Senior Production Controller (Excel Macro / Sap) Global Mnc,Logistics / Supply Chain,22,6250.0,0.9090909090909091,25.90909090909091,26.9,Low
Senior Production Engineer/ F&B Manufacturing Mnc / West,Engineering,29,6000.0,0.06896551724137931,1.0344827586206897,31.4,Low
Senior Project Engineer,Building and Construction,240,5000.0,1.7208333333333334,25.275,40.1,Medium
Senior Project Engineer,Engineering,133,5000.0,3.81203007518797,49.233082706766915,32.8,Medium
Senior Project Engineer (Civil & Structural - Tunnel),Building and Construction,20,6250.0,0.1,3.8,30.6,Low
Senior Project Engineer (Civil & Structural),Building and Construction,21,6500.0,0.09523809523809523,3.8095238095238093,31.4,Low
Senior Project Engineer / Oil & Gas Mnc / West / 1 Year Contract,Engineering,24,6000.0,0.125,1.375,29.9,Low
Senior Project Manager,Building and Construction,112,7875.0,6.919642857142857,50.13392857142857,34.1,High
Senior Project Manager,Consulting,22,11250.0,19.227272727272727,96.5,25.8,High
Senior Project Manager,Engineering,25,11000.0,6.8,65.28,29.6,High
Senior Project Manager,Information Technology,121,9250.0,7.991735537190083,45.15702479338843,37.1,High
Senior Purchaser / 1 Year Contract / Oil & Gas Mnc / Central,Logistics / Supply Chain,164,5250.0,0.21341463414634146,1.524390243902439,40.8,Low
Senior Purchaser / 2 Years Contract / Oil & Gas Mnc / Project / Completion Bonus,Logistics / Supply Chain,21,5250.0,2.6666666666666665,24.571428571428573,21.3,Medium
"Senior Qa Executive (West, Logistics)",Engineering,24,3750.0,0.16666666666666666,2.25,25.5,Low
Senior Qc Inspector (Oil & Gas Mnc),Engineering,26,5000.0,3.0384615384615383,47.26923076923077,21.7,Medium
Senior Qc Specialist (Oil & Gas Mnc),Engineering,25,5000.0,1.36,24.96,24.3,Medium
Senior Quality Engineer,Engineering,22,5250.0,9.727272727272727,78.13636363636364,16.5,High
Senior Quantity Surveyor,Architecture / Interior Design,42,4600.0,0.9523809523809523,25.0,28.9,Low
Senior Quantity Surveyor,Building and Construction,547,5000.0,1.7605118829981719,38.70201096892139,45.6,Medium
Senior Quantity Surveyor,Engineering,28,5375.0,3.0714285714285716,54.214285714285715,23.3,Medium
Senior R&D Electronics Engineer (Semiconductor),Engineering,24,5000.0,0.2916666666666667,2.75,27.3,Low
Senior R&D Engineer / Chemicals Mnc / West,Engineering,33,5550.0,0.06060606060606061,1.0,31.4,Low
Senior R&D Mechanical Engineer (Tool Design) Global Mnc,Engineering,66,8500.0,0.5757575757575758,18.136363636363637,42.5,Low
Senior Radiographer,Healthcare / Pharmaceutical,39,6345.0,0.10256410256410256,17.743589743589745,37.0,Low
Senior Recruitment Consultant,Consulting,49,5750.0,0.9591836734693877,9.979591836734693,33.0,Low
Senior Recruitment Consultant,Human Resources,90,6000.0,1.7222222222222223,16.7,36.2,Medium
Senior Recruitment Consultant [Various Industry Specialization],Admin / Secretarial,31,4500.0,0.1935483870967742,2.032258064516129,32.9,Low
Senior Relationship Manager,Banking and Finance,28,14750.0,3.7857142857142856,33.07142857142857,40.1,Medium
Senior Relationship Manager (Private Client Segment),Banking and Finance,23,10000.0,0.43478260869565216,6.173913043478261,37.1,Low
Senior Relationship Manager (Private Clients Segment),Banking and Finance,33,10000.0,1.2121212121212122,10.212121212121213,37.1,Medium
Senior Resident Engineer,Building and Construction,39,7150.0,0.9743589743589743,13.435897435897436,33.4,Low
Senior Restaurant Executive,Customer Service,21,3750.0,0.047619047619047616,13.904761904761905,27.3,Low
Senior Restaurant Manager,F&B,90,4325.0,0.4777777777777778,4.633333333333334,35.5,Low
"Senior Restaurant Manager ($6,000-$8,000)",F&B,132,7000.0,1.6590909090909092,17.401515151515152,38.4,Medium
Senior Restaurant Operations Manager,F&B,44,5900.0,1.5909090909090908,9.204545454545455,30.7,Medium
Senior Retail Manager,Personal Care / Beauty,36,12000.0,0.7777777777777778,5.027777777777778,45.3,Low
Senior Retail Operations Executive,Sales / Retail,21,3500.0,0.14285714285714285,2.7142857142857144,25.6,Low
Senior Retail Sales Executive,Sales / Retail,31,3000.0,0.1935483870967742,8.387096774193548,28.8,Low
Senior Sales Engineer,Engineering,32,5645.75,1.15625,28.59375,28.0,Medium
Senior Sales Executive,Sales / Retail,73,4250.0,1.3972602739726028,22.52054794520548,31.0,Medium
Senior Sales Manager,Advertising / Media,63,22500.0,0.7619047619047619,9.603174603174603,64.5,Low
Senior Sales Manager,Hospitality,25,4700.0,0.92,17.08,25.2,Low
Senior Sales Manager,Sales / Retail,23,8250.0,5.130434782608695,48.04347826086956,25.5,High
Senior Sales Manager (Freight Forwarding) / Global Mnc / East,Logistics / Supply Chain,30,9500.0,0.13333333333333333,1.1,37.8,Low
Senior Sales Manager (Hospitality),Hospitality,40,6100.0,0.8,8.4,30.9,Low
Senior Sap Consultant,Information Technology,25,11000.0,1.16,23.44,38.2,Medium
Senior Security Engineer,Information Technology,31,8000.0,0.5806451612903226,9.96774193548387,35.6,Low
Senior Security Office @ Alexandra/Buona Vista Office,Security and Investigation,21,2900.0,0.19047619047619047,16.857142857142858,29.6,Low
Senior Security Officer,Hospitality,62,2387.5,0.3870967741935484,8.129032258064516,30.2,Low
Senior Security Officer,Security and Investigation,42,2825.0,2.238095238095238,38.69047619047619,25.3,Medium
Senior Security Officer @ Buona Vista Office (Near Mrt) Perm/Relief. Day/Night,Security and Investigation,59,2900.0,0.03389830508474576,0.8135593220338984,37.2,Low
Senior Security Project Engineer,Information Technology,39,9500.0,0.5128205128205128,4.076923076923077,38.3,Low
Senior Seo Specialist,Advertising / Media,27,4000.0,0.0,1.2962962962962963,28.8,Low
Senior Service Engineer,Engineering,24,5000.0,2.9166666666666665,36.375,22.1,Medium
Senior Shop Manager,Consulting,55,7500.0,0.7090909090909091,15.054545454545455,38.1,Low
Senior Site Engineer,Building and Construction,185,5250.0,0.4864864864864865,12.227027027027027,43.2,Low
Senior Site Reliability Engineer,Information Technology,27,13500.0,0.5925925925925926,15.555555555555555,42.9,Low
Senior Site Supervisor,Building and Construction,78,4250.0,1.1025641025641026,17.153846153846153,32.5,Medium
Senior Social Media Account Manager,Advertising / Media,34,3600.0,0.38235294117647056,5.147058823529412,27.9,Low
Senior Social Worker,Social Services,21,5950.0,1.8095238095238095,53.666666666666664,24.1,Medium
Senior Software Developer,Consulting,20,8000.0,2.05,38.2,30.6,Medium
Senior Software Developer,Information Technology,140,8250.0,1.6071428571428572,29.642857142857142,43.1,Medium
Senior Software Developer (.Net Core) – Good Pay Cum High Bonus,Engineering,24,7500.0,0.4583333333333333,16.75,32.6,Low
Senior Software Developer - .Net / Senior Software Engineer,Engineering,25,7500.0,2.4,34.36,28.4,Medium
Senior Software Engineer,Engineering,99,8000.0,1.5252525252525253,30.363636363636363,39.7,Medium
Senior Software Engineer,Information Technology,328,8000.0,2.2134146341463414,39.8109756097561,47.5,Medium
Senior Software Engineer (.Net),Information Technology,20,7000.0,1.75,26.3,27.1,Medium
"Senior Software Engineer (C#, Python )/ Senior Application Engineer",Information Technology,33,8750.0,0.2727272727272727,6.151515151515151,36.4,Low
"Senior Software Engineer (Gaming, Ruby On Rails)",Information Technology,21,7500.0,0.2857142857142857,15.80952380952381,31.1,Low
Senior Software Engineer (Java),Information Technology,39,6500.0,1.2820512820512822,30.205128205128204,31.6,Medium
"Senior Software Engineer - .Net Core, Asp.Net Mvc,C#, ( Good Bonus )",Engineering,20,7500.0,1.4,24.85,28.8,Medium
"Senior Software Engineer / .Net Software Developer (In House,.Net, / Good Pay + High Bonus)",Engineering,25,7500.0,0.8,16.04,31.7,Low
Senior Software Engineer / Senior Software Developer (.Net | C# | C Programing / Web Api | Asp.Net),Engineering,49,7500.0,1.469387755102041,25.571428571428573,34.5,Medium
Senior Software Engineer / Software Engineer /Senior .Net Developer / . Net Project Leader,Engineering,26,7500.0,2.230769230769231,30.0,28.9,Medium
Senior Software Engineer /Mnc S ( Junior / Entry Level / Senior ) X3 Opening,Engineering,36,6500.0,2.5,42.30555555555556,28.7,Medium
Senior Software Engineer – System Design & Implementation,Engineering,68,6500.0,0.4117647058823529,17.235294117647058,37.8,Low
Senior Sourcing Executive (Indirect) / Global Mnc / East,Logistics / Supply Chain,30,4900.0,0.16666666666666666,0.9333333333333333,29.1,Low
Senior Sous Chef,F&B,80,4050.0,2.05,18.2375,30.2,Medium
Senior Staff Nurse,Healthcare / Pharmaceutical,168,4825.0,0.9166666666666666,22.291666666666668,44.0,Low
Senior Staff Nurse ( Cardiology Specialist Clinic ) 5.5 Days,Environment / Health,24,3500.0,0.3333333333333333,9.958333333333334,24.3,Low
Senior Staff Nurse - Nursing Home ( Am Or Pm Shift Only ),Environment / Health,23,3500.0,0.08695652173913043,10.08695652173913,25.1,Low
Senior Staff Nurse| Clinical Quality & Infection Control ( Office Hour),Environment / Health,20,4350.0,0.8,13.3,23.1,Low
Senior Structural Engineer,Building and Construction,42,6500.0,1.0714285714285714,29.023809523809526,33.6,Medium
Senior Structural Engineer,Engineering,25,6000.0,0.36,15.4,30.1,Low
Senior Supervisor,Admin / Secretarial,50,4000.0,0.82,25.06,30.5,Low
Senior Supervisor,Building and Construction,52,3650.0,0.36538461538461536,8.461538461538462,31.4,Low
Senior Supervisor,F&B,20,3250.0,0.05,5.7,24.9,Low
Senior Supervisor,General Work,58,4600.0,0.034482758620689655,5.310344827586207,33.5,Low
Senior Sustainability Manager (Hospitality Mnc),Environment / Health,33,9500.0,0.15151515151515152,0.9090909090909091,38.3,Low
Senior System Administrator,Information Technology,24,6000.0,2.4583333333333335,47.25,25.2,Medium
Senior System Analyst,Information Technology,67,8500.0,1.9850746268656716,25.55223880597015,37.6,Medium
Senior System Engineer,Information Technology,130,6500.0,0.6230769230769231,13.415384615384616,41.0,Low
Senior System Engineer (Aws Cloud),Information Technology,24,7500.0,0.2916666666666667,6.166666666666667,34.6,Low
Senior System Engineer (Enterprise Infrastructure),Information Technology,63,6750.0,0.1111111111111111,3.4761904761904763,40.4,Low
"Senior System Engineer (O365, Exchange)",Information Technology,28,6500.0,0.17857142857142858,5.25,34.2,Low
Senior Systems Engineer,Information Technology,42,6375.0,1.1428571428571428,24.023809523809526,32.8,Medium
Senior Technical Consultant,Information Technology,22,9000.0,0.6363636363636364,15.590909090909092,34.8,Low
Senior Technical Officer,Engineering,36,3400.0,0.4444444444444444,7.972222222222222,28.4,Low
Senior Technical Support Consultant (Level 3),Information Technology,21,6500.0,1.4761904761904763,20.61904761904762,25.7,Medium
Senior Technician,Building and Construction,48,2950.0,2.3541666666666665,40.354166666666664,24.3,Medium
Senior Technician,Engineering,42,3500.0,2.3333333333333335,26.976190476190474,24.5,Medium
Senior Technician,Repair and Maintenance,32,3650.0,2.21875,41.25,23.1,Medium
Senior Technician (Airconditioning Company),Engineering,158,3000.0,0.02531645569620253,3.329113924050633,38.6,Low
Senior Technician Supervisor,Repair and Maintenance,21,9000.0,2.238095238095238,11.0,28.9,Medium
Senior Ui/Ux Designer,Design,32,5000.0,4.90625,36.5,21.8,Medium
Senior Ui/Ux Designer (Web & Mobile Applications),Design,21,7000.0,0.09523809523809523,0.7619047619047619,31.0,Low
Senior Welder,Building and Construction,30,3825.0,0.2,19.766666666666666,27.8,Low
Senior Welder,Engineering,43,3900.0,0.023255813953488372,8.279069767441861,32.4,Low
Senior/ Occupational Therapist,Healthcare / Pharmaceutical,23,4900.0,0.043478260869565216,8.304347826086957,30.3,Low
Senior/ Pharmacy Technician / Office Hours / Attractive Salary Package,Customer Service,23,3250.0,0.2608695652173913,6.695652173913044,23.9,Low
Senior/Enrolled Nurse,Healthcare / Pharmaceutical,21,2350.0,0.14285714285714285,14.380952380952381,25.7,Low
"Senior/Hr Executive (1-Yr Contract, Construction)",Building and Construction,24,3750.0,0.625,5.208333333333333,23.7,Low
Senior/Pharmacist (Office Hours)/ Attractive Salary Packages,Customer Service,20,5575.0,0.0,6.9,28.5,Low
Senior/Project Architect (S$5500-S$8000),Architecture / Interior Design,29,6750.0,0.10344827586206896,4.0344827586206895,32.6,Low
"Senior/Project Manager (Peb Recognised, A&A Projects)",Building and Construction,24,7500.0,0.4166666666666667,1.9583333333333333,31.4,Low
Senior/Retail Associate (Basic Up To S$2800 + Commission) Islandwide,Customer Service,55,2500.0,0.01818181818181818,0.6545454545454545,29.3,Low
Senior/Staff Nurse,Healthcare / Pharmaceutical,20,3265.0,1.05,22.45,26.2,Medium
Seo Campaign Manager (Digital Agency),Marketing / Public Relations,26,8500.0,0.038461538461538464,0.6153846153846154,35.5,Low
Seo Specialist,Advertising / Media,35,2900.0,0.6,13.4,25.9,Low
Server,F&B,46,2675.0,0.32608695652173914,28.847826086956523,30.4,Low
Service Admin Assistant / Automotive Admin Executive / Automotive Industry,Accounting / Auditing / Taxation,23,4000.0,0.8695652173913043,20.391304347826086,24.5,Low
Service Advisor,Customer Service,23,2500.0,1.6521739130434783,43.30434782608695,19.7,Medium
Service And Technical Engineer (Medical Device) / Central,Engineering,108,3250.0,0.14814814814814814,0.7685185185185185,34.6,Low
Service And Technical Engineer (Medical Device) No Experience Needed,Engineering,50,3250.0,0.2,1.18,29.2,Low
Service Captain,F&B,50,3250.0,0.14,8.7,31.1,Low
Service Coordinator,Admin / Secretarial,31,2900.0,0.5161290322580645,14.258064516129032,24.6,Low
Service Coordinator,Customer Service,21,3150.0,1.619047619047619,21.38095238095238,19.9,Medium
Service Crew,Customer Service,309,2550.0,0.313915857605178,18.216828478964402,43.2,Low
Service Crew,F&B,859,2400.0,0.24563445867287545,14.988358556461002,49.9,Low
Service Crew #65755,F&B,32,2600.0,0.03125,4.6875,28.0,Low
Service Crew #66115,F&B,25,2100.0,0.0,4.52,25.6,Low
Service Crew (Cafe),Customer Service,23,2200.0,0.043478260869565216,3.391304347826087,27.1,Low
Service Crew (Full-Time),F&B,31,2100.0,0.0,7.516129032258065,29.1,Low
Service Crew (Japanese Restaurant),Customer Service,68,2200.0,0.0,1.0735294117647058,33.8,Low
Service Crew (Part Time / Full Time) - Long John Silver'S,F&B,22,2100.0,0.045454545454545456,2.5454545454545454,28.3,Low
Service Crew/Barista (Full-Time),Customer Service,26,2250.0,0.15384615384615385,11.5,25.5,Low
Service Crew/Barista (Part-Time),F&B,45,1200.0,1.1111111111111112,17.044444444444444,26.2,Medium
Service Delivery Consultant #65116,Information Technology,71,4000.0,0.2535211267605634,7.450704225352113,34.9,Low
Service Delivery Engineer (Central),Information Technology,280,3150.0,0.06428571428571428,1.575,41.2,Low
Service Delivery Engineer/Manager,Customer Service,25,7000.0,3.08,22.16,25.1,Medium
Service Delivery Executive (Logistics),Customer Service,36,3500.0,1.5277777777777777,14.472222222222221,25.7,Medium
Service Delivery Manager,Information Technology,112,7500.0,4.848214285714286,42.61607142857143,35.0,Medium
"Service Delivery Manager (Biometrics, Data Centre)",Information Technology,22,7500.0,0.6363636363636364,4.090909090909091,31.4,Low
Service Desk Engineer,Information Technology,43,2650.0,1.9767441860465116,21.25581395348837,25.0,Medium
Service Desk Engineer (L2 Skillset),Engineering,310,3150.0,0.21935483870967742,3.8225806451612905,42.0,Low
Service Desk Support Consultant (L1),Information Technology,21,3250.0,5.428571428571429,45.23809523809524,16.7,High
Service Engineer,Building and Construction,47,3400.0,1.8297872340425532,34.638297872340424,25.4,Medium
Service Engineer,Customer Service,48,3275.0,3.375,42.25,23.1,Medium
Service Engineer,Engineering,348,3650.0,3.8275862068965516,46.617816091954026,36.6,Medium
Service Engineer,Repair and Maintenance,32,3575.0,3.21875,53.5625,21.3,Medium
Service Engineer #65006,Repair and Maintenance,21,3500.0,0.5714285714285714,11.571428571428571,24.7,Low
Service Engineer #65794,Repair and Maintenance,47,3500.0,0.19148936170212766,5.170212765957447,31.5,Low
Service Engineer #66085,Repair and Maintenance,28,3250.0,0.2857142857142857,4.5,27.2,Low
Service Engineer #66098,Engineering,25,3000.0,0.04,5.04,27.1,Low
Service Engineer (Cnc Machines) Oil & Gas,Engineering,47,4500.0,0.14893617021276595,1.0638297872340425,31.4,Low
Service Engineer (Electrical) #65623,Engineering,38,2900.0,0.05263157894736842,4.631578947368421,29.6,Low
"Service Engineer (Fresh/No Experience Welcome, $3300 Up)",Engineering,33,3100.0,2.0,22.333333333333332,24.0,Medium
Service Engineer (Hydraulics Pump System/Marine Industry/Tuas Area),Engineering,28,3750.0,0.10714285714285714,1.4642857142857142,28.9,Low
Service Engineer (Marine System/Engine) #65268,Repair and Maintenance,20,4250.0,0.3,2.95,26.8,Low
Service Engineer (Marine/ Shipyard) #65133,Engineering,27,3800.0,0.8888888888888888,9.592592592592593,25.9,Low
Service Engineer (Medical Imaging Equipment),Engineering,27,3250.0,0.1111111111111111,1.2962962962962963,25.6,Low
Service Engineer (Refinery/Petrochemical/Power Plant Analyzer) #65594,Repair and Maintenance,59,4500.0,0.2542372881355932,4.932203389830509,34.6,Low
Service Engineer (Refrigeration / Medical Industry),Engineering,39,3250.0,0.0,1.4615384615384615,28.5,Low
Service Engineer (Refrigeration),Engineering,56,3750.0,0.21428571428571427,0.5714285714285714,30.8,Low
"Service Engineer (West, Cctv, Class 3)",Customer Service,26,2500.0,0.038461538461538464,7.538461538461538,24.3,Low
"Service Engineer X 2 (West, Cctv, Class 3)",Customer Service,27,2500.0,0.3333333333333333,18.296296296296298,23.2,Low
Service Executive,F&B,70,3800.0,0.2714285714285714,18.47142857142857,33.9,Low
Service Management Trainee,F&B,149,3050.0,0.08053691275167785,11.624161073825503,36.7,Low
Service Manager,Customer Service,22,4000.0,1.0454545454545454,15.590909090909092,24.3,Medium
Service Manager,F&B,26,3750.0,0.7692307692307693,13.884615384615385,25.8,Low
Service Sales Coordinator,General Management,37,3000.0,0.05405405405405406,2.945945945945946,27.5,Low
Service Sales Engineer,Engineering,27,4500.0,0.7407407407407407,10.518518518518519,25.7,Low
Service Staff,Customer Service,23,3500.0,0.08695652173913043,20.82608695652174,29.0,Low
Service Staff,F&B,54,2250.0,0.18518518518518517,7.444444444444445,32.4,Low
Service Staff **Retention Bonus $500,F&B,31,2700.0,0.0,5.483870967741935,29.1,Low
Service Supervisor,Customer Service,24,2800.0,0.125,10.541666666666666,26.6,Low
Service Supervisor,F&B,81,2925.0,0.07407407407407407,5.518518518518518,33.8,Low
Service Technician,Building and Construction,36,2575.0,1.3611111111111112,27.25,23.5,Medium
Service Technician,Customer Service,59,2850.0,1.3559322033898304,27.677966101694917,27.5,Medium
Service Technician,Engineering,182,2737.5,2.423076923076923,43.74175824175824,32.9,Medium
Service Technician,Repair and Maintenance,68,2650.0,2.7205882352941178,40.529411764705884,26.6,Medium
Service Technician #53568,Repair and Maintenance,24,2150.0,0.041666666666666664,2.5833333333333335,25.2,Low
Service Technician #65053,Repair and Maintenance,57,2125.0,0.08771929824561403,5.175438596491228,30.7,Low
Service Technician #65890,Repair and Maintenance,41,2400.0,0.17073170731707318,4.146341463414634,28.6,Low
Service Technician #65946,Repair and Maintenance,28,2400.0,0.10714285714285714,3.857142857142857,26.4,Low
Service Technician (Forklift/Terminal Tractor/Stacker),Repair and Maintenance,23,3150.0,0.21739130434782608,5.130434782608695,25.2,Low
"Service Technician (Manufacturing/ Chemical/ Equipment, West)",Engineering,36,3000.0,0.4166666666666667,14.25,27.8,Low
Service Technician (Photocopier) #66086,Repair and Maintenance,28,2100.0,0.0,3.5,26.4,Low
"Service Technician (Si, Cctv/ Ees, East)",Engineering,36,2750.0,0.1111111111111111,15.027777777777779,29.7,Low
Service Technician / Engineer,Engineering,57,2550.0,0.6140350877192983,12.24561403508772,27.5,Low
Service Technician/ Service Engineer #64698,Engineering,24,3500.0,1.2083333333333333,19.291666666666668,23.7,Medium
Servicenow Developer,Information Technology,103,7000.0,0.44660194174757284,12.349514563106796,41.8,Low
Sharepoint Developer,Information Technology,38,7000.0,0.34210526315789475,13.68421052631579,35.4,Low
Ship Tendering Assistant (Maritime Industry),Admin / Secretarial,25,2750.0,0.0,1.28,24.7,Low
Shipping Assistant,Logistics / Supply Chain,28,2425.0,0.8928571428571429,27.142857142857142,21.8,Low
Shipping Assistant #66180,Logistics / Supply Chain,21,2500.0,0.14285714285714285,7.333333333333333,24.5,Low
Shipping Assistant (Cargo),Admin / Secretarial,26,2500.0,0.38461538461538464,9.615384615384615,22.8,Low
Shipping Clerk / Manufacturing Industry (Oil & Gas) / West,Logistics / Supply Chain,20,2750.0,0.1,0.95,22.7,Low
Shipping Coordinator,Customer Service,31,2750.0,7.935483870967742,71.09677419354838,15.4,High
Shipping Coordinator,Logistics / Supply Chain,56,2750.0,5.053571428571429,58.42857142857143,21.3,High
Shipping Executive,Logistics / Supply Chain,112,3050.0,5.464285714285714,48.544642857142854,25.6,High
Shipping Executive #65801,Logistics / Supply Chain,22,3000.0,0.45454545454545453,6.5,24.5,Low
Shipping Executive (5 Days) #65928,Logistics / Supply Chain,24,2850.0,0.16666666666666666,5.708333333333333,25.9,Low
Shipping Manager (Sap) / Manufacturing Mnc / West,Logistics / Supply Chain,43,7500.0,0.813953488372093,7.069767441860465,33.9,Low
Shipping Officer,Logistics / Supply Chain,77,2600.0,1.7142857142857142,19.194805194805195,26.8,Medium
Shop Assistant,Sales / Retail,24,3750.0,1.3333333333333333,26.0,22.8,Medium
Shop Manager,Consulting,21,4750.0,0.2857142857142857,11.857142857142858,28.0,Low
Shop Manager,Customer Service,38,3625.0,1.3157894736842106,23.657894736842106,26.6,Medium
Shop Manager,Sales / Retail,36,3750.0,2.2777777777777777,27.25,25.2,Medium
Shop Sales Assistant,Sales / Retail,35,2400.0,0.9714285714285714,33.857142857142854,26.6,Low
Shop Sales Manager,Customer Service,24,4000.0,0.0,2.5416666666666665,27.9,Low
Shop Sales Manager,Sales / Retail,25,3350.0,0.36,13.0,26.7,Low
Show Flat Assistant / 1 Year Contract / South,Customer Service,47,2750.0,0.2765957446808511,18.893617021276597,27.5,Low
Showroom Manager,Architecture / Interior Design,43,5250.0,0.09302325581395349,3.0697674418604652,32.4,Low
Siem & Automation Engineer,Information Technology,30,6000.0,0.26666666666666666,9.166666666666666,33.4,Low
Signal Engineer (Manufacturing/ West),Engineering,35,4250.0,0.05714285714285714,10.771428571428572,31.5,Low
Signal Integrity Engineer (Manufacturing/ West),Engineering,35,4250.0,0.14285714285714285,11.228571428571428,31.1,Low
Singer,Entertainment,147,4250.0,0.23809523809523808,8.170068027210885,41.1,Low
Site Admin,Admin / Secretarial,44,2500.0,1.9545454545454546,24.977272727272727,23.1,Medium
"Site Admin (Central, 5 Days)",Building and Construction,33,3000.0,0.42424242424242425,3.6666666666666665,25.1,Low
Site Admin Assistant,Admin / Secretarial,21,2950.0,0.9523809523809523,16.047619047619047,23.7,Low
Site Administrator,Admin / Secretarial,61,2750.0,1.5737704918032787,18.40983606557377,27.0,Medium
Site Coordinator,Building and Construction,127,3250.0,1.6535433070866141,20.590551181102363,32.2,Medium
Site Coordinator #65858,General Management,25,3100.0,0.16,4.04,26.7,Low
Site Design Engineer,Building and Construction,26,4000.0,0.07692307692307693,8.538461538461538,27.0,Low
Site Engineer,Architecture / Interior Design,38,4100.0,0.631578947368421,37.1578947368421,28.6,Low
Site Engineer,Building and Construction,1349,4000.0,0.8413639733135656,47.212008895478135,52.1,Low
Site Engineer,Engineering,157,3850.0,0.6624203821656051,33.452229299363054,37.4,Low
"Site Engineer (5.5 Days, Tunnel/Underground)",Building and Construction,25,4000.0,0.0,5.24,27.0,Low
"Site Engineer (Lta, 6 Days)",Architecture / Interior Design,28,4500.0,0.35714285714285715,17.714285714285715,29.2,Low
"Site Engineer Cum Pe Assignee (Lta Project, Day Shift)",Engineering,29,4000.0,0.034482758620689655,7.517241379310345,27.8,Low
Site Foreman,Building and Construction,59,4000.0,0.4915254237288136,17.983050847457626,32.9,Low
Site Manager,Architecture / Interior Design,23,5500.0,0.391304347826087,6.913043478260869,28.5,Low
Site Manager,Building and Construction,422,5250.0,1.7962085308056872,17.01421800947867,44.4,Medium
Site Manager,Engineering,30,6750.0,0.9666666666666667,12.2,30.6,Low
Site Officer (Chemical Management) / West / Training Provided / 1 Year Contract - Convertible / Global Mnc,Sciences / Laboratory / R&D,45,2250.0,0.022222222222222223,0.7777777777777778,30.7,Low
Site Officer (Inventory Management) / West / Training Provided / 1 Year Contract - Extendable / Global Mnc,Logistics / Supply Chain,89,2200.0,0.056179775280898875,3.8764044943820224,31.8,Low
Site Reliability Engineer,Information Technology,87,7500.0,1.1839080459770115,19.885057471264368,39.1,Medium
Site Supervisor,Architecture / Interior Design,77,3500.0,1.5064935064935066,22.675324675324674,30.3,Medium
Site Supervisor,Building and Construction,1488,3987.5,1.2513440860215055,21.648521505376344,52.2,Medium
Site Supervisor,Engineering,60,3575.0,0.9833333333333333,17.166666666666668,30.3,Low
Site Supervisor (Bsc),Building and Construction,28,3900.0,0.35714285714285715,6.964285714285714,30.0,Low
Site Supervisor (Company Lorry Can Be Driven Home) #65777,Building and Construction,48,3250.0,0.08333333333333333,4.375,31.6,Low
Site Supervisor Cum Driver,Building and Construction,26,3500.0,4.346153846153846,66.38461538461539,18.3,Medium
Site Technician - Cctv Systems,Engineering,32,2500.0,0.1875,5.5625,24.9,Low
Sitecore Developer,Information Technology,32,6775.0,0.25,10.78125,34.6,Low
Skilled Tiler Cum Site Supervisor,Building and Construction,45,4000.0,0.044444444444444446,5.622222222222222,33.6,Low
Sme Loan Sales Consultant #54881,Sales / Retail,66,4500.0,0.19696969696969696,6.045454545454546,35.6,Low
Soc Analyst,Information Technology,23,5000.0,2.3043478260869565,24.52173913043478,22.6,Medium
Soc Engineer,Information Technology,32,4250.0,4.125,41.59375,21.9,Medium
Social Media Account Manager,Advertising / Media,64,2650.0,0.828125,8.59375,28.8,Low
Social Media Content Creator,Advertising / Media,38,4000.0,2.026315789473684,18.55263157894737,23.9,Medium
Social Media Executive,Advertising / Media,75,3000.0,4.866666666666666,54.49333333333333,24.4,Medium
Social Media Executive,Consulting,100,6000.0,1.65,25.05,34.7,Medium
Social Media Executive,Marketing / Public Relations,40,3000.0,2.225,27.075,22.6,Medium
Social Media Manager,Advertising / Media,59,4500.0,3.9322033898305087,40.0,25.6,Medium
Social Media Marketing Executive,Advertising / Media,37,3000.0,4.621621621621622,47.027027027027025,19.8,Medium
Social Media Marketing Executive,Marketing / Public Relations,30,3250.0,6.5,54.5,17.5,High
Social Media Wfh Officer,Customer Service,103,4750.0,3.3300970873786406,59.689320388349515,31.4,Medium
Social Work Associate,Social Services,51,2700.0,14.627450980392156,150.05882352941177,15.3,High
Social Worker,Social Services,201,4077.5,7.0,91.32835820895522,30.8,High
"Social Worker (Islandwide, Office Hours) - #Hhw",Social Services,30,5150.0,0.13333333333333333,8.4,34.2,Low
Software And Application Manager,Information Technology,23,9000.0,0.6521739130434783,6.173913043478261,35.5,Low
Software And Applications Manager,Information Technology,51,10000.0,0.6274509803921569,8.176470588235293,41.8,Low
Software Application Developer,Information Technology,21,7250.0,2.9047619047619047,43.61904761904762,25.3,Medium
"Software Application Engineer (.Net/ West/ Manufacturing, Semiconductor, Equipment)",Engineering,36,3000.0,0.5,18.63888888888889,26.7,Low
Software Architect,Information Technology,31,9500.0,1.2903225806451613,23.70967741935484,36.0,Medium
Software Consultant,Information Technology,33,8750.0,1.696969696969697,20.727272727272727,33.7,Medium
"Software Design Engineer (Equipment/ Semiconductor/ Manufacturing, North)",Engineering,33,4500.0,0.36363636363636365,16.515151515151516,30.3,Low
"Software Design Engineer (Windows Device Driver, Up To $8,000)",Design,54,7500.0,0.0,3.2962962962962963,38.6,Low
Software Design Engineer - Usb (Windows/Linux/Mac/Wince),Design,29,7500.0,0.034482758620689655,21.96551724137931,34.3,Low
Software Developer,Banking and Finance,32,9375.0,3.125,51.84375,32.9,Medium
Software Developer,Consulting,21,6000.0,4.380952380952381,50.333333333333336,23.8,Medium
Software Developer,Engineering,54,9000.0,4.407407407407407,51.55555555555556,34.5,Medium
Software Developer,Information Technology,833,7000.0,2.7767106842737093,38.91356542617047,50.9,Medium
Software Developer (.Net),Information Technology,39,7500.0,1.5384615384615385,28.846153846153847,33.9,Medium
Software Developer (C#),Information Technology,20,9000.0,0.0,1.05,37.3,Low
"Software Developer (C#, .Net) / Financial Mnc / Central",Information Technology,22,7500.0,0.22727272727272727,2.090909090909091,31.6,Low
Software Developer (Calypso),Information Technology,52,9000.0,0.0,1.5384615384615385,43.9,Low
Software Developer (Devops),Information Technology,59,9000.0,0.1864406779661017,2.7796610169491527,43.8,Low
Software Developer (Java Automation),Information Technology,28,9000.0,0.10714285714285714,1.6071428571428572,39.4,Low
Software Developer (Java Full Stack),Information Technology,44,9000.0,0.13636363636363635,2.8636363636363638,42.0,Low
Software Developer (Java),Information Technology,139,9000.0,0.3237410071942446,4.237410071942446,48.8,Low
Software Developer (Java/Test Automation),Information Technology,20,9000.0,0.35,3.9,35.7,Low
Software Developer (Outsystems/.Net),Information Technology,31,5500.0,0.16129032258064516,5.290322580645161,30.4,Low
"Software Developer (Power Platform, Up To $5,000)",Information Technology,25,4500.0,0.0,0.32,28.0,Low
Software Developer (Sql/ .Net),Information Technology,67,4500.0,0.08955223880597014,1.626865671641791,34.0,Low
Software Development Engineer,Information Technology,30,5800.0,5.233333333333333,74.36666666666666,23.6,High
Software Engineer,Banking and Finance,37,9500.0,6.216216216216216,78.62162162162163,31.2,High
Software Engineer,Building and Construction,28,5500.0,8.25,58.75,19.2,High
Software Engineer,Consulting,38,5375.0,4.315789473684211,57.31578947368421,25.3,Medium
Software Engineer,Design,22,5500.0,7.5,82.86363636363636,19.1,High
Software Engineer,Engineering,360,5000.0,4.730555555555555,57.46111111111111,38.9,Medium
Software Engineer,Information Technology,795,6000.0,4.462893081761006,47.41006289308176,46.8,Medium
Software Engineer #64498,Information Technology,23,5000.0,0.782608695652174,20.217391304347824,27.4,Low
Software Engineer (.Net),Information Technology,51,6500.0,1.1176470588235294,17.0,34.9,Medium
Software Engineer (Api/Backend),Information Technology,23,6000.0,0.17391304347826086,2.8260869565217392,29.4,Low
"Software Engineer (Backend, J2Ee)",Information Technology,27,4250.0,0.1111111111111111,4.962962962962963,27.4,Low
Software Engineer (C++) #65762,Information Technology,36,5250.0,0.3888888888888889,6.527777777777778,32.1,Low
"Software Engineer (C++/C#/Python, Semiconductor)",Engineering,92,4500.0,0.29347826086956524,5.663043478260869,35.2,Low
"Software Engineer (C/C++, Semiconductor/Automation)",Engineering,40,4000.0,0.075,1.075,29.7,Low
Software Engineer (Cad/Cam) / Global Manufacturing Mnc / West,Information Technology,56,4750.0,0.03571428571428571,1.0535714285714286,33.5,Low
"Software Engineer (Computer Vision/Vision Inspection, C++)",Engineering,58,4500.0,0.20689655172413793,8.586206896551724,32.5,Low
Software Engineer (Cybersecurity) / It Industry / West,Engineering,31,5000.0,0.0967741935483871,1.032258064516129,29.8,Low
"Software Engineer (Equipment/ Semiconductor/ Manufacturing, North)",Engineering,33,4500.0,0.5757575757575758,20.12121212121212,29.5,Low
Software Engineer (Frontend),Information Technology,23,6000.0,9.608695652173912,95.21739130434783,18.7,High
Software Engineer (Java),Information Technology,75,6750.0,2.066666666666667,28.173333333333332,35.3,Medium
Software Engineer (Mobile Application Development/ Android And / Or Ios / Ipados),Engineering,31,6500.0,1.6774193548387097,52.903225806451616,29.2,Medium
Software Engineer (Vision) #65779,Information Technology,32,5250.0,0.1875,6.8125,32.2,Low
"Software Engineer / C#, C++, Vb.Net Asp.Net / Mobile Application Development",Engineering,39,7500.0,2.6153846153846154,38.17948717948718,31.0,Medium
Software Engineer / Software Developer (.Net) Senior,Engineering,27,7500.0,2.1481481481481484,35.925925925925924,29.3,Medium
"Software Engineer, Product",Information Technology,23,13550.0,7.3478260869565215,99.78260869565217,35.2,High
Software Implementation Specialist,Information Technology,42,5250.0,0.07142857142857142,2.6904761904761907,32.4,Low
Software Manager,Information Technology,20,8750.0,1.5,31.7,30.7,Medium
Software Quality Engineer,Engineering,20,7500.0,1.1,32.25,29.8,Medium
Software Quality Engineer,Information Technology,41,7000.0,2.6341463414634148,34.24390243902439,30.8,Medium
"Software Quality Engineer (Selenium, Ci/Cd)",Information Technology,37,6000.0,0.13513513513513514,2.3513513513513513,32.6,Low
Software Support Specialist,Information Technology,61,4000.0,0.5081967213114754,6.983606557377049,30.8,Low
Software Test Engineer,Information Technology,25,5250.0,4.48,53.24,22.1,Medium
Software Tester,Information Technology,46,5000.0,4.021739130434782,60.23913043478261,25.8,Medium
Solar Project Engineer,Building and Construction,26,5000.0,1.0769230769230769,15.153846153846153,25.6,Medium
Solar Project Manager,Building and Construction,27,6000.0,3.3703703703703702,33.074074074074076,23.6,Medium
Solution Architect,Information Technology,240,9500.0,1.2666666666666666,17.070833333333333,49.3,Medium
"Solution Architect (Java, Up To $8,500)",Information Technology,32,7250.0,0.21875,3.5,33.6,Low
Solution Architect(Cloud),Consulting,45,13500.0,0.5555555555555556,6.2,46.2,Low
Solutions Architect,Information Technology,46,11500.0,2.760869565217391,37.108695652173914,38.7,Medium
Solutions Engineer,Engineering,31,4000.0,1.8387096774193548,29.677419354838708,23.7,Medium
Sommelier,F&B,65,4750.0,0.3076923076923077,12.092307692307692,34.5,Low
Sonographer,Healthcare / Pharmaceutical,102,4650.0,0.17647058823529413,20.715686274509803,38.7,Low
Sourcing Associate,Consulting,50,3000.0,0.02,7.3,31.0,Low
Sourcing Engineer (Oil & Gas Mnc),Logistics / Supply Chain,34,4000.0,0.17647058823529413,1.7647058823529411,28.2,Low
"Sourcing Specialist (Indirect) / Pharmaceuticals Mnc / West (1 Year Contract, Renewable & Convertible)",Healthcare / Pharmaceutical,20,5150.0,0.1,1.4,27.2,Low
Sourcing Specialist (Oil & Gas Mnc) / West,Logistics / Supply Chain,115,4000.0,0.10434782608695652,0.8,36.6,Low
Sourcing Team Lead (Oil & Gas Manufacturing Mnc),Logistics / Supply Chain,32,5650.0,1.625,18.75,26.6,Medium
Sourcing Team Lead / East / Global Mnc (Supply Chain Solutions),Logistics / Supply Chain,40,6900.0,0.175,2.05,34.6,Low
Sous Chef,Customer Service,29,3600.0,0.20689655172413793,6.379310344827586,27.7,Low
Sous Chef,F&B,846,3750.0,1.4869976359338062,18.009456264775412,47.3,Medium
Sous Chef,Hospitality,23,4400.0,2.260869565217391,27.869565217391305,21.9,Medium
Sous Chef (Local Or Western Cuisine),Entertainment,37,3150.0,0.4594594594594595,7.054054054054054,28.1,Low
Spa Consultant #65057,Personal Care / Beauty,71,3100.0,0.056338028169014086,4.225352112676056,34.1,Low
Spa Manager,Personal Care / Beauty,60,9000.0,0.5333333333333333,9.95,40.4,Low
Spa Receptionist,Admin / Secretarial,22,2150.0,1.0909090909090908,20.181818181818183,19.9,Medium
Spa Receptionist,Customer Service,26,2400.0,1.0769230769230769,21.653846153846153,22.1,Medium
Spa Therapist,Consulting,29,4000.0,0.13793103448275862,7.620689655172414,28.9,Low
Spa Therapist,Customer Service,238,3850.0,0.3487394957983193,11.57563025210084,42.2,Low
Spa Therapist,Environment / Health,174,4500.0,0.04597701149425287,2.735632183908046,44.8,Low
Spa Therapist,Healthcare / Pharmaceutical,382,4500.0,0.05759162303664921,4.7591623036649215,50.2,Low
Spa Therapist,Hospitality,36,2750.0,0.6388888888888888,15.305555555555555,26.0,Low
Spa Therapist,Medical / Therapy Services,145,3900.0,0.3448275862068966,9.910344827586206,39.9,Low
Spa Therapist,Personal Care / Beauty,1081,4000.0,0.1026827012025902,5.954671600370028,54.6,Low
Spa Therapist,Professional Services,66,3825.0,0.09090909090909091,5.666666666666667,35.5,Low
Spa Therapist #65055,Personal Care / Beauty,73,2750.0,0.0136986301369863,4.0,33.9,Low
Spa Therapist / Foot Reflexologist,Sales / Retail,20,4150.0,0.05,2.65,27.8,Low
Spa Therapist Supervisor,Personal Care / Beauty,25,4000.0,0.08,6.44,28.2,Low
Special Assistant To Ceo (Personal Assistant),Admin / Secretarial,35,6000.0,0.17142857142857143,1.6857142857142857,32.1,Low
Special Education Teacher,Education and Training,56,3750.0,7.946428571428571,98.39285714285714,21.5,High
Special Needs Teacher #66099,Education and Training,22,2700.0,0.22727272727272727,5.363636363636363,24.8,Low
Sped Teacher,Education and Training,58,3550.0,1.4482758620689655,14.741379310344827,29.8,Medium
Speech & Language Therapist,Education and Training,31,4600.0,0.03225806451612903,7.580645161290323,30.0,Low
Speech And Language Therapist,Medical / Therapy Services,41,4200.0,0.04878048780487805,4.926829268292683,30.7,Low
Speech Therapist,Healthcare / Pharmaceutical,33,4400.0,0.15151515151515152,3.212121212121212,30.9,Low
Speech Therapist,Professional Services,30,4830.0,0.1,8.166666666666666,30.6,Low
Sponsorship Executive Intern,Consulting,30,1000.0,0.0,1.4666666666666666,22.6,Low
Sponsorship Executive Intern,Marketing / Public Relations,30,1000.0,0.0,1.1,22.6,Low
Sport Retail Assistant / Multiple Outlets / $12 Per Hour,Sales / Retail,34,1900.0,0.029411764705882353,1.1176470588235294,29.5,Low
Spray Painter,Customer Service,22,3900.0,0.0,16.545454545454547,28.1,Low
Spray Painter #64671,Repair and Maintenance,29,2150.0,0.0,4.103448275862069,26.7,Low
Spray Painter (Automotive Industry),Repair and Maintenance,33,3300.0,0.0,2.0,27.5,Low
Sr Design Engineer (Physical Design),Engineering,29,6900.0,0.10344827586206896,2.4827586206896552,35.0,Low
Sr Enrolled Nurse (Wards/Icu/Ot/Ed/Outpatient Clinic),Healthcare / Pharmaceutical,21,3750.0,0.2857142857142857,5.142857142857143,32.4,Low
Sr Staff Nurse (Wards/Icu/Ot/Ed/Outpatient Clinic),Healthcare / Pharmaceutical,21,5400.0,0.47619047619047616,8.952380952380953,34.7,Low
Sre Engineer,Information Technology,20,6375.0,0.55,14.0,29.8,Low
Staff Nurse,Environment / Health,59,3650.0,0.5254237288135594,21.491525423728813,34.7,Low
Staff Nurse,Healthcare / Pharmaceutical,431,3700.0,0.7494199535962877,20.464037122969838,49.1,Low
Staff Nurse #54713,Healthcare / Pharmaceutical,70,3750.0,0.1,6.457142857142857,35.0,Low
Staff Nurse #65058,Healthcare / Pharmaceutical,26,3300.0,0.15384615384615385,8.076923076923077,27.3,Low
Staff Nurse ( Pediatric Specialist Clinic ) 5.5 Days,Environment / Health,33,3500.0,0.18181818181818182,9.242424242424242,27.0,Low
Staff Nurse (Eye Specialist Clinic),Consulting,154,4500.0,0.09090909090909091,5.298701298701299,39.6,Low
Staff Nurse (Inpatient),Healthcare / Pharmaceutical,39,3750.0,0.8461538461538461,17.871794871794872,31.7,Low
"Staff Nurse (North, Nursing Home, Shift)",Healthcare / Pharmaceutical,39,3250.0,0.0,2.6153846153846154,28.5,Low
"Staff Nurse (Nursing Home, 6 Days, Shift)",Healthcare / Pharmaceutical,62,3000.0,0.03225806451612903,8.17741935483871,31.0,Low
"Staff Nurse (O&G, 5.5 Days)",Healthcare / Pharmaceutical,127,3250.0,0.015748031496062992,5.921259842519685,36.3,Low
Staff Nurse (Radiology),Environment / Health,25,3500.0,0.12,7.12,25.5,Low
"Staff Nurse (Renal Care, 5.5 Days)",Healthcare / Pharmaceutical,94,3600.0,0.0425531914893617,6.617021276595745,34.8,Low
Staff Nurse (Wards/Icu/Ot/Ed/Outpatient Clinic),Healthcare / Pharmaceutical,35,3750.0,2.342857142857143,73.62857142857143,30.7,Medium
Staff Nurse - Adult Autism Setting,Environment / Health,27,3500.0,0.3333333333333333,8.592592592592593,25.1,Low
Staff Nurse - Disability Home,Environment / Health,30,3400.0,0.2,10.1,26.1,Low
Staff Nurse - Elder Care Centre ( Mon To Fri ),Environment / Health,24,3500.0,0.4166666666666667,16.375,24.0,Low
Staff Nurse - Gp Clinic,Environment / Health,26,3400.0,1.2692307692307692,18.53846153846154,21.8,Medium
Staff Nurse - Orthopedic Specialist Clinic | Central,Environment / Health,28,3650.0,0.17857142857142858,9.0,26.2,Low
Staff Nurse - Specialist Clinic | 5.5 Days,Environment / Health,20,3500.0,0.3,8.0,23.3,Low
Staff Nurse -Dermatology Clinic | 5.5 Days,Environment / Health,30,3500.0,0.23333333333333334,9.433333333333334,26.2,Low
Staff Nurse / Enrolled Nurse,Healthcare / Pharmaceutical,22,3425.0,1.0909090909090908,16.772727272727273,24.3,Medium
Staff Software Engineer,Information Technology,22,11500.0,4.136363636363637,59.04545454545455,33.2,Medium
"Staff/Enrolled Nurse (High Pay, Islandwide, Agency/Locum/Perm) - #Hhw",Healthcare / Pharmaceutical,48,4000.0,0.3541666666666667,6.25,32.9,Low
Stage Manager,Entertainment,61,4300.0,0.29508196721311475,7.360655737704918,34.1,Low
Stall Assistant,F&B,35,2500.0,0.14285714285714285,13.314285714285715,27.7,Low
Stamping Engineer (Manufacturing/ West),Engineering,35,4250.0,0.3142857142857143,15.114285714285714,30.4,Low
Stamping Process Engineer (Manufacturing/ West),Engineering,35,4250.0,0.37142857142857144,12.771428571428572,30.1,Low
Start A Sales Career With Bank (Entry Level) (Perm)/S$3.5K/Banks/Island-Wide,Banking and Finance,28,3750.0,0.5714285714285714,13.75,27.0,Low
Station Manager-In-Training,F&B,22,3000.0,0.09090909090909091,7.545454545454546,30.5,Low
Stewarding Supervisor,F&B,20,2700.0,0.45,19.6,22.9,Low
Storage Engineer,Information Technology,24,7375.0,0.4166666666666667,17.791666666666668,32.2,Low
Store Assistant,Admin / Secretarial,291,4000.0,0.14432989690721648,7.494845360824742,44.8,Low
Store Assistant,F&B,33,4600.0,0.12121212121212122,9.454545454545455,33.2,Low
Store Assistant,General Work,29,2000.0,0.6551724137931034,34.310344827586206,22.9,Low
Store Assistant,Logistics / Supply Chain,40,2000.0,1.45,45.8,22.3,Medium
Store Assistant #65892,Logistics / Supply Chain,21,1900.0,0.047619047619047616,4.333333333333333,23.9,Low
Store Keeper,Admin / Secretarial,360,4000.0,0.06111111111111111,5.458333333333333,46.7,Low
Store Manager,Customer Service,54,3750.0,1.2037037037037037,19.555555555555557,29.4,Medium
Store Manager,F&B,86,3362.5,0.7906976744186046,15.80232558139535,33.9,Low
Store Manager,General Management,26,5000.0,2.576923076923077,24.23076923076923,23.5,Medium
Store Manager,Sales / Retail,69,5000.0,2.8260869565217392,23.0,29.9,Medium
Store Manager Cum Cook #65715,F&B,21,2700.0,0.0,2.380952380952381,25.6,Low
Store Supervisor,Sales / Retail,44,3150.0,1.3863636363636365,27.681818181818183,28.5,Medium
Storekeeper,Admin / Secretarial,127,4000.0,0.10236220472440945,7.480314960629921,39.4,Low
Storekeeper,General Work,32,2025.0,1.1875,51.71875,21.4,Medium
Storekeeper,Logistics / Supply Chain,68,2150.0,0.7794117647058824,27.176470588235293,28.4,Low
Storekeeper,Others,21,2050.0,0.5714285714285714,36.857142857142854,21.0,Low
Storekeeper #65693,Logistics / Supply Chain,24,1700.0,0.125,3.7083333333333335,24.0,Low
Storekeeper #65730,Logistics / Supply Chain,33,2250.0,0.15151515151515152,4.212121212121212,27.0,Low
"Storekeeper (Forklift, Tuas)",General Work,53,1650.0,0.03773584905660377,7.547169811320755,27.4,Low
Storekeeper (Night Shift) 1 Year Contract (Renewable) / Changi,Logistics / Supply Chain,30,2350.0,0.0,2.0,25.1,Low
Storekeeper / 1 Year Contract / East,Logistics / Supply Chain,40,2350.0,0.025,3.05,26.9,Low
Structural Coordinator,Building and Construction,27,4250.0,0.07407407407407407,7.851851851851852,30.5,Low
Structural Design Engineer,Building and Construction,22,4200.0,0.4090909090909091,30.272727272727273,25.1,Low
Structural Engineer,Building and Construction,89,4300.0,0.8876404494382022,33.157303370786515,35.0,Low
Structural Engineer,Engineering,59,5250.0,0.9830508474576272,32.45762711864407,32.0,Low
Structural Engineer (Lta),Building and Construction,55,5250.0,0.12727272727272726,10.218181818181819,33.9,Low
Structural Fitter,Building and Construction,20,3300.0,0.15,22.75,26.6,Low
"Structural Project Manager (Construction, Fit Out)",Building and Construction,31,8750.0,0.3548387096774194,3.2903225806451615,35.7,Low
Structural Steel Detailer,Building and Construction,26,3837.5,0.11538461538461539,29.73076923076923,27.1,Low
Structural Supervisor,Building and Construction,27,4200.0,0.4444444444444444,20.85185185185185,27.3,Low
Student Care Teacher,Education and Training,229,2150.0,5.109170305676856,60.1703056768559,32.8,High
Supervisor,Admin / Secretarial,961,4000.0,0.27471383975026015,4.253902185223725,52.3,Low
Supervisor,Architecture / Interior Design,49,4000.0,0.5510204081632653,13.73469387755102,31.0,Low
Supervisor,Building and Construction,636,3975.0,0.3160377358490566,7.779874213836478,48.8,Low
Supervisor,Consulting,25,3450.0,0.4,7.04,26.9,Low
Supervisor,Customer Service,571,3900.0,0.2609457092819615,5.831873905429072,48.7,Low
Supervisor,Engineering,102,3900.0,0.43137254901960786,9.676470588235293,36.0,Low
Supervisor,Environment / Health,63,3700.0,1.3333333333333333,14.88888888888889,32.9,Medium
Supervisor,F&B,2589,4000.0,0.0776361529548088,4.761297798377752,60.9,Low
Supervisor,General Management,2126,4000.0,0.05503292568203198,4.014581373471308,59.6,Low
Supervisor,General Work,860,4000.0,0.1372093023255814,3.8069767441860467,52.4,Low
Supervisor,Healthcare / Pharmaceutical,79,4000.0,0.0759493670886076,3.1139240506329116,36.4,Low
Supervisor,Hospitality,22,4000.0,0.22727272727272727,6.681818181818182,27.8,Low
Supervisor,Logistics / Supply Chain,41,4000.0,0.21951219512195122,7.2439024390243905,31.6,Low
Supervisor,Manufacturing,900,4000.0,0.15888888888888889,4.656666666666666,52.4,Low
Supervisor,Others,2651,3925.0,0.060731799321010936,3.121086382497171,60.9,Low
Supervisor,Personal Care / Beauty,783,4000.0,0.06385696040868455,2.9974457215836527,52.0,Low
Supervisor,Professional Services,92,4250.0,0.06521739130434782,3.489130434782609,36.9,Low
Supervisor,Repair and Maintenance,31,4000.0,0.12903225806451613,7.580645161290323,29.5,Low
Supervisor,Sales / Retail,168,4000.0,0.3273809523809524,7.404761904761905,40.1,Low
Supervisor,Wholesale Trade,165,4000.0,0.10303030303030303,4.321212121212121,41.1,Low
Supervisor / General Foreman,Building and Construction,23,3900.0,0.13043478260869565,9.652173913043478,27.8,Low
Supervisor And Formwork Foreman,Building and Construction,26,4050.0,0.07692307692307693,11.423076923076923,29.0,Low
Supervisor And General Foreman,Building and Construction,32,4000.0,0.5625,16.71875,27.1,Low
Supervisor And General Foreman (Air-Conditioning),Repair and Maintenance,44,3575.0,0.0,3.227272727272727,32.7,Low
Supervisor And General Foreman (M&E),Building and Construction,23,4000.0,0.08695652173913043,6.434782608695652,26.7,Low
Supervisor And General Foreman (M&E) (Air-Conditioning),Building and Construction,230,3575.0,0.013043478260869565,2.2304347826086954,43.5,Low
Supervisor And General Foreman (M&E) (Air-Conditioning),Engineering,277,3575.0,0.039711191335740074,1.7942238267148014,44.6,Low
Supervisor And General Foreman (M&E) (Air-Conditioning),Repair and Maintenance,161,3575.0,0.012422360248447204,1.4658385093167703,41.2,Low
Supervisor Cum Driver,Building and Construction,21,3800.0,2.857142857142857,35.38095238095238,20.0,Medium
"Supervisor, Housekeeping",General Work,26,2800.0,0.34615384615384615,18.153846153846153,26.5,Low
Supervisor/Assistant Manager (Accounting & Tax),Accounting / Auditing / Taxation,54,4350.0,0.5370370370370371,8.092592592592593,30.5,Low
Supervisor/Asst Supervisor,Personal Care / Beauty,23,4550.0,0.0,4.434782608695652,28.0,Low
Supplier Quality Engineer,Engineering,24,4750.0,7.0,62.208333333333336,17.4,High
Supply Chain Analyst,Logistics / Supply Chain,23,6000.0,20.52173913043478,168.6086956521739,14.1,High
Supply Chain Analyst (Business Process) Manufacturing Mnc,Logistics / Supply Chain,29,6000.0,1.3448275862068966,8.827586206896552,27.2,Medium
Supply Chain Coordinator,Logistics / Supply Chain,30,3050.0,3.5,31.633333333333333,18.5,Medium
Supply Chain Executive,Logistics / Supply Chain,83,3150.0,14.216867469879517,101.43373493975903,19.7,High
"Supply Chain Executive (Manufacturing/ Cnc/ Metals, West)",Engineering,34,3000.0,1.0294117647058822,15.823529411764707,24.8,Medium
Supply Chain Executive (Work In Vietnam) #65172,Logistics / Supply Chain,69,4000.0,0.5217391304347826,7.2898550724637685,33.6,Low
Supply Chain Manager,General Management,36,7000.0,0.6944444444444444,5.805555555555555,35.0,Low
Supply Chain Manager,Logistics / Supply Chain,66,6625.0,9.696969696969697,69.16666666666667,27.0,High
"Supply Chain Manager (Manufacturing, Electronics, Semiconductor/ North)",Engineering,35,5500.0,3.742857142857143,24.457142857142856,25.1,Medium
Support Admin,Admin / Secretarial,82,2750.0,8.951219512195122,60.53658536585366,20.3,High
Support Analyst,Information Technology,52,9000.0,1.1923076923076923,10.038461538461538,39.4,Medium
Support Engineer,Information Technology,32,3500.0,1.59375,22.4375,23.8,Medium
Sushi And Sashimi Chef,F&B,31,9000.0,0.3870967741935484,9.0,39.1,Low
Sushi Chef,F&B,30,4000.0,0.9333333333333333,19.8,25.9,Low
Sustainability Manager (Commercial Buildings),Building and Construction,20,6250.0,0.1,1.45,29.3,Low
Sustainability Senior Manager (Hospitality Mnc),Environment / Health,62,9500.0,0.5161290322580645,2.1451612903225805,41.0,Low
System Administrator,Information Technology,99,4500.0,2.121212121212121,41.64646464646464,32.3,Medium
System Analyst,Banking and Finance,34,8125.0,1.8529411764705883,28.970588235294116,32.6,Medium
System Analyst,General Work,82,8000.0,1.0609756097560976,9.841463414634147,41.5,Medium
System Analyst,Information Technology,285,7000.0,2.0105263157894737,26.20701754385965,44.6,Medium
"System Analyst (It Projects, Contract)",Information Technology,87,5000.0,0.14942528735632185,3.5057471264367814,36.4,Low
System Analyst (Sap),Information Technology,30,4000.0,0.4,4.0,26.4,Low
System Engineer,Engineering,114,4250.0,1.2105263157894737,19.596491228070175,34.7,Medium
System Engineer,Information Technology,396,5250.0,1.2323232323232323,21.42676767676768,45.3,Medium
"System Engineer (.Net/ West/ Manufacturing, Semiconductor, Equipment)",Engineering,37,3000.0,0.08108108108108109,14.054054054054054,28.7,Low
System Engineer (Entry Level Candidates Welcome),Engineering,29,4600.0,2.689655172413793,24.551724137931036,28.0,Medium
System Engineer (It Solutions),Engineering,41,3750.0,0.5609756097560976,10.0,27.4,Low
"System Engineer (Mcse/Ccna, Class 3)",Information Technology,23,3500.0,0.13043478260869565,4.608695652173913,24.9,Low
"System Engineer (Si, East)",Engineering,41,3000.0,0.5609756097560976,17.146341463414632,29.1,Low
System Engineer (Wintel),Information Technology,23,7500.0,3.347826086956522,40.130434782608695,27.3,Medium
System Engineer / Technical Support,Information Technology,54,4000.0,1.1111111111111112,12.88888888888889,30.8,Medium
System Engineer Manager,Information Technology,25,7500.0,0.24,6.52,32.4,Low
System Engineers,Banking and Finance,48,5000.0,0.3541666666666667,5.3125,33.7,Low
System Integration & Engineering / Testing And Commissioning Engineer ( Junior / Entry Level / Senior ) X3 Opening / Mnc,Engineering,69,6500.0,4.318840579710145,32.46376811594203,30.8,Medium
System Integrator,Information Technology,22,8875.0,0.4090909090909091,10.409090909090908,35.3,Low
System Support Specialist (Blue Yonder) / East,Logistics / Supply Chain,33,6250.0,0.0,0.42424242424242425,33.0,Low
"System Test Engineer (Python, Iot)",Engineering,93,6000.0,0.6451612903225806,7.225806451612903,36.8,Low
Systems Administrator,Information Technology,21,4500.0,2.0952380952380953,29.38095238095238,21.7,Medium
Systems Administrator (Windows And Azure),Information Technology,54,4250.0,0.4074074074074074,6.648148148148148,30.7,Low
Systems Analyst,Information Technology,24,5000.0,2.4166666666666665,39.166666666666664,23.3,Medium
Systems Engineer,Engineering,49,4500.0,2.4489795918367347,29.816326530612244,26.7,Medium
Systems Engineer,Information Technology,131,5000.0,2.0076335877862594,28.862595419847327,35.2,Medium
Systems Engineer (Audio Visual),Engineering,38,4000.0,0.10526315789473684,1.131578947368421,29.2,Low
Systems Operations Engineer (1 Year Contract / Fmcg Industry),Engineering,36,3300.0,0.027777777777777776,2.4722222222222223,28.0,Low
Systems Programmer,Banking and Finance,22,9175.0,0.2727272727272727,6.545454545454546,36.0,Low
Systems Programmer,Information Technology,64,8500.0,0.296875,3.5625,42.4,Low
Tableau Developer,Information Technology,40,6200.0,1.125,14.9,31.9,Medium
Talent Acquisition Executive,Human Resources,31,3700.0,5.0,41.70967741935484,18.6,Medium
Talent Acquisition Specialist,Human Resources,62,4025.0,3.4838709677419355,25.903225806451612,25.6,Medium
"Talent Consultant (Entry Level, Training Provided)",Consulting,355,3500.0,0.19718309859154928,1.971830985915493,42.8,Low
"Talent Consultant (Entry Level, Training Provided) Basic + Commission",Consulting,115,3500.0,1.0347826086956522,14.678260869565218,32.4,Medium
"Tally Clerk (5.5 Days, Shift)",Logistics / Supply Chain,36,2050.0,0.05555555555555555,5.722222222222222,26.8,Low
Tax Accountant,Accounting / Auditing / Taxation,21,4250.0,0.7142857142857143,22.333333333333332,23.8,Low
Tax Associate,Accounting / Auditing / Taxation,137,3350.0,0.9854014598540146,19.795620437956206,35.7,Low
Tax Executive,Accounting / Auditing / Taxation,54,3150.0,0.8333333333333334,16.185185185185187,28.6,Low
Tax Manager,Accounting / Auditing / Taxation,112,6750.0,1.3392857142857142,24.366071428571427,38.8,Medium
Tax Manager (Corporate Tax/Gst/Hybrid Working Arrangement) #65012,Accounting / Auditing / Taxation,20,7600.0,0.2,8.5,33.4,Low
Tax Manager (Gst) #65013,Accounting / Auditing / Taxation,72,7250.0,0.125,5.722222222222222,41.6,Low
Tax Senior,Accounting / Auditing / Taxation,48,4200.0,0.3541666666666667,9.5625,31.5,Low
Tax Senior #64809,Accounting / Auditing / Taxation,74,3600.0,0.04054054054054054,4.45945945945946,35.4,Low
Tax Supervisor,Accounting / Auditing / Taxation,28,4075.0,0.10714285714285714,3.392857142857143,28.6,Low
Tcm Physician,Consulting,26,6000.0,0.46153846153846156,34.15384615384615,31.3,Low
Tcm Physician,Environment / Health,38,9000.0,0.07894736842105263,8.947368421052632,38.8,Low
Tcm Physician,Healthcare / Pharmaceutical,84,5000.0,0.16666666666666666,11.011904761904763,38.1,Low
Tcm Physician,Medical / Therapy Services,28,5250.0,0.21428571428571427,13.285714285714286,31.4,Low
Teacher,Education and Training,90,3700.0,4.5777777777777775,47.98888888888889,29.3,Medium
Teacher (Special Education),Education and Training,33,3800.0,3.5454545454545454,31.303030303030305,22.5,Medium
Teacher (Student Care),Education and Training,23,2150.0,0.782608695652174,12.521739130434783,21.1,Low
Teacher - Chinese,Education and Training,47,2900.0,0.6595744680851063,18.48936170212766,27.8,Low
Teacher - English,Education and Training,44,2900.0,1.2272727272727273,21.431818181818183,25.8,Medium
Teacher Aide,Education and Training,62,2200.0,1.4838709677419355,20.93548387096774,27.2,Medium
Teacher Aide (Special Education),Education and Training,59,2300.0,1.4067796610169492,19.983050847457626,26.2,Medium
Teacher Assistant,Education and Training,51,2250.0,7.333333333333333,85.7843137254902,18.8,High
Teaching Assistant,Education and Training,75,2150.0,4.386666666666667,51.61333333333334,24.9,Medium
Teaching Assistant (International School) #65960,Education and Training,32,2150.0,0.5,9.5,25.2,Low
Team Lead (Start-Up Expansion),Consulting,428,3800.0,0.07009345794392523,3.8271028037383177,45.3,Low
Team Lead (Youth Development / Youth Leadership),Admin / Secretarial,21,3900.0,3.0952380952380953,21.142857142857142,18.2,Medium
"Team Lead(Govt Grants/Subsidies, Ang Mo Kio)",Admin / Secretarial,25,3800.0,0.76,11.04,23.6,Low
Technical Account Manager,Information Technology,30,10712.5,2.8,33.666666666666664,34.2,Medium
Technical Architect,Information Technology,39,10000.0,0.7948717948717948,19.05128205128205,39.2,Low
Technical Business Analyst,Information Technology,50,5700.0,2.64,24.04,29.7,Medium
Technical Consultant,Information Technology,48,7500.0,1.1666666666666667,26.354166666666668,34.9,Medium
Technical Consultant (D365 Crm),Information Technology,28,7500.0,0.17857142857142858,12.892857142857142,33.4,Low
Technical Consultant – Sap B1,Information Technology,20,5000.0,0.3,13.85,26.0,Low
"Technical Coordinator (Oil Trading, Up To $3,200)",Admin / Secretarial,29,3000.0,0.034482758620689655,7.689655172413793,26.0,Low
Technical Delivery Manager,Information Technology,46,10000.0,1.7173913043478262,18.304347826086957,38.1,Medium
Technical Designer,Architecture / Interior Design,23,4000.0,0.43478260869565216,17.304347826086957,25.6,Low
Technical Engineer,Building and Construction,81,7500.0,0.3950617283950617,11.567901234567902,40.1,Low
Technical Engineer,Engineering,25,4250.0,1.6,26.12,23.5,Medium
"Technical Engineer (Cctv, Homeland Security)",Engineering,35,3250.0,0.2571428571428571,9.685714285714285,26.6,Low
Technical Executive,Building and Construction,41,3300.0,2.073170731707317,29.682926829268293,24.2,Medium
Technical Facilities Officer (Construction),Building and Construction,22,4500.0,0.09090909090909091,1.3181818181818181,26.7,Low
Technical Lead,Information Technology,102,9000.0,0.6666666666666666,15.53921568627451,44.5,Low
Technical Manager,Building and Construction,42,7375.0,2.1666666666666665,31.452380952380953,31.9,Medium
Technical Manager,Engineering,52,8000.0,1.7884615384615385,25.307692307692307,34.6,Medium
Technical Manager,Information Technology,30,9000.0,2.466666666666667,26.766666666666666,31.8,Medium
Technical Manager (Air-Conditioning),Repair and Maintenance,27,5050.0,0.1111111111111111,8.296296296296296,31.2,Low
Technical Manager (Amusement Park),Hospitality,24,6000.0,0.0,1.6666666666666667,30.5,Low
Technical Manager (Network),Information Technology,127,6000.0,0.10236220472440945,2.811023622047244,43.1,Low
Technical Manager (Plumbing),Engineering,41,4950.0,0.12195121951219512,2.5853658536585367,33.4,Low
Technical Officer,Building and Construction,71,4000.0,2.0422535211267605,29.492957746478872,30.0,Medium
Technical Officer,Engineering,62,2850.0,0.8870967741935484,18.93548387096774,29.0,Low
Technical Project Manager,Information Technology,66,9000.0,2.984848484848485,26.484848484848484,36.4,Medium
Technical Sales Engineer,Engineering,62,3600.0,1.064516129032258,21.096774193548388,29.4,Medium
Technical Sales Engineer (5 Days/Near Mrt/Good Benefits) #64518,Sales / Retail,21,3400.0,0.23809523809523808,9.714285714285714,25.8,Low
Technical Sales Engineer (Acmv / Hvac),Engineering,23,4000.0,0.17391304347826086,2.5217391304347827,25.6,Low
Technical Sales Engineer (Automation Solutions) / East / Global Mnc,Engineering,21,3300.0,0.0,0.14285714285714285,24.6,Low
Technical Sales Engineer (Customer Servicing),Engineering,43,3250.0,0.06976744186046512,0.3023255813953488,28.8,Low
Technical Sales Engineer (Manufacturing Industry),Engineering,44,3250.0,0.06818181818181818,0.3181818181818182,29.0,Low
Technical Sales Engineer (Manufacturing Mnc),Customer Service,40,5000.0,0.0,0.325,32.0,Low
Technical Sales Manager #64428,Sales / Retail,37,5500.0,0.6486486486486487,9.891891891891891,31.9,Low
Technical Sales Support Engineer (Semiconductor),Customer Service,23,4000.0,0.2608695652173913,5.304347826086956,25.3,Low
"Technical Service Engineer - Chemicals Mnc, West (No Experience Required, Training Provided)",Engineering,30,2650.0,0.03333333333333333,1.1,25.5,Low
Technical Service Specialist /Service Engineer (Repair/Maintenance Laboratory Instrumentation),Engineering,29,7000.0,0.5517241379310345,5.172413793103448,32.6,Low
Technical Specialist,Engineering,30,3200.0,2.8,44.13333333333333,22.2,Medium
Technical Superintendent,Engineering,91,9500.0,4.923076923076923,47.56043956043956,36.6,Medium
Technical Superintendent,Others,34,10500.0,2.676470588235294,32.294117647058826,34.7,Medium
"Technical Superintendent (Coc 1/Coc 2, Oil Tanker)",Engineering,160,9750.0,0.2625,7.39375,48.8,Low
Technical Superintendent (Ship Management),Others,23,7500.0,0.30434782608695654,2.9565217391304346,31.6,Low
Technical Supervisor (Air-Conditioning),Engineering,27,3500.0,0.25925925925925924,24.77777777777778,28.0,Low
Technical Support Analyst,Information Technology,26,3050.0,0.6153846153846154,25.346153846153847,23.2,Low
Technical Support Consultant (Level 2),Information Technology,21,4500.0,5.571428571428571,38.57142857142857,16.8,High
Technical Support Engineer,Engineering,67,3750.0,2.4477611940298507,37.19402985074627,27.4,Medium
Technical Support Engineer,Information Technology,40,3650.0,2.05,29.4,24.4,Medium
Technical Team Manager,Engineering,26,6000.0,0.23076923076923078,2.423076923076923,30.2,Low
Technical Writer,Engineering,22,4900.0,1.3181818181818181,17.363636363636363,23.8,Medium
Technical Writer,Information Technology,36,5000.0,1.4166666666666667,29.694444444444443,28.1,Medium
Technician,Building and Construction,205,2750.0,1.4536585365853658,27.8,35.7,Medium
Technician,Customer Service,92,2100.0,0.33695652173913043,8.967391304347826,32.6,Low
Technician,Engineering,308,2575.0,1.7175324675324675,30.412337662337663,37.9,Medium
Technician,General Work,49,3250.0,0.5102040816326531,13.448979591836734,29.3,Low
Technician,Information Technology,43,2150.0,0.9302325581395349,19.023255813953487,24.3,Low
Technician,Manufacturing,56,2725.0,1.7678571428571428,32.517857142857146,26.3,Medium
Technician,Others,64,3675.0,1.484375,24.234375,29.2,Medium
Technician,Professional Services,27,4150.0,0.3333333333333333,11.185185185185185,28.2,Low
Technician,Real Estate / Property Management,48,1900.0,0.875,12.270833333333334,26.4,Low
Technician,Repair and Maintenance,183,2700.0,1.8797814207650274,31.043715846994534,33.9,Medium
Technician #65687,Repair and Maintenance,29,2200.0,0.13793103448275862,3.9310344827586206,26.1,Low
Technician #65856,Repair and Maintenance,24,1875.0,0.0,2.5833333333333335,24.9,Low
Technician #65898,Repair and Maintenance,22,2400.0,0.09090909090909091,1.9545454545454546,24.9,Low
Technician (Airconditioning Company),Engineering,157,2400.0,0.050955414012738856,3.2929936305732483,37.4,Low
Technician (Electronics/ Electrical) #65190,Manufacturing,55,2600.0,0.14545454545454545,3.9272727272727272,31.0,Low
"Technician (Fuel, Aviation, Tuas)",Engineering,21,2250.0,0.0,2.142857142857143,22.6,Low
"Technician (Pca/Electronics Manufacturing, Up To $2,600)",Engineering,48,2400.0,0.08333333333333333,5.979166666666667,27.9,Low
"Technician (Tuas, Welding/Electrician, Up To $3,000)",Engineering,29,2500.0,0.0,1.9310344827586208,25.2,Low
Technician Officer,Building and Construction,42,3500.0,0.0,0.9285714285714286,32.6,Low
Technician Operator #65094,Repair and Maintenance,21,2050.0,0.14285714285714285,15.333333333333334,23.7,Low
"Technician, Engineering",Engineering,34,2525.0,1.5,18.441176470588236,24.8,Medium
Technician/Senior Technician,Repair and Maintenance,33,2300.0,0.12121212121212122,2.878787878787879,26.1,Low
Technology Executive,Information Technology,21,3250.0,0.9047619047619048,14.0,21.1,Low
Telemarketer,Admin / Secretarial,22,2400.0,1.4090909090909092,16.954545454545453,20.3,Medium
Telemarketer,Customer Service,67,3750.0,2.746268656716418,20.149253731343283,27.7,Medium
Telemarketer,Marketing / Public Relations,23,1500.0,0.6086956521739131,7.956521739130435,20.6,Low
Telemarketer,Sales / Retail,35,2400.0,1.6571428571428573,20.685714285714287,23.2,Medium
Telemarketer,Telecommunications,21,2500.0,1.0,13.952380952380953,20.8,Low
"Telemarketing Specialist (Salary: $3,650/Banking/High Commission) - Code: Gl",Banking and Finance,45,3575.0,0.4,17.57777777777778,28.3,Low
"Telemarketing Specialist (Up To $4,500/Banking/High Commission) - Code: Gl",Banking and Finance,43,4000.0,0.046511627906976744,2.86046511627907,30.3,Low
Telephone Operator,Customer Service,26,1950.0,1.5384615384615385,17.884615384615383,19.6,Medium
Telesales Executive (Banking) | Code: Gl,Banking and Finance,48,2500.0,0.125,8.3125,27.9,Low
Telesales Executive (Banking/Loan) | Code: Gl,Banking and Finance,21,6000.0,0.0,2.4285714285714284,29.6,Low
Telesales Executive (Competitive Basic Salary + Commission),Sales / Retail,29,2250.0,0.1724137931034483,11.517241379310345,25.2,Low
Telesales Executive (Credit Card Insurance/Salary Up To $4K + Commission + Pb) - Code: Gl,Banking and Finance,98,3500.0,0.01020408163265306,5.438775510204081,35.1,Low
Telesales Executive (General Insurance/Salary Up To $4K + Commission + Pb) - Code: Gl,Banking and Finance,60,3500.0,0.15,8.516666666666667,31.1,Low
Telesales Executive (General Insurance/Salary Up To $5K + Commission + Pb) - Code: Gl,Banking and Finance,43,4000.0,0.09302325581395349,2.558139534883721,30.1,Low
"Telesales Executive (Premium Credit Card/High Commission + Aws/Salary $3,000) - Code: Gl",Banking and Finance,30,3000.5,0.23333333333333334,9.7,26.6,Low
Telesales Officer (Tampines/General Insurance) - Code: Gl,Banking and Finance,53,3100.0,0.018867924528301886,2.7169811320754715,33.4,Low
Telesales Team Manager (Salary Up To $5K) - Code: Gl,Banking and Finance,22,4500.0,0.0,2.1363636363636362,28.5,Low
Temp / Perm Retail Assistants (Islandwide) - #Hhw,Sales / Retail,23,1950.0,0.13043478260869565,2.391304347826087,23.3,Low
Temp Account Assistant / 1~2 Months Contract / One-North,Admin / Secretarial,24,2300.0,0.041666666666666664,1.625,24.7,Low
Temp Account Assistant / Central / 4 Months Contract / $10 Per Hour,Accounting / Auditing / Taxation,32,1700.0,0.0,0.75,24.4,Low
Temp Account Assistant / Central / 6 Months Contract / $10 Per Hour,Accounting / Auditing / Taxation,32,1700.0,0.375,22.59375,22.7,Low
Temp Account Assistant / Central / Asap ~ Dec / $10 Per Hour,Accounting / Auditing / Taxation,30,1700.0,0.0,1.9666666666666666,23.9,Low
Temp Accounts Assistant (Ap) / Entry Level,Accounting / Auditing / Taxation,73,1700.0,0.0684931506849315,2.0,29.5,Low
Temp Accounts Assistant (Entry Level) Mnc,Accounting / Auditing / Taxation,31,1700.0,0.03225806451612903,1.3225806451612903,24.0,Low
Temp Admin Assistant (Audit) / 3 - 6 Months Contract,Accounting / Auditing / Taxation,35,2200.0,0.3142857142857143,5.142857142857143,25.7,Low
Temp Admin Assistant (No Need Experience) / 3-6 Months,Accounting / Auditing / Taxation,419,1250.0,0.36992840095465396,6.062052505966587,40.4,Low
Temp Admin Assistant (No Need Experience) / East / 3 Months,Accounting / Auditing / Taxation,24,1900.0,1.75,19.041666666666668,18.8,Medium
Temp Admin Assistant (No Need Experience) / Office Hours / $100 Per Day / 6 Months / West,Accounting / Auditing / Taxation,90,1250.0,0.5777777777777777,8.344444444444445,28.0,Low
"Temp Admin Assistant / 3 Months Contract / West / Up To $2,100 Per Month",Admin / Secretarial,40,2050.0,0.025,1.0,26.3,Low
Temp Admin Assistant / 4 Months Contract / Central,Admin / Secretarial,27,1950.0,0.037037037037037035,3.259259259259259,24.9,Low
Temp Admin Assistant / Global Mnc / 6 Months Contract / East,Admin / Secretarial,61,2350.0,0.13114754098360656,1.9836065573770492,29.2,Low
Temp Admin Assistant Ii North Ii 6 Month Ii $11.50/Hr,Admin / Secretarial,38,1975.0,0.07894736842105263,2.236842105263158,28.7,Low
Temp Admin/Customer Service Ii Mon To Fri Office Hours Ii $11.50 Per Hour,Admin / Secretarial,44,1975.0,0.045454545454545456,2.3181818181818183,33.2,Low
Temp Call Centre Agents Ii $11.50 Per Hour Ii Mon To Fri Office Hours,Customer Service,34,1975.0,0.058823529411764705,1.5588235294117647,30.8,Low
Temp Customer Service (Bishan) Ii $11.50 Per Hour Ii Office Hours #Immediatehire,Customer Service,29,1975.0,0.06896551724137931,1.5172413793103448,28.4,Low
Temp Customer Service (Jurong East) Ii Mon To Fri Office Hours Ii $11.50 Per Hour,Customer Service,37,1975.0,0.0,1.4864864864864864,30.3,Low
Temp Customer Service (Tampines) Ii $11.50 Per Hour Ii Mon To Fri Office Hours,Customer Service,44,1950.0,0.13636363636363635,1.5454545454545454,31.7,Low
Temp Customer Service (Woodlands Central) Ii Mon To Fri Office Hours Ii $11.50 Per Hour,Customer Service,37,1975.0,0.10810810810810811,1.837837837837838,29.8,Low
Temp Customer Service Officer Ii Mon To Fri Office Hours Ii Tanjong Pagar Ii $11.50 Per Hour,Customer Service,24,1975.0,0.041666666666666664,0.5,27.3,Low
Temp Customer Service Officer Ii Mon-Fri Office Hours Ii Maxwell Road Ii $11.50 Per Hour,Customer Service,23,1975.0,0.08695652173913043,0.9565217391304348,26.8,Low
Temp Customer Service Officer Ii Mon-Fri Office Hours Ii Tanjong Pagar Ii $11.50 Per Hour,Customer Service,26,1975.0,0.0,1.3846153846153846,28.0,Low
Temp Customer Service X 30 Ii Mon To Fri Office Hours Ii Islandwide Positions,Customer Service,34,1975.0,0.058823529411764705,2.0,31.4,Low
Temp Finance Assistant / Central / Luxury Retail,Accounting / Auditing / Taxation,48,2400.0,0.625,23.270833333333332,25.8,Low
Temp Hr Assistant Ii North Ii $11.50 Per Hour,Admin / Secretarial,55,1975.0,0.07272727272727272,4.4363636363636365,29.4,Low
Temp Internal Audit Assistant / 6 Months Contract,Accounting / Auditing / Taxation,30,2150.0,0.06666666666666667,2.1333333333333333,25.8,Low
"Temporary Admin Assistant (Central, $7/Hour)",Admin / Secretarial,131,2150.0,0.4351145038167939,13.488549618320612,32.7,Low
Tender Cum Business Development Manager (M&E/Acmv),Engineering,39,5250.0,0.358974358974359,10.435897435897436,30.6,Low
Tender Manager (Building Construction),Building and Construction,21,6250.0,0.047619047619047616,3.619047619047619,29.8,Low
Test Analyst,Information Technology,30,5125.0,1.6333333333333333,27.766666666666666,26.9,Medium
Test Engineer,Engineering,86,4000.0,5.1976744186046515,66.81395348837209,26.4,High
Test Engineer,Information Technology,75,5750.0,5.253333333333333,62.70666666666666,29.4,High
"Test Engineer (Manufacturing/ Electronics, West)",Engineering,30,3000.0,0.6333333333333333,21.333333333333332,25.1,Low
Test Manager,Information Technology,40,9625.0,2.225,25.4,35.6,Medium
Test Program Manager,Information Technology,21,10250.0,1.1428571428571428,13.571428571428571,34.8,Medium
Tester,Information Technology,26,7500.0,3.6153846153846154,45.65384615384615,27.4,Medium
Testing Engineer,Engineering,22,3850.0,2.409090909090909,39.22727272727273,20.2,Medium
Thai Chef,F&B,28,4375.0,0.10714285714285714,5.857142857142857,29.0,Low
Thai Cuisine Chef,F&B,35,4300.0,0.0,4.571428571428571,31.8,Low
Thai Head Chef,F&B,21,4150.0,0.0,18.571428571428573,26.3,Low
Therapist,Customer Service,31,4000.0,0.12903225806451613,5.709677419354839,30.2,Low
Therapy Aide,Healthcare / Pharmaceutical,147,4000.0,0.4897959183673469,11.53061224489796,39.5,Low
Therapy Aide,Personal Care / Beauty,107,4000.0,0.3925233644859813,6.429906542056075,37.1,Low
Therapy Assistant,Healthcare / Pharmaceutical,74,2150.0,4.243243243243243,51.5945945945946,24.5,Medium
Therapy Assistant,Medical / Therapy Services,54,2300.0,1.0740740740740742,14.425925925925926,27.8,Medium
Therapy Assistant - Senior Care Centre ( Office Hour ),Environment / Health,25,1950.0,1.12,18.84,19.2,Medium
Tig Welder (Changi),General Work,25,1400.0,0.0,31.84,22.2,Low
Tiler,Building and Construction,109,4000.0,0.009174311926605505,8.44954128440367,39.1,Low
Tipper Truck Driver,Building and Construction,48,3700.0,0.7916666666666666,27.625,33.3,Low
Tow Truck Driver,Customer Service,36,2775.0,0.027777777777777776,2.0,30.1,Low
Tow Truck Driver (Experienced),Customer Service,41,3350.0,0.04878048780487805,4.951219512195122,32.0,Low
Tower Crane Operator,Building and Construction,73,3500.0,4.1506849315068495,37.28767123287671,26.2,Medium
Trade Finance (Letter Of Credit) / Oil & Gas Mnc,Accounting / Auditing / Taxation,46,4750.0,1.173913043478261,14.130434782608695,28.3,Medium
Trade Finance Executive (Letter Of Credit) Oil & Gas Mnc,Accounting / Auditing / Taxation,36,4750.0,0.2777777777777778,1.8333333333333333,29.5,Low
Trade Operations Specialist #65753,Logistics / Supply Chain,46,5000.0,0.6521739130434783,9.58695652173913,32.4,Low
Trade Operations Specialist #65953,Logistics / Supply Chain,32,7925.0,0.65625,13.46875,35.4,Low
"Trade Support Assistant (Oil Trading, Up To $3,500)",Admin / Secretarial,25,2900.0,0.72,13.28,22.1,Low
Trader,Banking and Finance,34,12500.0,41.794117647058826,347.4117647058824,26.0,High
Trader,Others,26,9000.0,15.653846153846153,135.96153846153845,22.5,High
Trader (Lng) Oil & Gas Mnc,Accounting / Auditing / Taxation,70,20000.0,0.3,1.9714285714285715,62.2,Low
Traffic Controller,Logistics / Supply Chain,41,3500.0,2.5121951219512195,40.48780487804878,23.5,Medium
Traffic Controller #66176,Logistics / Supply Chain,21,3350.0,0.2857142857142857,6.523809523809524,25.5,Low
Traffic/Highway Engineer (Lta Projects),Building and Construction,29,4500.0,0.4827586206896552,17.655172413793103,26.8,Low
Trailer Truck Driver,Building and Construction,38,3400.0,0.07894736842105263,6.605263157894737,30.8,Low
Trailer Truck Driver,Logistics / Supply Chain,48,3937.5,0.1875,16.770833333333332,32.9,Low
Trailer-Truck Driver,Logistics / Supply Chain,22,4650.0,0.045454545454545456,9.5,29.3,Low
Trained Teacher (Special Education),Education and Training,29,4150.0,0.06896551724137931,1.3793103448275863,30.0,Low
Trainee Broker,Banking and Finance,23,4250.0,7.478260869565218,37.91304347826087,16.5,High
Trainee Infant Educator,Education and Training,22,2000.0,0.045454545454545456,3.1818181818181817,23.1,Low
Trainee Manager,F&B,43,2950.0,0.0,1.813953488372093,36.0,Low
Trainer,Education and Training,33,4000.0,3.0303030303030303,33.63636363636363,22.1,Medium
Trainer,Personal Care / Beauty,38,4500.0,1.368421052631579,17.473684210526315,26.1,Medium
Training Administrator,Admin / Secretarial,24,2800.0,1.4166666666666667,19.541666666666668,20.0,Medium
Training Executive,Admin / Secretarial,25,2850.0,1.24,15.12,21.1,Medium
Training Executive,Education and Training,31,3300.0,1.4516129032258065,15.290322580645162,23.1,Medium
Transfer Pricing Manager (Hybrid Work Arrangement) #64813,Accounting / Auditing / Taxation,36,8000.0,0.05555555555555555,6.305555555555555,38.7,Low
"Transport Operation Executive (Engineering Mnc, West)",Engineering,21,4400.0,0.3333333333333333,3.0476190476190474,25.1,Low
Transport Operation Executive / West / Engineering Mnc,Engineering,26,4400.0,0.2692307692307692,2.3461538461538463,26.8,Low
"Travel Consultant (Airlines, Changi Airport)",Customer Service,37,3750.0,0.5945945945945946,6.891891891891892,26.6,Low
Treasury Executive (Letter Of Credit) / Oil & Gas Mnc,Accounting / Auditing / Taxation,21,4500.0,0.5238095238095238,3.2857142857142856,24.6,Low
Treasury Manager,Accounting / Auditing / Taxation,26,8625.0,7.115384615384615,61.80769230769231,25.0,High
Treasury Manager / Fmcg (1 Year Contract),Banking and Finance,39,7250.0,0.15384615384615385,1.4615384615384615,35.2,Low
"Treasury, Assistant Vice President (Investment) Sgx Listed",Accounting / Auditing / Taxation,39,14500.0,0.28205128205128205,1.4102564102564104,48.2,Low
Trench Cutter Machine Operator (Bc Operator),Building and Construction,29,9500.0,0.10344827586206896,11.724137931034482,40.8,Low
Truck Driver,Building and Construction,73,3850.0,0.2054794520547945,10.767123287671232,34.7,Low
Truck Driver,General Work,31,3500.0,0.03225806451612903,3.903225806451613,28.9,Low
Truck Driver,Logistics / Supply Chain,81,3900.0,0.35802469135802467,15.962962962962964,34.9,Low
Truck Driver,Manufacturing,32,3900.0,0.125,14.1875,29.8,Low
Truck Driver,Others,88,4000.0,0.14772727272727273,10.977272727272727,36.5,Low
"Truck Driver (6 Days, Class 4/5)",Building and Construction,24,2750.0,0.0,1.875,24.4,Low
Tuition Coordinator (Immediate Hiring),Admin / Secretarial,29,3000.0,1.0,15.03448275862069,25.1,Low
Tuition Coordinator - Admin Support & Sales,Admin / Secretarial,604,3100.0,0.27980132450331124,3.937086092715232,48.1,Low
Tunnel Engineer,Building and Construction,31,5500.0,0.3548387096774194,14.193548387096774,30.2,Low
Uat Tester,Information Technology,32,4250.0,6.34375,60.46875,20.7,High
Ui/Ux Designer,Design,72,4500.0,26.38888888888889,167.98611111111111,18.2,High
Ui/Ux Designer,Information Technology,31,5000.0,11.838709677419354,80.29032258064517,18.6,High
Ui/Ux Intern,Information Technology,55,1250.0,0.8727272727272727,10.054545454545455,26.5,Low
Unix Engineer,Information Technology,32,6375.0,0.5,16.28125,32.7,Low
Untrained Teacher (Special Education),Education and Training,33,2750.0,0.030303030303030304,1.8181818181818181,28.5,Low
"Urgent: System Analyst (Java/Javascript/Angular/Unix, Contract)",Information Technology,23,4750.0,0.782608695652174,31.304347826086957,24.8,Low
User Experience (Ux) Engineer,Information Technology,26,7750.0,0.7307692307692307,6.884615384615385,34.0,Low
Utilities Engineer,Building and Construction,33,4500.0,1.2121212121212122,20.060606060606062,25.6,Medium
Utility Engineer,Building and Construction,43,5000.0,0.8837209302325582,13.720930232558139,29.6,Low
Utility Engineer (Construction),Engineering,30,4750.0,0.0,1.3666666666666667,29.6,Low
Utility Engineer (Lta Project),Building and Construction,90,5500.0,0.3888888888888889,10.966666666666667,36.5,Low
"Utility Supervisor (Res, Lta Project, 6 Days)",Building and Construction,32,3500.0,0.09375,6.03125,27.2,Low
Ux Designer,Information Technology,28,6500.0,12.571428571428571,67.78571428571429,20.7,High
"Van Sales Associate (6 Days, Class 3, Fmcg Trade)",F&B,27,1350.0,0.0,7.888888888888889,22.6,Low
Vansale,Others,20,4675.0,1.25,17.25,24.3,Medium
Vehicle Mechanic (Forklift/Prime Mover/Trailer) #65223,Repair and Maintenance,40,2400.0,0.0,1.8,29.3,Low
Veterinarian,Healthcare / Pharmaceutical,31,7000.0,0.0,21.35483870967742,35.9,Low
Veterinary Technician,Healthcare / Pharmaceutical,22,3900.0,2.5454545454545454,55.72727272727273,22.1,Medium
"Vice President, Cybersecurity",Consulting,22,14000.0,0.6363636363636364,10.681818181818182,42.2,Low
Vice Principal,Education and Training,24,5800.0,1.75,16.875,25.8,Medium
Video Editor,Advertising / Media,79,3150.0,11.0,122.72151898734177,20.5,High
Video Producer,Advertising / Media,22,3200.0,3.6363636363636362,39.72727272727273,17.2,Medium
Videographer,Advertising / Media,86,2750.0,2.13953488372093,25.151162790697676,27.6,Medium
Violin Teacher,Education and Training,22,4200.0,0.09090909090909091,8.636363636363637,28.4,Low
Vocal Teacher,Education and Training,25,3300.0,0.92,23.76,25.0,Low
Vocational Coach,Education and Training,20,3400.0,0.5,11.95,24.1,Low
Volunteer Executive,Social Services,24,3150.0,9.416666666666666,80.0,13.7,High
Vp Of Product,Building and Construction,21,19000.0,0.7619047619047619,7.333333333333333,50.8,Low
Waiter,Customer Service,23,4000.0,0.2608695652173913,22.391304347826086,27.0,Low
Waiter,F&B,47,2900.0,0.02127659574468085,13.127659574468085,30.1,Low
Waiter / Waitress,F&B,165,2000.0,0.1696969696969697,32.28484848484848,36.4,Low
Waiter/Waitress,Customer Service,29,2500.0,0.10344827586206896,31.103448275862068,26.9,Low
Waiter/Waitress,F&B,100,3000.0,0.31,45.68,37.3,Low
Waiters & Waitresses Wanted @ East Coast Road,F&B,44,2200.0,0.022727272727272728,3.227272727272727,29.4,Low
Waitress,F&B,37,3000.0,0.08108108108108109,8.756756756756756,28.9,Low
Waitress / Waiter,Customer Service,28,1850.0,0.0,4.107142857142857,25.9,Low
Wall Tiler,Building and Construction,20,3975.0,0.0,3.25,28.5,Low
Warehouse & Logistics Assistant #65837,Logistics / Supply Chain,45,2550.0,0.1111111111111111,7.4,29.8,Low
Warehouse Admin,Admin / Secretarial,33,2100.0,1.3333333333333333,32.24242424242424,22.0,Medium
Warehouse Admin Assistant #65932,Logistics / Supply Chain,38,2250.0,0.10526315789473684,7.2105263157894735,28.1,Low
Warehouse Assistant,Admin / Secretarial,36,2350.0,2.6666666666666665,61.19444444444444,20.5,Medium
Warehouse Assistant,Customer Service,74,3300.0,3.608108108108108,69.0945945945946,26.0,Medium
Warehouse Assistant,F&B,31,2150.0,0.9032258064516129,41.61290322580645,22.9,Low
Warehouse Assistant,General Work,306,2150.0,1.4542483660130718,53.40196078431372,37.2,Medium
Warehouse Assistant,Logistics / Supply Chain,675,2050.0,1.5822222222222222,53.59703703703704,42.7,Medium
Warehouse Assistant,Manufacturing,24,2000.0,3.3333333333333335,95.0,16.2,Medium
Warehouse Assistant,Others,72,2050.0,1.3472222222222223,39.888888888888886,27.1,Medium
Warehouse Assistant,Wholesale Trade,63,2000.0,3.1746031746031744,105.6984126984127,22.9,Medium
Warehouse Assistant #56976,Logistics / Supply Chain,34,2250.0,0.11764705882352941,5.9411764705882355,27.3,Low
Warehouse Assistant #65170,Logistics / Supply Chain,46,2350.0,0.043478260869565216,4.6521739130434785,29.9,Low
Warehouse Assistant #65221,Logistics / Supply Chain,27,2050.0,0.037037037037037035,3.259259259259259,25.8,Low
Warehouse Assistant #65225,Logistics / Supply Chain,22,2100.0,0.09090909090909091,3.227272727272727,24.3,Low
Warehouse Assistant #65606,Logistics / Supply Chain,56,1450.0,0.05357142857142857,4.660714285714286,29.5,Low
Warehouse Assistant #65625,Logistics / Supply Chain,25,2650.0,0.04,4.52,26.4,Low
Warehouse Assistant #65677,Logistics / Supply Chain,36,2050.0,0.027777777777777776,5.972222222222222,27.8,Low
Warehouse Assistant #65892,Logistics / Supply Chain,20,1900.0,0.15,7.15,23.0,Low
Warehouse Assistant #66029,Logistics / Supply Chain,22,2500.0,0.13636363636363635,5.954545454545454,24.8,Low
Warehouse Assistant (1 Year Renewable Contract) Logistics Mnc,Logistics / Supply Chain,38,2250.0,0.02631578947368421,2.9473684210526314,26.4,Low
Warehouse Assistant (5 Days) #65641,Logistics / Supply Chain,26,1800.0,0.0,4.884615384615385,25.3,Low
Warehouse Assistant (Aws/ Ot Pay) #66200,Logistics / Supply Chain,20,2500.0,0.05,7.25,24.6,Low
Warehouse Assistant (Forklift Driver) #60000,Logistics / Supply Chain,20,2650.0,0.35,21.2,23.6,Low
Warehouse Assistant (Forklift) / Global Mnc / West,Logistics / Supply Chain,36,2850.0,0.05555555555555555,1.75,27.0,Low
"Warehouse Assistant (Forklift, Semiconductor)",Manufacturing,39,1900.0,0.15384615384615385,5.923076923076923,25.7,Low
"Warehouse Assistant (Forklift, West, Up To $1,900)",General Management,40,1850.0,0.0,1.625,26.1,Low
Warehouse Assistant (Mnc) East,Logistics / Supply Chain,28,2250.0,0.03571428571428571,1.4285714285714286,24.3,Low
Warehouse Assistant (No Forklift License Required) #65800,Logistics / Supply Chain,39,1900.0,0.07692307692307693,5.230769230769231,27.8,Low
"Warehouse Assistant (North, Forklift, 6 Days)",Manufacturing,86,1900.0,0.011627906976744186,3.3372093023255816,31.2,Low
Warehouse Assistant (Rotating Shift),General Work,29,1750.0,0.0,0.3793103448275862,23.8,Low
Warehouse Assistant (Tally Clerk) #64864,Logistics / Supply Chain,31,2500.0,0.0967741935483871,14.161290322580646,27.3,Low
"Warehouse Assistant (Tuas, 5 Days, Up To $2,200)",General Work,20,2100.0,0.0,8.3,22.0,Low
"Warehouse Assistant (West, Forklift)",Engineering,132,2050.0,0.12878787878787878,7.4393939393939394,33.8,Low
Warehouse Assistant / Logistic Officer /Warehouse Supervisor X3 ( Junior / Entry Level /Senior X3 ),Customer Service,35,3300.0,3.142857142857143,48.42857142857143,21.7,Medium
Warehouse Assistant / Logistic Officer/ Senior Warehouse,Customer Service,29,3300.0,5.137931034482759,60.241379310344826,18.3,High
Warehouse Assistant / Logistic Specialist / Junior / Senior,Customer Service,63,3300.0,2.984126984126984,46.111111111111114,25.8,Medium
Warehouse Assistant / Warehouse Supervisor /Logistic Officer( Junior / Entry Level /Senior X3 ),Customer Service,23,3300.0,4.956521739130435,53.65217391304348,17.0,Medium
Warehouse Assistant Cum Driver,Logistics / Supply Chain,22,2275.0,1.0454545454545454,32.36363636363637,20.5,Medium
Warehouse Assistant Cum Forklift Operator #64859,Logistics / Supply Chain,52,2000.0,0.1346153846153846,11.76923076923077,29.6,Low
Warehouse Assistant 货仓助理,Logistics / Supply Chain,21,2100.0,0.47619047619047616,26.095238095238095,23.0,Low
Warehouse Assistant/ Senior Warehouse Officer / Logistic Supervisor ( Junior / Entry Level /Senior X3 ),Customer Service,30,3300.0,2.8,41.5,21.1,Medium
"Warehouse Assistant/Storekeeper / Logistic Warehouse Supervisor / Logistic Specialist / Supervisor / Senior Welcome Apply ( X 10 Opening - West / Central , East )",Customer Service,20,3300.0,8.3,86.55,13.7,High
Warehouse Associate,Logistics / Supply Chain,23,2250.0,0.6086956521739131,16.391304347826086,21.7,Low
Warehouse Coordinator,Logistics / Supply Chain,51,2250.0,0.8235294117647058,22.215686274509803,25.9,Low
Warehouse Coordinator #65645,Logistics / Supply Chain,20,2200.0,0.0,2.9,24.3,Low
"Warehouse Coordinator / Executive (Shipping / Inventory, Up To $2260 , West)",General Work,23,2030.0,0.0,1.9130434782608696,22.8,Low
Warehouse Coordinator / Warehouse Logistic / Senior Supervisor ( Junior / Entry Level /Senior X3 ),Customer Service,24,3300.0,7.291666666666667,53.333333333333336,15.5,High
Warehouse Cum Delivery Assistance,Logistics / Supply Chain,74,2300.0,0.22972972972972974,8.41891891891892,29.9,Low
Warehouse Executive,Customer Service,26,3900.0,1.0,14.807692307692308,25.6,Low
Warehouse Executive,General Work,20,2800.0,1.15,18.65,22.4,Medium
Warehouse Executive,Logistics / Supply Chain,75,3000.0,1.8666666666666667,27.44,29.0,Medium
Warehouse Executive,Wholesale Trade,29,3300.0,1.9310344827586208,25.517241379310345,22.4,Medium
Warehouse Fulfilment Executive (Full-Time),Logistics / Supply Chain,35,1800.0,0.08571428571428572,2.3142857142857145,24.7,Low
Warehouse Manager,Logistics / Supply Chain,83,5250.0,10.903614457831326,77.51807228915662,24.4,High
Warehouse Manager (3Pl) Transportation,Logistics / Supply Chain,36,4500.0,0.2777777777777778,1.7222222222222223,29.0,Low
Warehouse Manager (5 Days) #65679,Logistics / Supply Chain,53,5750.0,1.0566037735849056,11.471698113207546,33.5,Medium
Warehouse Manager (Power Bi) 3Pl Logistics Mnc,Logistics / Supply Chain,57,7600.0,0.6491228070175439,3.824561403508772,36.5,Low
Warehouse Officer/Senior Logistic Officer/Warehouse Supervisor/5Days,Customer Service,31,3300.0,3.806451612903226,44.193548387096776,20.1,Medium
Warehouse Operations Executive,Logistics / Supply Chain,72,2500.0,0.7916666666666666,14.944444444444445,28.6,Low
Warehouse Operations Executive (Forklift License) Shipping Mnc,General Work,31,3500.0,0.0967741935483871,2.096774193548387,27.0,Low
Warehouse Operations Officer (3Pl Logistics Mnc),Customer Service,37,2850.0,0.13513513513513514,2.4324324324324325,26.8,Low
Warehouse Operator,Logistics / Supply Chain,32,2300.0,0.4375,18.21875,24.9,Low
Warehouse Supervisor,Logistics / Supply Chain,234,2875.0,2.1666666666666665,29.9017094017094,34.3,Medium
Warehouse Supervisor,Manufacturing,32,3200.0,3.125,42.65625,20.5,Medium
Warehouse Supervisor #65678,Logistics / Supply Chain,34,2750.0,0.29411764705882354,4.205882352941177,27.5,Low
Warehouse Tally Clerk #65102,Logistics / Supply Chain,39,2250.0,0.07692307692307693,7.384615384615385,28.4,Low
"Waste Water Treatment Engineer (Electronics/ Manufacturing, West)",Engineering,36,4250.0,1.0277777777777777,21.666666666666668,27.5,Medium
Wealth Adviser/Intern,Banking and Finance,47,6500.0,0.0851063829787234,4.319148936170213,35.4,Low
Wealth Manager,Banking and Finance,26,6625.0,2.6153846153846154,34.61538461538461,29.1,Medium
Wealth Planning Executive (Banking) - Code: Gl,Banking and Finance,106,3650.0,0.24528301886792453,10.632075471698114,34.8,Low
Wealth Protection Specialist (Bancassurance) - Code: Gl,Banking and Finance,46,4500.0,0.021739130434782608,2.3043478260869565,31.8,Low
Web Application Developer #43393,Information Technology,20,5000.0,1.15,20.5,25.5,Medium
Web Designer Cum Developer And It,Information Technology,29,3000.0,0.20689655172413793,4.206896551724138,25.1,Low
Web Developer,Information Technology,40,4000.0,9.6,136.3,18.8,High
Web Developer & Full-Stack Coding Intern,Information Technology,443,1100.0,0.15124153498871332,4.62979683972912,41.4,Low
Web Developer Intern,Information Technology,60,1100.0,0.16666666666666666,3.8666666666666667,27.9,Low
Welder,Building and Construction,98,3400.0,0.1326530612244898,29.76530612244898,37.4,Low
Welder,Engineering,44,2975.0,0.18181818181818182,52.63636363636363,30.0,Low
Welder,General Work,25,3800.0,0.16,53.16,27.3,Low
Welder,Manufacturing,57,3750.0,0.2631578947368421,64.19298245614036,32.6,Low
Welder (Hostel Provided) #65282,Manufacturing,27,1350.0,0.0,3.2962962962962963,24.7,Low
Welder/ Welding Technician #65181,Manufacturing,22,2300.0,0.0,5.409090909090909,25.2,Low
Welding Engineer,Engineering,24,4700.0,0.4583333333333333,18.125,26.9,Low
Wheel Loader #65654,General Work,21,3250.0,0.0,3.0476190476190474,26.6,Low
Wholesale Trade Manager,Customer Service,21,7250.0,0.6666666666666666,9.619047619047619,30.3,Low
Wintel Engineer,Information Technology,63,5750.0,0.7619047619047619,13.666666666666666,36.0,Low
Wintel Server Engineer | Yearly Contract | Up To $6500,Information Technology,57,5250.0,0.05263157894736842,1.3157894736842106,34.5,Low
Work From Home- Financial Sales Officer,Professional Services,97,4250.0,0.8969072164948454,30.371134020618555,37.2,Low
Work Safety Engineer (F&B Manufacturing Mnc),Environment / Health,49,6000.0,2.122448979591837,15.204081632653061,29.1,Medium
Workplace Safety & Health Coordinator,Building and Construction,31,3250.0,17.580645161290324,99.64516129032258,12.4,High
Workplace Safety & Health Officer,Building and Construction,40,5525.0,14.85,93.35,19.8,High
Workplace Safety & Health Officer (Wsho),Building and Construction,52,5500.0,8.461538461538462,55.71153846153846,23.9,High
Workplace Safety And Health Coordinator,Building and Construction,54,3250.0,21.685185185185187,118.18518518518519,15.2,High
Workplace Safety And Health Manager,Building and Construction,25,6500.0,4.2,22.24,24.2,Medium
Workplace Safety And Health Officer,Building and Construction,69,5250.0,6.550724637681159,47.333333333333336,26.5,High
Workplace Safety And Health Officer # Changi East,Building and Construction,30,5100.0,0.26666666666666666,3.7666666666666666,31.5,Low
Workplace Safety And Health Officer (Wsho),Building and Construction,23,5750.0,3.130434782608696,23.17391304347826,22.9,Medium
Workplace Safety Health Officer,Building and Construction,29,5250.0,8.482758620689655,53.241379310344826,19.5,High
Workshop Manager,Engineering,21,5750.0,2.8095238095238093,31.047619047619047,23.5,Medium
Workshop Service Technician,Engineering,32,2500.0,0.0,1.46875,26.2,Low
Workshop Supervisor (Part-Time) #66040,General Management,32,1350.0,0.0625,7.84375,25.5,Low
Wsh Coordinator,Building and Construction,147,3500.0,15.108843537414966,69.10204081632654,24.7,High
Wsh Officer,Building and Construction,82,5500.0,5.487804878048781,32.5,29.3,High
Wsho,Building and Construction,44,5525.0,8.568181818181818,53.15909090909091,22.4,High
Wsho Cum Eco,Building and Construction,167,5250.0,2.802395209580838,18.736526946107784,36.5,Medium
Wsho Cum Eco (Maincon),Building and Construction,43,6000.0,0.8604651162790697,6.0,31.0,Low
"Wwtp Engineer (Electronics/ Manufacturing, West)",Engineering,36,4250.0,0.7222222222222222,14.833333333333334,28.3,Low
Zk18 - Infant Educarer Hcic / Acey [Childcare Islandwide],Education and Training,53,2300.0,0.03773584905660377,9.20754716981132,28.6,Low
Zk18 - L1/L2 English Language Childcare Teacher (Islandwide),Education and Training,43,2800.0,0.06976744186046512,11.162790697674419,28.0,Low
Zk18 - Operations Manager (Beauty Industry / $7000 / Commission),Personal Care / Beauty,22,5750.0,0.2727272727272727,19.863636363636363,28.2,Low
Zk18 - Optometrist [Retail],Sales / Retail,26,4350.0,0.0,0.5,30.1,Low
Zk18 - Pre-School Principal- Childcare/Leadership/Ecda/Islandwide,Education and Training,25,3900.0,0.24,21.16,25.7,Low
Zk18 - Qa Manager (Medical Device Industry),Engineering,27,5750.0,0.4444444444444444,17.62962962962963,28.8,Low
Zk18 - Senior Vision Software Engineer (Machine Vision / Halcon),Engineering,27,6000.0,0.8148148148148148,20.59259259259259,28.1,Low
Zk18 - Wedding Band Specialists (Consultant / Wedding Rings),Sales / Retail,34,3100.0,0.058823529411764705,11.029411764705882,27.1,Low
☎️☎️Concierge Customer Service Officer X20☎️☎️(Basic$3000/Shopping Mall/Retail Hours)060,Admin / Secretarial,25,2600.0,0.12,2.76,29.7,Low
⛱ Retail Ops Admin (Somerset) ⛱ Min 6 Months ⛱ Office Hours + Extendable ⛱,Admin / Secretarial,21,2650.0,0.19047619047619047,2.0952380952380953,31.5,Low
✅Sales Executive Consultant✅$3000 Salary + Comm ($6000-$10000 Monthly)✅100% Customers Provided✅,Banking and Finance,49,8000.0,0.2653061224489796,11.081632653061224,40.8,Low
❤️Career Switch Opportunity❤️Relationship Sales Consultant❤️100% Customers Provided❤️$3000 Salary + Comms ($6000-$10000 Income Monthly)❤️No Relevant Experience Required❤️,Admin / Secretarial,23,8000.0,0.34782608695652173,7.956521739130435,35.5,Low
❤️Career Switch Opportunity❤️Sales Personnel❤️100% Customers Provided❤️$3000 Salary + Comms ($6000-$10000 Income Monthly)❤️,Banking and Finance,26,8000.0,0.15384615384615385,6.346153846153846,37.1,Low
❤️Career Switch Opportunity❤️Sales Personnel❤️100% Customers Provided❤️$3000 Salary + Comms ($6000-$10000 Monthly)❤️No Relevant Experience Required❤️,Banking and Finance,20,8000.0,0.35,9.35,34.5,Low
❤️Career Switch❤️Sales Personnel❤️100% Customers Provided❤️Client Relationship Marketing❤️50% Work From Home Flexible System❤️,Admin / Secretarial,49,8000.0,0.7755102040816326,30.122448979591837,39.0,Low
❤️Relationship Sales Consultant❤️100% Customers Provided❤️$3000 Salary + Comms ($6000-$10000 Income Monthly)❤️No Relevant Experience Required❤️,Banking and Finance,20,8000.0,0.2,6.45,35.2,Low
❤️Sales Consultant❤️100% Customers Provided❤️Client Relationship Marketing❤️50% Work From Home Flexible System❤️,Banking and Finance,25,8000.0,0.72,24.84,34.7,Low
❤️Sales Executive Consultant❤️$3000 Salary + Comm ($6000-$10000 Monthly)❤️100% Customers Provided❤️50% Work From Home❤️,Banking and Finance,27,8000.0,0.2962962962962963,6.777777777777778,36.7,Low
❤️Sales Executive Consultant❤️100% Customers Provided❤️Client Relationship Marketing❤️50% Work From Home Flexible System❤️,Banking and Finance,20,8000.0,0.25,4.95,34.9,Low
❤️Sales Personnel❤️100% Customers Provided❤️$3000 Salary + Comms ($6000-$10000 Income Monthly)❤️,Banking and Finance,43,8000.0,0.13953488372093023,6.186046511627907,40.5,Low
❤️Sales Personnel❤️100% Customers Provided❤️Client Relationship Marketing❤️$3000 Salary + Comm ($6000-$10000 Income Monthly)❤️,Banking and Finance,23,8000.0,0.2608695652173913,7.173913043478261,35.8,Low
❤️Sales Personnel❤️100% Customers Provided❤️Client Relationship Marketing❤️50% Work From Home Flexible System❤️,Banking and Finance,133,8000.0,0.556390977443609,16.541353383458645,46.4,Low
❤️Sales Personnel❤️100% Customers Provided❤️Client Relationship Marketing❤️50% Work From Home Flexible System❤️$3000 Salary + Comm❤️,Banking and Finance,36,8000.0,0.6666666666666666,16.52777777777778,37.3,Low
高级拉面师,F&B,40,3500.0,0.0,5.4,29.2,Low
🌈 Retail Assistant @ Island-Wide 💙 Min 2 Months 🌈 No Exp + Quick Hire 💙,Admin / Secretarial,42,1750.0,0.023809523809523808,1.7857142857142858,30.6,Low
🌈 Sports Retail Assistant @ Islandwide 🏓 Min 2 Months 🌈 No Exp + Quick Hire 🏓,Admin / Secretarial,20,1750.0,0.05,1.05,25.6,Low
💻 Admin Assistant @ Boon Lay 💻 Min 3 Months 💻 Global Mnc + Resume Boost 💻,Admin / Secretarial,31,1750.0,0.16129032258064516,2.806451612903226,28.0,Low
